property_id,city,locality,locality_tier,area_type,total_sqft,bhk,bath,balcony,age_years,distance_to_center_km,furnishing,facing,parking_spaces,rera_approved,nearby_schools,nearby_hospitals,price
P00001,Mumbai,Mumbai-Mid-7,Mid,Carpet Area,2383.9,4,4,4,18,12.86,Unfurnished,South,2,1,2,3,25187000.0
P00002,Pune,Pune-Premium-4,Premium,Carpet Area,1472.6,3,2,2,4,2.13,Semi-Furnished,North-East,0,1,2,0,17238000.0
P00003,Pune,Pune-Mid-2,Mid,Built-up Area,1521.7,3,4,1,1,6.89,Unfurnished,West,2,1,0,3,8286000.0
P00004,Pune,Pune-Mid-6,Mid,Plot Area,2281.3,4,5,1,5,6.4,Semi-Furnished,North-East,1,1,1,3,12971000.0
P00005,Pune,Pune-Mid-4,Mid,Plot Area,1287.2,2,2,1,21,12.65,Semi-Furnished,North-East,0,1,2,1,6337000.0
P00006,Hyderabad,Hyderabad-Mid-2,Mid,Built-up Area,1782.2,4,5,1,22,11.62,Semi-Furnished,East,1,0,1,0,8103000.0
P00007,Delhi,Delhi-Premium-1,Premium,Super built-up Area,1738.7,3,4,2,23,4.18,Unfurnished,North-East,1,1,5,0,21894000.0
P00008,Delhi,Delhi-Emerging-1,Emerging,Carpet Area,1887.6,4,5,4,6,23.47,Unfurnished,East,2,1,4,0,9537000.0
P00009,Chennai,Chennai-Mid-3,Mid,Built-up Area,873.0,2,2,2,16,11.27,Unfurnished,North-East,1,1,1,1,4060000.0
P00010,Bengaluru,Bengaluru-Premium-3,Premium,Plot Area,416.5,1,1,1,24,2.08,Fully Furnished,East,1,0,0,0,3460000.0
P00011,Bengaluru,Bengaluru-Mid-4,Mid,Built-up Area,1755.4,4,5,1,23,10.21,Fully Furnished,North,2,1,1,2,8265000.0
P00012,Bengaluru,Bengaluru-Mid-1,Mid,Super built-up Area,1251.0,2,3,2,8,14.16,Semi-Furnished,West,1,0,2,3,5994000.0
P00013,Hyderabad,Hyderabad-Emerging-3,Emerging,Super built-up Area,1072.5,2,3,2,4,12.72,Fully Furnished,North,2,0,1,3,3426000.0
P00014,Mumbai,Mumbai-Mid-5,Mid,Plot Area,1617.8,3,4,0,18,7.62,Unfurnished,North,2,1,4,0,24315000.0
P00015,Delhi,Delhi-Emerging-5,Emerging,Plot Area,995.4,2,1,2,12,14.3,Unfurnished,North,2,1,1,2,4626000.0
P00016,Hyderabad,Hyderabad-Mid-6,Mid,Super built-up Area,1101.5,2,1,2,20,6.24,Unfurnished,North,1,1,1,3,6181000.0
P00017,Pune,Pune-Emerging-3,Emerging,Super built-up Area,580.0,1,2,0,18,18.71,Fully Furnished,North-East,2,1,3,3,2079000.0
P00018,Hyderabad,Hyderabad-Premium-1,Premium,Plot Area,1861.8,4,4,2,19,5.21,Unfurnished,South-East,1,1,5,3,14408000.0
P00019,Bengaluru,Bengaluru-Premium-4,Premium,Super built-up Area,1034.7,2,3,0,22,3.57,Unfurnished,South-East,0,0,3,0,8438000.0
P00020,Mumbai,Mumbai-Premium-3,Premium,Super built-up Area,515.0,1,1,0,20,3.55,Unfurnished,South-East,1,0,4,3,12042000.0
P00021,Pune,Pune-Premium-1,Premium,Super built-up Area,1529.3,2,3,1,7,2.24,Fully Furnished,North,0,0,4,0,14277000.0
P00022,Hyderabad,Hyderabad-Emerging-7,Emerging,Carpet Area,2577.2,5,5,3,15,14.15,Fully Furnished,South-East,1,1,4,2,7881000.0
P00023,Bengaluru,Bengaluru-Premium-3,Premium,Built-up Area,1832.4,3,3,1,12,1.96,Unfurnished,North-East,2,0,5,1,16323000.0
P00024,Chennai,Chennai-Mid-3,Mid,Plot Area,2390.2,4,4,2,19,7.88,Semi-Furnished,West,2,1,5,2,11193000.0
P00025,Pune,Pune-Emerging-1,Emerging,Carpet Area,420.2,1,2,1,4,21.5,Fully Furnished,North,0,1,0,0,1432000.0
P00026,Pune,Pune-Premium-5,Premium,Carpet Area,1658.6,3,4,2,18,4.8,Fully Furnished,South-East,0,1,4,0,11836000.0
P00027,Delhi,Delhi-Mid-6,Mid,Carpet Area,1909.4,3,4,3,20,7.71,Unfurnished,South-East,0,0,3,1,15297000.0
P00028,Chennai,Chennai-Emerging-4,Emerging,Built-up Area,1464.8,3,3,1,3,27.79,Unfurnished,South,2,1,0,0,4927000.0
P00029,Delhi,Delhi-Mid-5,Mid,Built-up Area,558.6,1,1,0,24,9.42,Semi-Furnished,West,0,0,0,3,4135000.0
P00030,Chennai,Chennai-Emerging-3,Emerging,Super built-up Area,606.7,1,2,1,21,15.85,Unfurnished,North,2,1,5,0,1286000.0
P00031,Mumbai,Mumbai-Premium-1,Premium,Super built-up Area,1249.9,3,2,3,6,4.81,Semi-Furnished,North-East,2,1,2,0,37554000.0
P00032,Mumbai,Mumbai-Mid-1,Mid,Plot Area,1621.9,3,3,0,20,6.93,Fully Furnished,North-East,1,1,0,2,21596000.0
P00033,Mumbai,Mumbai-Emerging-1,Emerging,Carpet Area,1836.5,3,4,0,9,19.34,Semi-Furnished,East,0,0,3,1,16703000.0
P00034,Delhi,Delhi-Mid-5,Mid,Built-up Area,1940.5,3,3,2,17,9.74,Unfurnished,North,0,1,4,2,14434000.0
P00035,Delhi,Delhi-Mid-6,Mid,Super built-up Area,721.3,2,2,0,23,9.18,Semi-Furnished,East,1,1,3,2,6017000.0
P00036,Pune,Pune-Mid-6,Mid,Built-up Area,1836.8,3,3,2,13,10.13,Fully Furnished,South-East,1,1,1,3,10740000.0
P00037,Bengaluru,Bengaluru-Emerging-3,Emerging,Super built-up Area,1836.9,3,4,3,20,16.49,Unfurnished,North,2,1,2,3,4828000.0
P00038,Chennai,Chennai-Mid-7,Mid,Carpet Area,894.7,2,2,1,12,14.95,Semi-Furnished,North,2,1,5,2,4303000.0
P00039,Delhi,Delhi-Premium-1,Premium,Carpet Area,1769.1,3,3,3,23,3.34,Unfurnished,West,1,1,1,0,27500000.0
P00040,Hyderabad,Hyderabad-Mid-7,Mid,Super built-up Area,985.6,2,1,2,23,7.33,Semi-Furnished,North-East,1,1,1,0,4125000.0
P00041,Hyderabad,Hyderabad-Mid-7,Mid,Built-up Area,1579.6,3,3,0,18,10.4,Semi-Furnished,West,2,0,2,2,7308000.0
P00042,Delhi,Delhi-Mid-8,Mid,Carpet Area,1748.4,4,3,1,24,11.31,Unfurnished,South,0,0,4,1,12167000.0
P00043,Delhi,Delhi-Mid-3,Mid,Carpet Area,517.0,1,1,1,17,11.2,Fully Furnished,West,2,0,3,3,4230000.0
P00044,Delhi,Delhi-Premium-7,Premium,Carpet Area,1317.4,3,4,2,10,5.91,Semi-Furnished,West,1,1,1,0,20812000.0
P00045,Pune,Pune-Mid-7,Mid,Carpet Area,2740.2,5,4,2,1,5.85,Fully Furnished,East,2,1,0,1,18127000.0
P00046,Hyderabad,Hyderabad-Premium-1,Premium,Plot Area,1335.1,3,2,3,18,4.81,Semi-Furnished,South,2,1,5,2,8795000.0
P00047,Bengaluru,Bengaluru-Premium-6,Premium,Carpet Area,1115.9,2,1,0,10,2.09,Semi-Furnished,East,1,1,3,3,12206000.0
P00048,Hyderabad,Hyderabad-Premium-2,Premium,Built-up Area,902.8,2,2,2,15,2.45,Fully Furnished,South-East,2,1,0,1,7167000.0
P00049,Delhi,Delhi-Mid-8,Mid,Super built-up Area,1300.6,2,2,0,13,9.53,Unfurnished,South-East,2,1,3,2,13391000.0
P00050,Hyderabad,Hyderabad-Emerging-3,Emerging,Plot Area,870.4,2,1,1,24,21.45,Unfurnished,South,0,1,2,3,2045000.0
P00051,Mumbai,Mumbai-Mid-3,Mid,Carpet Area,1658.9,3,4,1,23,11.75,Semi-Furnished,East,0,1,1,0,21765000.0
P00052,Delhi,Delhi-Emerging-6,Emerging,Super built-up Area,1648.1,3,4,3,18,12.66,Semi-Furnished,South,1,1,0,0,7076000.0
P00053,Hyderabad,Hyderabad-Mid-1,Mid,Built-up Area,417.3,1,2,0,12,9.17,Fully Furnished,North,0,1,1,1,1908000.0
P00054,Mumbai,Mumbai-Mid-3,Mid,Super built-up Area,1398.9,3,2,1,14,9.8,Unfurnished,South,2,1,2,1,23439000.0
P00055,Hyderabad,Hyderabad-Premium-6,Premium,Super built-up Area,551.7,1,1,0,23,0.19,Unfurnished,North,1,1,4,3,3310000.0
P00056,Delhi,Delhi-Emerging-1,Emerging,Built-up Area,1751.6,3,4,3,7,26.7,Fully Furnished,North,1,0,0,1,9954000.0
P00057,Pune,Pune-Mid-7,Mid,Super built-up Area,1246.1,2,3,0,21,8.46,Semi-Furnished,South-East,2,1,4,1,4854000.0
P00058,Mumbai,Mumbai-Mid-8,Mid,Plot Area,1066.8,2,1,0,19,14.92,Fully Furnished,West,1,1,3,3,10612000.0
P00059,Mumbai,Mumbai-Mid-8,Mid,Built-up Area,1569.0,3,3,2,3,11.64,Semi-Furnished,North,0,0,5,1,28304000.0
P00060,Pune,Pune-Mid-5,Mid,Carpet Area,1237.9,2,3,1,6,14.83,Unfurnished,North,2,1,2,1,6569000.0
P00061,Hyderabad,Hyderabad-Emerging-1,Emerging,Super built-up Area,1155.4,2,2,2,6,15.19,Unfurnished,East,1,1,3,3,4498000.0
P00062,Pune,Pune-Mid-4,Mid,Super built-up Area,1032.3,3,4,2,11,14.04,Unfurnished,North,0,1,2,0,5672000.0
P00063,Bengaluru,Bengaluru-Mid-8,Mid,Plot Area,1635.5,3,3,1,8,10.81,Fully Furnished,West,1,1,2,1,10038000.0
P00064,Delhi,Delhi-Premium-4,Premium,Super built-up Area,1051.8,2,1,2,18,0.59,Unfurnished,East,0,1,2,2,16783000.0
P00065,Mumbai,Mumbai-Mid-4,Mid,Built-up Area,512.8,1,1,1,16,6.11,Semi-Furnished,South,2,0,0,3,6878000.0
P00066,Pune,Pune-Emerging-8,Emerging,Super built-up Area,647.8,1,1,1,10,25.53,Unfurnished,North,0,1,0,3,1928000.0
P00067,Delhi,Delhi-Emerging-5,Emerging,Carpet Area,877.7,2,1,2,0,15.31,Fully Furnished,North-East,0,1,1,3,7273000.0
P00068,Pune,Pune-Mid-2,Mid,Carpet Area,1059.7,2,1,2,14,8.39,Unfurnished,South,0,0,0,3,6306000.0
P00069,Mumbai,Mumbai-Mid-7,Mid,Super built-up Area,1634.1,3,4,1,9,6.26,Fully Furnished,North,0,1,5,0,33487000.0
P00070,Mumbai,Mumbai-Premium-3,Premium,Built-up Area,620.1,1,2,1,1,2.4,Fully Furnished,North,2,1,2,1,18569000.0
P00071,Hyderabad,Hyderabad-Emerging-2,Emerging,Plot Area,1068.3,2,1,2,16,24.01,Fully Furnished,West,1,1,4,0,3448000.0
P00072,Pune,Pune-Mid-8,Mid,Plot Area,626.0,1,1,0,19,8.93,Semi-Furnished,North-East,1,1,3,2,3394000.0
P00073,Mumbai,Mumbai-Emerging-4,Emerging,Super built-up Area,1180.9,2,3,2,14,19.19,Semi-Furnished,South,0,0,4,1,10392000.0
P00074,Chennai,Chennai-Mid-6,Mid,Built-up Area,1841.3,3,4,3,8,11.47,Unfurnished,South,0,1,1,2,8640000.0
P00075,Mumbai,Mumbai-Mid-6,Mid,Carpet Area,537.8,1,1,1,23,7.47,Unfurnished,North-East,0,1,1,2,7488000.0
P00076,Hyderabad,Hyderabad-Premium-8,Premium,Built-up Area,1122.2,3,3,2,18,3.75,Unfurnished,East,2,1,3,1,9159000.0
P00077,Chennai,Chennai-Mid-8,Mid,Plot Area,1269.6,2,1,0,21,9.9,Unfurnished,East,2,0,1,3,5516000.0
P00078,Hyderabad,Hyderabad-Emerging-8,Emerging,Super built-up Area,1823.0,3,3,1,17,22.32,Semi-Furnished,East,1,1,3,3,4300000.0
P00079,Bengaluru,Bengaluru-Premium-7,Premium,Super built-up Area,491.5,1,1,1,5,4.65,Fully Furnished,South,0,1,0,1,4450000.0
P00080,Delhi,Delhi-Emerging-5,Emerging,Built-up Area,2838.4,5,5,4,6,26.16,Fully Furnished,West,0,1,3,2,14550000.0
P00081,Bengaluru,Bengaluru-Mid-5,Mid,Plot Area,1566.1,3,2,0,17,14.77,Unfurnished,South,0,1,4,1,7665000.0
P00082,Bengaluru,Bengaluru-Emerging-7,Emerging,Carpet Area,2667.6,4,3,3,17,19.86,Fully Furnished,South-East,0,1,1,2,8833000.0
P00083,Bengaluru,Bengaluru-Premium-1,Premium,Plot Area,475.9,1,1,0,8,4.94,Fully Furnished,South,2,1,2,3,4194000.0
P00084,Mumbai,Mumbai-Mid-1,Mid,Carpet Area,1667.0,3,2,2,13,9.65,Unfurnished,West,2,1,4,0,20513000.0
P00085,Delhi,Delhi-Premium-2,Premium,Plot Area,2316.7,4,5,0,24,2.69,Fully Furnished,South-East,2,1,3,0,29062000.0
P00086,Delhi,Delhi-Mid-6,Mid,Plot Area,1361.9,3,3,3,9,5.27,Semi-Furnished,West,0,1,1,3,11019000.0
P00087,Mumbai,Mumbai-Mid-7,Mid,Plot Area,1183.6,2,1,0,11,11.77,Unfurnished,West,2,1,4,0,14491000.0
P00088,Hyderabad,Hyderabad-Mid-8,Mid,Plot Area,1633.4,3,3,0,11,6.95,Unfurnished,East,0,1,3,0,10696000.0
P00089,Mumbai,Mumbai-Emerging-2,Emerging,Built-up Area,933.3,2,2,1,8,21.77,Fully Furnished,North-East,0,1,0,0,6608000.0
P00090,Delhi,Delhi-Premium-5,Premium,Carpet Area,2263.2,4,5,2,3,0.27,Fully Furnished,North,1,0,5,0,41749000.0
P00091,Chennai,Chennai-Mid-8,Mid,Plot Area,1106.8,3,4,1,19,6.28,Unfurnished,North-East,2,1,3,1,5118000.0
P00092,Chennai,Chennai-Mid-4,Mid,Built-up Area,1442.6,3,4,1,19,9.51,Semi-Furnished,East,1,1,5,1,6354000.0
P00093,Mumbai,Mumbai-Premium-4,Premium,Plot Area,1265.7,2,3,0,19,4.53,Fully Furnished,South,1,1,5,0,24464000.0
P00094,Pune,Pune-Mid-8,Mid,Plot Area,2001.8,4,4,0,23,10.63,Fully Furnished,South,1,1,2,0,8084000.0
P00095,Pune,Pune-Mid-7,Mid,Super built-up Area,2890.6,4,3,1,16,12.75,Fully Furnished,North,2,0,5,0,14330000.0
P00096,Hyderabad,Hyderabad-Emerging-5,Emerging,Plot Area,729.5,2,2,1,6,27.71,Unfurnished,North,1,1,5,3,2459000.0
P00097,Bengaluru,Bengaluru-Mid-7,Mid,Built-up Area,1381.6,2,3,1,12,11.9,Unfurnished,North-East,1,1,3,1,6526000.0
P00098,Hyderabad,Hyderabad-Premium-5,Premium,Carpet Area,1106.0,2,1,0,12,2.43,Unfurnished,West,1,0,5,2,12077000.0
P00099,Delhi,Delhi-Mid-4,Mid,Super built-up Area,445.9,1,1,1,16,12.06,Unfurnished,South,2,0,5,0,3442000.0
P00100,Bengaluru,Bengaluru-Emerging-1,Emerging,Built-up Area,1009.4,2,3,1,17,19.12,Unfurnished,North-East,0,1,1,3,2103000.0
P00101,Bengaluru,Bengaluru-Emerging-1,Emerging,Carpet Area,1336.2,3,3,3,9,14.03,Semi-Furnished,South-East,2,0,2,2,5522000.0
P00102,Chennai,Chennai-Mid-4,Mid,Super built-up Area,825.3,2,1,0,18,12.8,Semi-Furnished,North,0,1,5,0,3355000.0
P00103,Bengaluru,Bengaluru-Premium-8,Premium,Super built-up Area,1703.5,3,2,0,14,0.92,Semi-Furnished,East,2,1,3,2,13906000.0
P00104,Chennai,Chennai-Emerging-2,Emerging,Super built-up Area,1349.4,3,2,1,2,15.61,Unfurnished,South,2,1,2,0,4509000.0
P00105,Pune,Pune-Mid-3,Mid,Super built-up Area,1903.1,3,4,2,22,14.37,Semi-Furnished,West,1,1,5,1,6907000.0
P00106,Bengaluru,Bengaluru-Mid-8,Mid,Super built-up Area,1512.1,3,4,2,6,11.38,Semi-Furnished,East,2,1,4,0,8788000.0
P00107,Chennai,Chennai-Mid-7,Mid,Plot Area,1995.3,3,2,3,19,8.48,Fully Furnished,North-East,1,1,3,3,10272000.0
P00108,Delhi,Delhi-Emerging-5,Emerging,Super built-up Area,765.6,2,2,0,9,22.03,Unfurnished,West,0,0,4,0,4207000.0
P00109,Bengaluru,Bengaluru-Mid-2,Mid,Super built-up Area,1697.3,3,2,2,20,8.58,Unfurnished,South,0,1,4,2,9006000.0
P00110,Chennai,Chennai-Premium-6,Premium,Built-up Area,1658.5,3,2,3,5,4.92,Unfurnished,South,1,1,4,0,14692000.0
P00111,Hyderabad,Hyderabad-Mid-7,Mid,Built-up Area,1143.8,2,3,0,21,7.36,Semi-Furnished,West,1,0,3,3,5794000.0
P00112,Delhi,Delhi-Emerging-5,Emerging,Super built-up Area,2128.9,4,5,0,17,19.64,Semi-Furnished,North-East,1,0,5,0,9920000.0
P00113,Chennai,Chennai-Emerging-2,Emerging,Built-up Area,1993.3,4,3,4,4,18.43,Fully Furnished,East,1,1,3,1,5806000.0
P00114,Bengaluru,Bengaluru-Premium-2,Premium,Plot Area,481.5,1,1,1,0,1.15,Unfurnished,South-East,2,1,1,2,5315000.0
P00115,Hyderabad,Hyderabad-Premium-7,Premium,Built-up Area,923.6,2,1,1,24,1.52,Unfurnished,North-East,2,1,4,0,7738000.0
P00116,Pune,Pune-Emerging-5,Emerging,Super built-up Area,636.0,1,2,1,19,18.32,Unfurnished,South,0,1,2,1,1611000.0
P00117,Chennai,Chennai-Mid-7,Mid,Carpet Area,1767.9,3,3,1,6,7.46,Unfurnished,East,1,1,1,0,10732000.0
P00118,Delhi,Delhi-Mid-4,Mid,Built-up Area,1574.7,3,3,1,15,7.55,Unfurnished,South-East,0,0,3,1,12052000.0
P00119,Bengaluru,Bengaluru-Premium-1,Premium,Carpet Area,1903.4,3,3,3,15,5.09,Fully Furnished,West,0,1,3,3,16066000.0
P00120,Pune,Pune-Emerging-2,Emerging,Plot Area,1693.6,4,3,4,4,23.92,Unfurnished,South-East,0,1,4,2,5225000.0
P00121,Pune,Pune-Mid-5,Mid,Plot Area,1604.8,3,4,2,7,10.23,Fully Furnished,North,2,0,0,3,8446000.0
P00122,Delhi,Delhi-Mid-3,Mid,Carpet Area,1894.2,3,3,1,15,7.84,Fully Furnished,East,2,1,1,3,19049000.0
P00123,Bengaluru,Bengaluru-Mid-3,Mid,Plot Area,1458.9,3,3,0,22,10.64,Unfurnished,North-East,2,1,5,1,6862000.0
P00124,Delhi,Delhi-Premium-8,Premium,Carpet Area,1529.8,3,2,2,18,1.3,Unfurnished,North-East,0,1,2,3,21898000.0
P00125,Delhi,Delhi-Mid-6,Mid,Plot Area,1821.0,3,2,1,1,7.02,Unfurnished,South-East,1,1,1,3,22428000.0
P00126,Bengaluru,Bengaluru-Emerging-8,Emerging,Super built-up Area,1116.7,2,1,0,4,13.14,Unfurnished,West,2,1,0,3,5557000.0
P00127,Mumbai,Mumbai-Emerging-6,Emerging,Built-up Area,1512.0,3,3,1,17,19.48,Unfurnished,East,0,1,4,3,9004000.0
P00128,Chennai,Chennai-Mid-3,Mid,Super built-up Area,2034.2,4,3,1,18,11.89,Semi-Furnished,South,0,1,1,2,9864000.0
P00129,Delhi,Delhi-Mid-5,Mid,Super built-up Area,865.2,2,2,2,15,9.47,Unfurnished,South,1,1,4,0,6901000.0
P00130,Hyderabad,Hyderabad-Mid-7,Mid,Carpet Area,1441.5,3,2,2,18,9.92,Semi-Furnished,North,0,1,4,1,6582000.0
P00131,Pune,Pune-Mid-8,Mid,Super built-up Area,1181.9,2,2,0,10,5.95,Semi-Furnished,West,2,1,1,2,5894000.0
P00132,Hyderabad,Hyderabad-Emerging-2,Emerging,Built-up Area,1120.2,2,2,1,7,24.15,Semi-Furnished,North,2,0,2,3,3019000.0
P00133,Chennai,Chennai-Mid-2,Mid,Carpet Area,1099.5,2,3,2,0,10.27,Fully Furnished,South,0,1,4,3,5822000.0
P00134,Bengaluru,Bengaluru-Mid-3,Mid,Built-up Area,2386.0,5,5,4,24,8.21,Semi-Furnished,West,1,1,4,2,12417000.0
P00135,Chennai,Chennai-Mid-3,Mid,Super built-up Area,1150.8,2,3,1,1,12.59,Unfurnished,North,0,1,5,1,6265000.0
P00136,Chennai,Chennai-Premium-1,Premium,Plot Area,1672.1,3,2,0,12,2.67,Fully Furnished,West,2,1,3,0,14984000.0
P00137,Pune,Pune-Mid-8,Mid,Plot Area,1205.8,2,1,2,4,14.53,Semi-Furnished,North-East,1,1,4,0,6994000.0
P00138,Mumbai,Mumbai-Emerging-3,Emerging,Carpet Area,405.4,1,1,1,15,24.97,Semi-Furnished,West,1,1,1,0,3489000.0
P00139,Hyderabad,Hyderabad-Mid-2,Mid,Super built-up Area,963.5,2,2,2,10,14.3,Fully Furnished,West,0,1,4,3,4136000.0
P00140,Bengaluru,Bengaluru-Emerging-8,Emerging,Plot Area,1607.4,3,2,2,23,18.68,Semi-Furnished,North-East,0,1,1,3,4269000.0
P00141,Pune,Pune-Mid-4,Mid,Super built-up Area,945.7,2,1,1,24,7.2,Semi-Furnished,North,0,0,3,1,4204000.0
P00142,Bengaluru,Bengaluru-Premium-7,Premium,Carpet Area,1349.8,3,2,2,16,0.9,Unfurnished,South,0,1,4,3,10682000.0
P00143,Mumbai,Mumbai-Mid-3,Mid,Carpet Area,2207.4,4,3,2,20,11.51,Semi-Furnished,South,0,1,1,2,24541000.0
P00144,Mumbai,Mumbai-Mid-1,Mid,Built-up Area,1078.9,2,2,1,6,5.32,Semi-Furnished,North-East,0,1,2,0,17958000.0
P00145,Delhi,Delhi-Mid-4,Mid,Super built-up Area,2194.8,4,3,2,3,10.15,Unfurnished,North,2,0,1,0,20373000.0
P00146,Hyderabad,Hyderabad-Emerging-5,Emerging,Carpet Area,1143.1,2,1,2,24,12.68,Unfurnished,North-East,1,0,1,0,3051000.0
P00147,Mumbai,Mumbai-Emerging-4,Emerging,Super built-up Area,1004.3,2,1,1,0,12.83,Semi-Furnished,North,0,1,0,3,12628000.0
P00148,Chennai,Chennai-Emerging-5,Emerging,Built-up Area,1008.8,2,1,1,3,25.69,Fully Furnished,South,0,1,1,0,2734000.0
P00149,Delhi,Delhi-Premium-4,Premium,Built-up Area,1829.6,3,3,1,12,2.09,Unfurnished,North,2,1,1,0,29269000.0
P00150,Mumbai,Mumbai-Mid-8,Mid,Plot Area,521.6,1,2,0,16,6.31,Semi-Furnished,North,2,1,4,3,8376000.0
P00151,Delhi,Delhi-Premium-3,Premium,Super built-up Area,1565.5,3,3,2,8,5.57,Unfurnished,North-East,0,1,4,0,22386000.0
P00152,Delhi,Delhi-Premium-3,Premium,Super built-up Area,979.2,2,2,0,8,0.15,Fully Furnished,East,2,1,4,2,15391000.0
P00153,Hyderabad,Hyderabad-Emerging-3,Emerging,Carpet Area,1809.0,3,2,1,3,24.9,Unfurnished,South-East,2,1,0,0,4927000.0
P00154,Bengaluru,Bengaluru-Premium-6,Premium,Super built-up Area,1611.2,3,3,3,8,1.66,Unfurnished,East,0,1,5,1,16924000.0
P00155,Mumbai,Mumbai-Mid-8,Mid,Built-up Area,2480.5,4,5,2,1,7.57,Unfurnished,West,1,1,2,3,44763000.0
P00156,Hyderabad,Hyderabad-Emerging-3,Emerging,Plot Area,1679.9,3,2,0,23,14.72,Unfurnished,North,2,1,2,2,5351000.0
P00157,Delhi,Delhi-Premium-6,Premium,Built-up Area,1852.9,3,3,2,7,3.98,Fully Furnished,South,0,1,0,2,25056000.0
P00158,Delhi,Delhi-Mid-6,Mid,Carpet Area,1027.0,2,1,1,19,5.88,Fully Furnished,East,0,1,4,1,7056000.0
P00159,Chennai,Chennai-Premium-4,Premium,Super built-up Area,2245.4,4,4,0,14,3.92,Unfurnished,North-East,2,1,2,3,17350000.0
P00160,Delhi,Delhi-Mid-2,Mid,Built-up Area,1231.4,2,3,0,11,7.55,Unfurnished,South,1,1,1,1,10213000.0
P00161,Chennai,Chennai-Emerging-5,Emerging,Carpet Area,1261.6,2,1,1,3,24.7,Semi-Furnished,West,2,1,0,0,2918000.0
P00162,Delhi,Delhi-Premium-5,Premium,Plot Area,1587.5,3,4,3,14,3.67,Fully Furnished,North,0,1,4,0,24292000.0
P00163,Mumbai,Mumbai-Mid-7,Mid,Super built-up Area,850.4,2,3,2,7,5.94,Unfurnished,South,0,0,0,2,16388000.0
P00164,Pune,Pune-Mid-5,Mid,Super built-up Area,905.8,2,2,0,22,12.29,Semi-Furnished,South,1,1,0,1,4707000.0
P00165,Chennai,Chennai-Mid-5,Mid,Built-up Area,1639.6,3,4,0,9,6.81,Unfurnished,North,2,1,3,3,8876000.0
P00166,Hyderabad,Hyderabad-Premium-1,Premium,Super built-up Area,1253.0,2,2,2,8,1.19,Semi-Furnished,North,1,0,1,0,10911000.0
P00167,Chennai,Chennai-Mid-4,Mid,Super built-up Area,2987.0,4,4,0,8,5.69,Semi-Furnished,North,0,0,4,3,17773000.0
P00168,Mumbai,Mumbai-Premium-1,Premium,Built-up Area,313.0,1,1,1,19,4.77,Fully Furnished,East,0,0,5,0,6831000.0
P00169,Bengaluru,Bengaluru-Emerging-4,Emerging,Built-up Area,1720.6,3,4,1,1,20.34,Unfurnished,North-East,0,1,0,0,6346000.0
P00170,Chennai,Chennai-Mid-7,Mid,Super built-up Area,1205.8,2,1,0,10,5.09,Fully Furnished,South,0,1,0,0,5613000.0
P00171,Hyderabad,Hyderabad-Emerging-5,Emerging,Built-up Area,1118.5,2,1,2,24,15.03,Semi-Furnished,South,2,1,2,3,2498000.0
P00172,Delhi,Delhi-Premium-7,Premium,Plot Area,1800.3,3,3,3,13,5.85,Semi-Furnished,East,0,1,5,2,26380000.0
P00173,Mumbai,Mumbai-Emerging-1,Emerging,Carpet Area,1055.0,2,3,0,3,23.61,Semi-Furnished,South,2,0,5,2,7199000.0
P00174,Hyderabad,Hyderabad-Mid-5,Mid,Built-up Area,1406.1,3,2,2,10,12.56,Unfurnished,North-East,1,1,5,2,8975000.0
P00175,Mumbai,Mumbai-Mid-1,Mid,Plot Area,1764.5,3,3,2,4,12.9,Semi-Furnished,North-East,0,1,5,2,29815000.0
P00176,Hyderabad,Hyderabad-Mid-7,Mid,Carpet Area,573.9,1,1,1,22,10.93,Unfurnished,South-East,2,1,2,2,2548000.0
P00177,Bengaluru,Bengaluru-Premium-3,Premium,Plot Area,1407.8,2,3,2,9,1.41,Fully Furnished,South-East,1,1,4,3,13651000.0
P00178,Pune,Pune-Mid-1,Mid,Carpet Area,2920.3,5,6,5,23,10.22,Fully Furnished,North-East,1,1,3,2,14250000.0
P00179,Chennai,Chennai-Emerging-8,Emerging,Plot Area,1068.0,2,2,2,1,22.28,Unfurnished,South,0,1,1,3,3040000.0
P00180,Delhi,Delhi-Premium-2,Premium,Built-up Area,1437.8,3,3,2,20,3.76,Fully Furnished,North,2,0,1,2,21438000.0
P00181,Pune,Pune-Mid-5,Mid,Carpet Area,1691.8,3,4,2,4,8.77,Semi-Furnished,North,1,1,4,0,8548000.0
P00182,Mumbai,Mumbai-Mid-5,Mid,Plot Area,2515.3,5,6,1,13,9.99,Unfurnished,West,2,1,1,1,33561000.0
P00183,Bengaluru,Bengaluru-Premium-4,Premium,Plot Area,1962.0,3,2,2,16,2.38,Semi-Furnished,North,2,1,3,2,17238000.0
P00184,Pune,Pune-Emerging-7,Emerging,Super built-up Area,1226.3,3,4,3,23,26.82,Unfurnished,North-East,0,1,3,1,2103000.0
P00185,Hyderabad,Hyderabad-Premium-3,Premium,Plot Area,1201.4,2,2,2,19,0.75,Unfurnished,East,1,0,3,3,8882000.0
P00186,Delhi,Delhi-Mid-4,Mid,Plot Area,1063.5,2,1,0,11,7.33,Fully Furnished,South-East,2,1,1,3,9911000.0
P00187,Mumbai,Mumbai-Mid-3,Mid,Carpet Area,1419.0,2,3,2,8,14.6,Semi-Furnished,North,1,1,2,1,19625000.0
P00188,Mumbai,Mumbai-Premium-3,Premium,Plot Area,678.8,1,1,1,17,2.57,Fully Furnished,East,0,1,4,3,16879000.0
P00189,Hyderabad,Hyderabad-Emerging-5,Emerging,Plot Area,1197.8,2,3,2,0,25.54,Fully Furnished,East,2,1,5,3,4825000.0
P00190,Bengaluru,Bengaluru-Mid-4,Mid,Built-up Area,591.2,1,2,0,22,7.46,Fully Furnished,West,0,1,2,1,2869000.0
P00191,Bengaluru,Bengaluru-Mid-5,Mid,Built-up Area,762.2,2,1,1,3,13.18,Fully Furnished,West,2,1,0,2,4877000.0
P00192,Pune,Pune-Emerging-3,Emerging,Carpet Area,966.8,2,2,1,4,18.1,Fully Furnished,South,0,0,3,0,3959000.0
P00193,Hyderabad,Hyderabad-Emerging-4,Emerging,Plot Area,1786.0,3,4,3,13,19.49,Unfurnished,West,1,0,0,0,6323000.0
P00194,Bengaluru,Bengaluru-Premium-2,Premium,Super built-up Area,1934.2,4,4,4,10,3.34,Unfurnished,North-East,1,1,1,2,19800000.0
P00195,Hyderabad,Hyderabad-Premium-7,Premium,Plot Area,1055.4,2,3,0,4,2.0,Unfurnished,North,1,1,0,2,10167000.0
P00196,Hyderabad,Hyderabad-Emerging-1,Emerging,Super built-up Area,1124.3,2,2,2,4,14.99,Unfurnished,North,2,0,0,0,3773000.0
P00197,Pune,Pune-Emerging-8,Emerging,Plot Area,2535.1,4,4,2,10,26.71,Unfurnished,West,2,1,0,2,5750000.0
P00198,Mumbai,Mumbai-Emerging-7,Emerging,Carpet Area,1078.8,2,1,0,5,17.68,Unfurnished,West,0,1,4,0,10307000.0
P00199,Mumbai,Mumbai-Mid-6,Mid,Carpet Area,1093.6,2,3,1,14,8.85,Semi-Furnished,South,2,0,0,2,16651000.0
P00200,Pune,Pune-Mid-6,Mid,Super built-up Area,1741.1,3,2,1,15,10.96,Unfurnished,West,2,1,5,0,6868000.0
P00201,Mumbai,Mumbai-Emerging-1,Emerging,Built-up Area,1720.3,3,3,2,13,21.55,Unfurnished,North-East,2,1,5,3,13284000.0
P00202,Hyderabad,Hyderabad-Emerging-8,Emerging,Super built-up Area,971.6,2,2,2,3,19.22,Semi-Furnished,East,1,1,2,1,3207000.0
P00203,Pune,Pune-Premium-3,Premium,Super built-up Area,1701.1,3,4,0,18,3.53,Semi-Furnished,North-East,1,1,1,1,13324000.0
P00204,Bengaluru,Bengaluru-Mid-7,Mid,Plot Area,1430.4,3,4,1,4,9.58,Unfurnished,West,0,1,5,0,8810000.0
P00205,Hyderabad,Hyderabad-Mid-4,Mid,Super built-up Area,2338.4,4,5,2,0,7.5,Unfurnished,North,1,1,3,0,12483000.0
P00206,Mumbai,Mumbai-Premium-2,Premium,Super built-up Area,1881.3,3,2,0,10,5.65,Unfurnished,South-East,2,1,3,2,40786000.0
P00207,Pune,Pune-Premium-8,Premium,Built-up Area,3078.5,5,5,2,3,5.59,Unfurnished,North-East,1,0,3,0,29221000.0
P00208,Delhi,Delhi-Mid-8,Mid,Built-up Area,1476.5,3,2,2,2,6.55,Unfurnished,South,2,0,3,0,16133000.0
P00209,Hyderabad,Hyderabad-Mid-2,Mid,Built-up Area,470.5,1,1,1,11,11.97,Semi-Furnished,North-East,2,1,4,1,2593000.0
P00210,Chennai,Chennai-Premium-3,Premium,Carpet Area,984.1,2,3,0,3,1.01,Unfurnished,West,2,0,3,3,9095000.0
P00211,Hyderabad,Hyderabad-Emerging-2,Emerging,Super built-up Area,1016.5,2,1,1,17,12.19,Semi-Furnished,West,2,1,4,2,2620000.0
P00212,Mumbai,Mumbai-Mid-3,Mid,Built-up Area,925.9,2,3,0,6,11.51,Semi-Furnished,East,2,1,4,2,13369000.0
P00213,Bengaluru,Bengaluru-Emerging-6,Emerging,Super built-up Area,1852.4,3,4,2,4,15.86,Unfurnished,South,1,0,5,3,5260000.0
P00214,Mumbai,Mumbai-Mid-3,Mid,Carpet Area,1307.2,3,2,0,21,5.98,Unfurnished,South,2,1,2,3,19362000.0
P00215,Pune,Pune-Premium-5,Premium,Carpet Area,534.4,1,1,1,12,4.19,Fully Furnished,South,0,1,2,0,4682000.0
P00216,Delhi,Delhi-Emerging-4,Emerging,Built-up Area,1437.5,3,3,0,9,25.75,Semi-Furnished,East,0,1,2,0,7530000.0
P00217,Mumbai,Mumbai-Emerging-8,Emerging,Built-up Area,1703.9,3,3,2,22,26.79,Semi-Furnished,South,2,1,1,2,12899000.0
P00218,Chennai,Chennai-Premium-8,Premium,Plot Area,2682.7,4,3,3,15,2.97,Unfurnished,West,0,1,4,1,22547000.0
P00219,Mumbai,Mumbai-Emerging-2,Emerging,Plot Area,976.3,2,2,0,3,19.18,Fully Furnished,West,2,0,0,3,7398000.0
P00220,Pune,Pune-Mid-3,Mid,Plot Area,1629.5,3,2,0,6,12.81,Unfurnished,East,1,1,4,3,10597000.0
P00221,Delhi,Delhi-Emerging-7,Emerging,Super built-up Area,1897.9,4,5,0,6,18.24,Fully Furnished,South,0,0,4,3,8927000.0
P00222,Bengaluru,Bengaluru-Mid-6,Mid,Built-up Area,1222.6,2,1,2,7,7.55,Semi-Furnished,East,1,1,4,2,8432000.0
P00223,Chennai,Chennai-Mid-3,Mid,Super built-up Area,1237.0,2,3,1,1,6.93,Semi-Furnished,North-East,2,1,1,3,7548000.0
P00224,Pune,Pune-Premium-1,Premium,Carpet Area,1846.1,3,3,0,1,2.26,Fully Furnished,North,0,0,2,2,19079000.0
P00225,Mumbai,Mumbai-Emerging-6,Emerging,Built-up Area,1925.2,4,3,2,7,13.98,Unfurnished,South-East,0,0,2,1,14581000.0
P00226,Chennai,Chennai-Emerging-8,Emerging,Super built-up Area,1329.4,2,1,2,5,15.02,Fully Furnished,West,2,1,3,3,3205000.0
P00227,Delhi,Delhi-Premium-6,Premium,Carpet Area,2532.6,4,3,2,15,1.54,Unfurnished,South-East,0,1,0,3,36522000.0
P00228,Mumbai,Mumbai-Mid-2,Mid,Plot Area,1026.0,2,2,2,5,8.88,Unfurnished,West,2,1,1,3,17921000.0
P00229,Chennai,Chennai-Mid-8,Mid,Super built-up Area,1988.8,4,3,0,5,5.95,Semi-Furnished,South-East,1,1,5,2,11688000.0
P00230,Bengaluru,Bengaluru-Premium-3,Premium,Carpet Area,1058.7,2,2,2,0,4.17,Semi-Furnished,East,0,1,2,1,10671000.0
P00231,Bengaluru,Bengaluru-Premium-4,Premium,Carpet Area,1258.4,3,2,0,11,1.71,Fully Furnished,South-East,1,0,4,1,11621000.0
P00232,Mumbai,Mumbai-Mid-1,Mid,Carpet Area,1258.6,2,1,1,3,10.53,Unfurnished,South,2,1,4,1,19776000.0
P00233,Bengaluru,Bengaluru-Premium-5,Premium,Built-up Area,428.1,1,1,0,21,1.37,Fully Furnished,South,0,0,1,2,3392000.0
P00234,Bengaluru,Bengaluru-Emerging-6,Emerging,Built-up Area,1582.1,3,3,2,3,13.68,Unfurnished,North,0,1,5,2,6728000.0
P00235,Mumbai,Mumbai-Mid-6,Mid,Plot Area,659.3,1,1,1,18,9.92,Semi-Furnished,South-East,1,1,0,0,9675000.0
P00236,Mumbai,Mumbai-Mid-8,Mid,Plot Area,1111.3,2,1,0,11,5.72,Semi-Furnished,North-East,1,1,2,0,20171000.0
P00237,Bengaluru,Bengaluru-Premium-6,Premium,Plot Area,586.3,1,2,0,19,4.81,Unfurnished,North,2,1,3,0,5416000.0
P00238,Mumbai,Mumbai-Mid-8,Mid,Plot Area,596.9,1,1,0,8,13.83,Unfurnished,North-East,2,1,1,0,8204000.0
P00239,Chennai,Chennai-Mid-5,Mid,Super built-up Area,1890.0,3,2,1,22,6.16,Semi-Furnished,South,1,1,5,1,7579000.0
P00240,Pune,Pune-Mid-6,Mid,Built-up Area,1042.1,2,3,1,3,8.3,Unfurnished,East,1,0,3,0,6951000.0
P00241,Hyderabad,Hyderabad-Premium-7,Premium,Built-up Area,1553.2,3,3,3,13,5.73,Fully Furnished,West,1,1,3,2,14468000.0
P00242,Hyderabad,Hyderabad-Emerging-5,Emerging,Carpet Area,1080.4,2,2,2,6,12.45,Unfurnished,North-East,0,1,2,2,4438000.0
P00243,Hyderabad,Hyderabad-Emerging-1,Emerging,Plot Area,1794.3,3,4,3,10,16.03,Semi-Furnished,South-East,0,1,3,0,4927000.0
P00244,Delhi,Delhi-Premium-3,Premium,Carpet Area,1612.3,3,2,3,7,2.05,Unfurnished,East,1,1,5,3,28907000.0
P00245,Chennai,Chennai-Emerging-8,Emerging,Super built-up Area,1404.9,3,3,0,18,20.99,Unfurnished,West,1,1,4,0,3132000.0
P00246,Mumbai,Mumbai-Mid-1,Mid,Built-up Area,2127.6,4,5,3,6,13.22,Unfurnished,North,0,0,3,3,33254000.0
P00247,Bengaluru,Bengaluru-Emerging-8,Emerging,Super built-up Area,688.7,1,1,1,8,16.61,Semi-Furnished,East,0,1,4,3,2531000.0
P00248,Chennai,Chennai-Mid-4,Mid,Carpet Area,1740.0,3,4,1,20,14.09,Unfurnished,East,2,0,5,2,8638000.0
P00249,Pune,Pune-Emerging-6,Emerging,Plot Area,2080.7,3,3,1,7,12.04,Unfurnished,West,2,1,4,3,7528000.0
P00250,Delhi,Delhi-Emerging-4,Emerging,Plot Area,1297.0,2,2,1,24,21.07,Semi-Furnished,East,0,0,3,2,5313000.0
P00251,Mumbai,Mumbai-Emerging-8,Emerging,Plot Area,2157.5,4,5,0,1,24.25,Unfurnished,West,1,1,5,1,21748000.0
P00252,Chennai,Chennai-Premium-1,Premium,Built-up Area,2480.9,4,5,0,0,0.99,Unfurnished,North-East,1,1,1,1,27707000.0
P00253,Delhi,Delhi-Mid-8,Mid,Built-up Area,1669.1,4,4,2,10,14.98,Fully Furnished,West,1,1,0,2,10977000.0
P00254,Bengaluru,Bengaluru-Emerging-3,Emerging,Plot Area,1668.3,3,3,2,13,20.06,Fully Furnished,South,2,0,0,1,6140000.0
P00255,Pune,Pune-Mid-7,Mid,Built-up Area,1520.3,3,4,1,7,8.87,Semi-Furnished,North,0,1,3,3,10057000.0
P00256,Pune,Pune-Emerging-4,Emerging,Carpet Area,1828.7,4,3,2,18,16.68,Fully Furnished,East,0,1,2,3,5424000.0
P00257,Pune,Pune-Emerging-7,Emerging,Plot Area,2655.0,5,4,0,0,15.52,Unfurnished,South,0,1,1,0,11533000.0
P00258,Delhi,Delhi-Mid-6,Mid,Built-up Area,1716.8,3,3,2,11,6.6,Semi-Furnished,South,0,1,0,3,14604000.0
P00259,Delhi,Delhi-Mid-6,Mid,Super built-up Area,2313.5,4,3,0,5,14.65,Semi-Furnished,South,0,0,0,0,22994000.0
P00260,Bengaluru,Bengaluru-Mid-7,Mid,Super built-up Area,1200.4,2,2,0,10,12.56,Unfurnished,East,2,1,5,0,6355000.0
P00261,Hyderabad,Hyderabad-Premium-3,Premium,Carpet Area,1247.4,2,3,1,16,0.34,Fully Furnished,South,2,1,1,1,10172000.0
P00262,Delhi,Delhi-Premium-2,Premium,Built-up Area,1271.4,2,3,1,18,2.08,Unfurnished,South-East,1,1,5,0,19880000.0
P00263,Mumbai,Mumbai-Premium-6,Premium,Built-up Area,899.8,2,3,0,14,5.71,Unfurnished,South,1,1,4,2,21713000.0
P00264,Bengaluru,Bengaluru-Mid-7,Mid,Carpet Area,979.5,2,1,1,18,7.44,Unfurnished,North,0,1,1,2,5945000.0
P00265,Chennai,Chennai-Emerging-4,Emerging,Carpet Area,2300.9,4,4,3,22,25.32,Fully Furnished,West,1,1,3,2,5899000.0
P00266,Chennai,Chennai-Mid-7,Mid,Plot Area,2195.2,4,4,1,14,12.57,Semi-Furnished,West,1,1,4,3,11519000.0
P00267,Bengaluru,Bengaluru-Emerging-3,Emerging,Carpet Area,1897.9,3,3,0,0,20.17,Unfurnished,South-East,2,1,3,0,5219000.0
P00268,Hyderabad,Hyderabad-Mid-1,Mid,Built-up Area,1035.5,2,2,1,12,7.78,Fully Furnished,East,0,1,1,0,6792000.0
P00269,Chennai,Chennai-Emerging-1,Emerging,Carpet Area,1531.7,3,2,2,16,27.38,Semi-Furnished,East,1,1,3,0,3756000.0
P00270,Chennai,Chennai-Emerging-7,Emerging,Plot Area,605.2,1,1,0,8,26.85,Unfurnished,West,2,1,4,1,1984000.0
P00271,Mumbai,Mumbai-Premium-1,Premium,Built-up Area,1599.2,3,3,3,16,1.64,Unfurnished,West,0,1,0,0,31285000.0
P00272,Delhi,Delhi-Mid-6,Mid,Plot Area,2553.9,4,5,0,21,5.62,Unfurnished,North,0,1,4,3,21939000.0
P00273,Pune,Pune-Mid-7,Mid,Built-up Area,1625.5,3,3,2,7,8.28,Semi-Furnished,East,1,1,3,1,10142000.0
P00274,Bengaluru,Bengaluru-Mid-3,Mid,Plot Area,1544.4,3,3,1,8,11.43,Semi-Furnished,West,2,1,0,1,9555000.0
P00275,Pune,Pune-Mid-4,Mid,Carpet Area,1159.8,2,1,0,9,9.38,Semi-Furnished,North-East,0,1,0,1,6960000.0
P00276,Bengaluru,Bengaluru-Mid-8,Mid,Built-up Area,1519.8,3,4,1,3,7.04,Fully Furnished,West,1,1,0,3,9888000.0
P00277,Mumbai,Mumbai-Mid-1,Mid,Carpet Area,1603.4,3,4,1,7,5.39,Fully Furnished,East,0,1,5,2,30286000.0
P00278,Delhi,Delhi-Mid-5,Mid,Super built-up Area,1310.0,4,3,2,21,6.92,Semi-Furnished,South,1,1,3,2,9491000.0
P00279,Mumbai,Mumbai-Emerging-7,Emerging,Carpet Area,2006.5,3,2,1,20,18.18,Semi-Furnished,South-East,1,1,4,1,13450000.0
P00280,Delhi,Delhi-Emerging-2,Emerging,Plot Area,1025.1,2,1,1,6,25.26,Semi-Furnished,North-East,1,1,4,0,4444000.0
P00281,Pune,Pune-Mid-4,Mid,Super built-up Area,1249.3,2,3,0,8,6.86,Unfurnished,South,2,1,4,0,6181000.0
P00282,Hyderabad,Hyderabad-Mid-8,Mid,Super built-up Area,948.5,2,3,2,2,10.93,Unfurnished,North,1,1,3,0,6784000.0
P00283,Mumbai,Mumbai-Mid-6,Mid,Super built-up Area,919.5,2,1,1,1,14.54,Unfurnished,West,0,1,5,0,12220000.0
P00284,Pune,Pune-Mid-2,Mid,Super built-up Area,1543.5,3,2,2,5,8.72,Semi-Furnished,North,2,0,5,3,8264000.0
P00285,Pune,Pune-Premium-4,Premium,Built-up Area,842.6,2,3,0,21,2.04,Unfurnished,South-East,2,1,1,2,5805000.0
P00286,Pune,Pune-Mid-2,Mid,Super built-up Area,1010.3,2,1,0,24,14.3,Semi-Furnished,West,0,1,5,0,3291000.0
P00287,Bengaluru,Bengaluru-Premium-6,Premium,Carpet Area,976.3,2,3,2,6,3.91,Fully Furnished,East,1,1,4,2,11397000.0
P00288,Bengaluru,Bengaluru-Premium-5,Premium,Carpet Area,1286.7,2,2,1,1,2.65,Fully Furnished,North-East,1,1,3,0,15578000.0
P00289,Delhi,Delhi-Mid-3,Mid,Built-up Area,1526.6,3,2,2,12,13.28,Fully Furnished,North,1,0,2,3,15383000.0
P00290,Chennai,Chennai-Premium-6,Premium,Plot Area,1287.9,3,3,1,18,5.46,Semi-Furnished,West,1,1,0,0,8727000.0
P00291,Chennai,Chennai-Mid-4,Mid,Built-up Area,1419.3,3,2,1,8,12.29,Fully Furnished,South,1,1,0,0,6756000.0
P00292,Chennai,Chennai-Premium-2,Premium,Built-up Area,1418.9,3,2,0,5,3.55,Fully Furnished,East,0,1,2,2,14545000.0
P00293,Delhi,Delhi-Emerging-3,Emerging,Plot Area,708.3,1,1,1,12,17.15,Semi-Furnished,East,2,1,5,2,4055000.0
P00294,Delhi,Delhi-Mid-7,Mid,Built-up Area,1533.6,3,3,3,10,14.97,Semi-Furnished,West,2,0,3,2,11974000.0
P00295,Chennai,Chennai-Mid-6,Mid,Carpet Area,1663.1,3,2,2,1,12.09,Semi-Furnished,North-East,0,1,3,1,10059000.0
P00296,Delhi,Delhi-Premium-3,Premium,Plot Area,1809.8,3,4,0,12,2.63,Unfurnished,East,2,1,4,1,29005000.0
P00297,Bengaluru,Bengaluru-Mid-2,Mid,Super built-up Area,963.7,2,1,1,0,5.19,Semi-Furnished,South-East,2,1,1,3,6727000.0
P00298,Bengaluru,Bengaluru-Emerging-3,Emerging,Carpet Area,1967.5,3,4,2,16,23.61,Semi-Furnished,East,2,0,3,0,4482000.0
P00299,Hyderabad,Hyderabad-Premium-2,Premium,Carpet Area,1676.6,3,4,2,15,1.68,Fully Furnished,North-East,0,1,4,0,15177000.0
P00300,Mumbai,Mumbai-Premium-7,Premium,Super built-up Area,2004.3,3,2,0,17,2.69,Unfurnished,North,1,1,3,2,40457000.0
P00301,Mumbai,Mumbai-Mid-2,Mid,Super built-up Area,491.4,1,1,0,7,8.34,Fully Furnished,North-East,1,1,5,2,6912000.0
P00302,Delhi,Delhi-Emerging-3,Emerging,Super built-up Area,672.7,1,2,0,13,18.15,Semi-Furnished,West,2,0,0,1,3802000.0
P00303,Delhi,Delhi-Emerging-5,Emerging,Carpet Area,798.9,2,3,0,15,17.44,Semi-Furnished,North,2,1,5,0,3198000.0
P00304,Pune,Pune-Emerging-4,Emerging,Carpet Area,871.2,2,2,0,12,22.97,Fully Furnished,West,2,1,3,3,2573000.0
P00305,Delhi,Delhi-Emerging-4,Emerging,Carpet Area,2061.1,4,4,2,23,16.63,Unfurnished,North,1,1,0,3,9836000.0
P00306,Hyderabad,Hyderabad-Emerging-2,Emerging,Super built-up Area,1499.7,2,1,0,6,13.2,Unfurnished,South,1,1,5,2,5084000.0
P00307,Bengaluru,Bengaluru-Mid-6,Mid,Super built-up Area,2242.2,3,4,0,5,10.54,Semi-Furnished,North,1,0,1,1,12986000.0
P00308,Chennai,Chennai-Premium-7,Premium,Built-up Area,1968.9,3,2,3,18,4.95,Unfurnished,North-East,0,1,1,0,17759000.0
P00309,Mumbai,Mumbai-Emerging-6,Emerging,Built-up Area,2614.3,4,3,0,21,25.44,Unfurnished,North-East,1,0,5,0,14639000.0
P00310,Mumbai,Mumbai-Mid-1,Mid,Carpet Area,887.1,2,3,2,11,10.2,Unfurnished,North-East,1,1,2,3,14317000.0
P00311,Bengaluru,Bengaluru-Emerging-6,Emerging,Plot Area,889.1,2,3,0,18,22.55,Semi-Furnished,North-East,1,1,4,1,2881000.0
P00312,Mumbai,Mumbai-Premium-3,Premium,Plot Area,1279.9,3,2,0,10,1.17,Semi-Furnished,North-East,0,1,1,1,39573000.0
P00313,Mumbai,Mumbai-Emerging-7,Emerging,Super built-up Area,1135.9,2,1,1,13,24.16,Unfurnished,West,1,1,2,3,8529000.0
P00314,Delhi,Delhi-Emerging-2,Emerging,Built-up Area,2041.3,3,3,1,19,21.53,Fully Furnished,North-East,0,1,3,0,10482000.0
P00315,Chennai,Chennai-Premium-6,Premium,Plot Area,1121.7,2,1,0,16,1.83,Unfurnished,East,1,1,3,0,7681000.0
P00316,Pune,Pune-Premium-2,Premium,Built-up Area,661.9,1,2,1,2,3.46,Unfurnished,South,0,1,2,0,7656000.0
P00317,Bengaluru,Bengaluru-Emerging-3,Emerging,Built-up Area,1615.0,4,5,1,12,20.88,Fully Furnished,West,1,1,1,2,3667000.0
P00318,Bengaluru,Bengaluru-Premium-3,Premium,Built-up Area,1358.4,3,4,1,16,1.96,Unfurnished,West,0,1,5,3,14761000.0
P00319,Hyderabad,Hyderabad-Emerging-2,Emerging,Plot Area,1122.2,2,3,1,2,20.58,Fully Furnished,East,1,1,5,3,3309000.0
P00320,Chennai,Chennai-Emerging-2,Emerging,Plot Area,1134.4,2,3,0,19,20.4,Unfurnished,North,0,1,5,1,2761000.0
P00321,Mumbai,Mumbai-Emerging-4,Emerging,Built-up Area,1638.0,3,4,2,19,14.09,Unfurnished,East,2,1,4,2,11839000.0
P00322,Chennai,Chennai-Emerging-5,Emerging,Built-up Area,1320.4,2,2,1,21,24.21,Unfurnished,South-East,2,0,2,2,2871000.0
P00323,Mumbai,Mumbai-Emerging-5,Emerging,Built-up Area,1452.7,3,4,3,15,22.46,Unfurnished,North,1,0,4,0,10679000.0
P00324,Mumbai,Mumbai-Premium-3,Premium,Built-up Area,531.6,1,1,0,13,5.88,Unfurnished,South,0,1,1,0,10843000.0
P00325,Delhi,Delhi-Mid-6,Mid,Plot Area,1510.1,3,3,0,9,14.9,Fully Furnished,North,0,1,5,3,11800000.0
P00326,Bengaluru,Bengaluru-Mid-1,Mid,Built-up Area,1778.5,3,4,0,17,13.49,Unfurnished,South-East,1,1,4,2,7581000.0
P00327,Pune,Pune-Emerging-7,Emerging,Carpet Area,2918.7,5,4,3,10,22.3,Semi-Furnished,South-East,2,1,2,0,9581000.0
P00328,Mumbai,Mumbai-Mid-8,Mid,Carpet Area,964.2,2,2,1,8,14.87,Unfurnished,South-East,2,1,4,0,14107000.0
P00329,Mumbai,Mumbai-Emerging-8,Emerging,Built-up Area,883.7,2,3,0,13,14.18,Semi-Furnished,South,0,0,4,2,7417000.0
P00330,Hyderabad,Hyderabad-Premium-8,Premium,Built-up Area,1775.1,3,3,0,4,1.64,Unfurnished,North-East,1,1,5,1,16405000.0
P00331,Mumbai,Mumbai-Premium-6,Premium,Super built-up Area,859.7,2,1,1,10,1.64,Unfurnished,North-East,0,1,1,3,26977000.0
P00332,Pune,Pune-Premium-7,Premium,Super built-up Area,1126.0,2,2,2,2,3.45,Fully Furnished,East,1,1,2,2,10040000.0
P00333,Mumbai,Mumbai-Emerging-4,Emerging,Built-up Area,1159.0,2,3,0,21,22.56,Unfurnished,North-East,0,0,4,3,5427000.0
P00334,Hyderabad,Hyderabad-Emerging-1,Emerging,Plot Area,1751.0,3,3,3,19,19.55,Fully Furnished,East,1,1,2,1,3818000.0
P00335,Bengaluru,Bengaluru-Mid-4,Mid,Built-up Area,1861.5,3,4,1,21,6.34,Unfurnished,East,0,1,2,3,10100000.0
P00336,Delhi,Delhi-Mid-2,Mid,Plot Area,2376.5,4,5,1,10,10.07,Semi-Furnished,North-East,0,1,4,0,20246000.0
P00337,Chennai,Chennai-Emerging-3,Emerging,Carpet Area,1393.2,2,1,0,10,17.49,Semi-Furnished,North-East,2,1,2,0,3272000.0
P00338,Bengaluru,Bengaluru-Premium-6,Premium,Super built-up Area,1129.8,2,2,0,5,2.66,Unfurnished,South-East,0,1,0,1,11365000.0
P00339,Bengaluru,Bengaluru-Emerging-4,Emerging,Carpet Area,1595.9,3,3,0,22,20.03,Semi-Furnished,North,1,1,3,2,3942000.0
P00340,Mumbai,Mumbai-Premium-5,Premium,Built-up Area,1551.2,3,3,0,0,0.04,Unfurnished,North-East,0,1,3,1,38892000.0
P00341,Pune,Pune-Emerging-8,Emerging,Plot Area,1952.0,3,2,1,17,14.19,Unfurnished,North-East,0,0,3,1,6493000.0
P00342,Bengaluru,Bengaluru-Premium-2,Premium,Super built-up Area,2043.4,3,3,1,3,0.28,Semi-Furnished,North,1,1,2,1,21267000.0
P00343,Delhi,Delhi-Mid-5,Mid,Super built-up Area,1642.6,3,3,1,0,7.36,Semi-Furnished,East,2,1,2,2,19367000.0
P00344,Delhi,Delhi-Mid-6,Mid,Carpet Area,1004.0,2,3,2,19,10.94,Semi-Furnished,South,0,0,5,0,7333000.0
P00345,Delhi,Delhi-Premium-1,Premium,Built-up Area,1070.5,2,2,0,17,2.37,Semi-Furnished,East,0,1,0,0,14941000.0
P00346,Delhi,Delhi-Emerging-6,Emerging,Plot Area,1029.0,2,2,1,17,12.37,Fully Furnished,South,0,1,5,2,4830000.0
P00347,Hyderabad,Hyderabad-Mid-1,Mid,Super built-up Area,1253.6,2,2,1,13,11.96,Semi-Furnished,North-East,0,1,1,1,6563000.0
P00348,Hyderabad,Hyderabad-Premium-3,Premium,Carpet Area,1961.4,3,4,3,3,0.65,Fully Furnished,South,0,1,2,1,21853000.0
P00349,Pune,Pune-Mid-3,Mid,Carpet Area,1332.3,3,3,3,17,9.99,Fully Furnished,North,2,1,2,3,6342000.0
P00350,Pune,Pune-Mid-1,Mid,Carpet Area,646.3,2,1,1,22,8.24,Fully Furnished,North,1,1,3,0,3652000.0
P00351,Chennai,Chennai-Emerging-3,Emerging,Plot Area,1459.4,3,3,1,8,16.59,Semi-Furnished,South,0,1,3,0,4796000.0
P00352,Chennai,Chennai-Emerging-3,Emerging,Plot Area,1706.7,3,3,0,6,27.74,Semi-Furnished,East,2,1,3,2,5098000.0
P00353,Pune,Pune-Emerging-2,Emerging,Carpet Area,877.3,2,3,0,10,15.89,Unfurnished,North-East,0,1,3,0,2822000.0
P00354,Bengaluru,Bengaluru-Premium-2,Premium,Plot Area,1282.2,2,2,1,14,0.42,Semi-Furnished,East,1,1,3,0,13349000.0
P00355,Chennai,Chennai-Emerging-7,Emerging,Built-up Area,1725.0,4,5,0,6,17.32,Fully Furnished,South,0,1,2,3,5142000.0
P00356,Bengaluru,Bengaluru-Mid-6,Mid,Built-up Area,1373.5,3,4,1,24,11.15,Semi-Furnished,West,0,1,3,1,5600000.0
P00357,Pune,Pune-Mid-7,Mid,Super built-up Area,1679.5,3,3,2,1,12.26,Semi-Furnished,North-East,1,1,5,1,8551000.0
P00358,Pune,Pune-Emerging-8,Emerging,Built-up Area,2219.2,4,3,3,19,17.15,Unfurnished,South-East,2,1,4,2,6102000.0
P00359,Bengaluru,Bengaluru-Premium-5,Premium,Super built-up Area,1643.6,4,5,3,3,0.9,Unfurnished,North,2,1,4,3,17731000.0
P00360,Hyderabad,Hyderabad-Emerging-2,Emerging,Carpet Area,1154.7,2,3,0,13,16.39,Semi-Furnished,West,0,1,4,0,3520000.0
P00361,Hyderabad,Hyderabad-Premium-3,Premium,Built-up Area,2261.8,4,3,1,9,3.02,Semi-Furnished,South-East,1,0,3,0,21002000.0
P00362,Delhi,Delhi-Premium-4,Premium,Built-up Area,1143.2,2,2,1,10,0.31,Semi-Furnished,South-East,1,0,4,1,20656000.0
P00363,Chennai,Chennai-Emerging-4,Emerging,Plot Area,1093.9,2,1,1,0,22.3,Semi-Furnished,North-East,0,1,5,2,4047000.0
P00364,Chennai,Chennai-Mid-7,Mid,Super built-up Area,1178.9,2,3,2,8,11.12,Unfurnished,North,2,1,4,3,6390000.0
P00365,Hyderabad,Hyderabad-Mid-1,Mid,Plot Area,1570.1,3,2,2,19,5.42,Fully Furnished,West,2,1,5,0,7123000.0
P00366,Pune,Pune-Mid-2,Mid,Super built-up Area,2220.9,4,3,0,21,13.43,Unfurnished,North-East,2,1,1,3,10911000.0
P00367,Mumbai,Mumbai-Mid-8,Mid,Built-up Area,2195.0,4,3,0,24,7.17,Unfurnished,West,1,1,0,1,23794000.0
P00368,Hyderabad,Hyderabad-Emerging-8,Emerging,Built-up Area,990.7,2,1,2,12,23.94,Semi-Furnished,South-East,1,0,5,0,2161000.0
P00369,Chennai,Chennai-Premium-2,Premium,Plot Area,1103.9,2,3,1,11,2.31,Unfurnished,North,2,1,4,2,7533000.0
P00370,Delhi,Delhi-Mid-8,Mid,Carpet Area,1560.7,3,2,2,2,14.74,Semi-Furnished,South,1,1,4,0,15790000.0
P00371,Hyderabad,Hyderabad-Mid-2,Mid,Super built-up Area,1102.7,2,2,2,3,5.73,Fully Furnished,North-East,2,1,3,1,6332000.0
P00372,Bengaluru,Bengaluru-Premium-4,Premium,Super built-up Area,1410.8,2,2,1,21,0.62,Unfurnished,North,0,1,0,0,13120000.0
P00373,Hyderabad,Hyderabad-Emerging-7,Emerging,Super built-up Area,1055.8,2,2,1,18,13.72,Unfurnished,South-East,0,1,5,1,3098000.0
P00374,Hyderabad,Hyderabad-Mid-4,Mid,Built-up Area,1616.4,3,4,3,2,5.62,Semi-Furnished,West,2,1,2,1,9028000.0
P00375,Chennai,Chennai-Premium-4,Premium,Built-up Area,1538.6,3,4,3,20,0.3,Fully Furnished,North,1,0,3,3,10149000.0
P00376,Pune,Pune-Emerging-7,Emerging,Super built-up Area,1188.7,2,3,2,18,23.7,Fully Furnished,South,1,1,4,0,3575000.0
P00377,Bengaluru,Bengaluru-Mid-7,Mid,Carpet Area,731.7,2,2,1,13,11.68,Fully Furnished,West,0,1,5,0,4305000.0
P00378,Chennai,Chennai-Mid-5,Mid,Carpet Area,1484.6,3,3,2,0,7.95,Unfurnished,South-East,0,1,1,2,8002000.0
P00379,Chennai,Chennai-Mid-3,Mid,Super built-up Area,610.4,1,2,0,12,11.34,Unfurnished,West,0,1,1,3,3228000.0
P00380,Chennai,Chennai-Mid-4,Mid,Built-up Area,1237.2,3,3,0,10,12.76,Fully Furnished,South,0,1,4,0,6219000.0
P00381,Pune,Pune-Mid-7,Mid,Plot Area,1129.5,2,3,2,3,7.04,Semi-Furnished,West,1,0,1,3,8404000.0
P00382,Pune,Pune-Mid-5,Mid,Super built-up Area,985.5,2,1,0,21,14.0,Unfurnished,East,2,0,0,1,5218000.0
P00383,Pune,Pune-Emerging-2,Emerging,Built-up Area,653.9,1,1,1,7,23.55,Unfurnished,North-East,2,0,5,0,1909000.0
P00384,Bengaluru,Bengaluru-Emerging-2,Emerging,Plot Area,652.1,1,1,1,5,18.2,Unfurnished,West,1,1,1,1,2381000.0
P00385,Delhi,Delhi-Premium-6,Premium,Plot Area,1214.4,3,4,0,3,4.38,Unfurnished,West,2,1,0,3,20297000.0
P00386,Chennai,Chennai-Premium-3,Premium,Super built-up Area,2103.8,3,2,3,11,2.12,Semi-Furnished,North,0,0,0,2,18986000.0
P00387,Hyderabad,Hyderabad-Emerging-8,Emerging,Plot Area,2672.0,4,3,2,20,18.83,Fully Furnished,East,0,0,4,0,7717000.0
P00388,Mumbai,Mumbai-Emerging-2,Emerging,Carpet Area,2509.7,4,4,1,6,17.63,Unfurnished,North,1,1,5,0,21402000.0
P00389,Hyderabad,Hyderabad-Mid-8,Mid,Plot Area,1182.1,2,1,0,16,6.11,Unfurnished,South,2,0,2,0,5686000.0
P00390,Hyderabad,Hyderabad-Premium-5,Premium,Plot Area,1418.4,3,4,0,22,0.77,Semi-Furnished,West,2,1,0,0,10431000.0
P00391,Delhi,Delhi-Mid-3,Mid,Built-up Area,2054.6,4,5,0,15,12.46,Unfurnished,South-East,0,0,2,1,16431000.0
P00392,Hyderabad,Hyderabad-Mid-8,Mid,Super built-up Area,507.3,1,1,1,15,11.26,Unfurnished,East,1,0,0,2,3090000.0
P00393,Delhi,Delhi-Mid-1,Mid,Super built-up Area,1413.2,2,1,2,15,6.93,Unfurnished,South,0,1,2,2,12544000.0
P00394,Mumbai,Mumbai-Emerging-3,Emerging,Plot Area,1182.3,2,2,2,20,17.55,Unfurnished,South,1,1,4,0,9824000.0
P00395,Mumbai,Mumbai-Mid-8,Mid,Carpet Area,1926.8,3,3,1,1,11.22,Unfurnished,South-East,0,1,3,0,36193000.0
P00396,Bengaluru,Bengaluru-Emerging-6,Emerging,Carpet Area,958.7,2,1,0,6,17.82,Fully Furnished,North-East,0,1,5,0,2775000.0
P00397,Chennai,Chennai-Emerging-2,Emerging,Built-up Area,1177.0,2,2,2,21,14.05,Fully Furnished,North-East,2,1,3,1,3484000.0
P00398,Pune,Pune-Emerging-3,Emerging,Built-up Area,1359.4,3,2,1,14,21.82,Semi-Furnished,West,0,1,1,2,3847000.0
P00399,Chennai,Chennai-Mid-8,Mid,Carpet Area,2026.7,3,3,0,7,14.1,Unfurnished,East,1,1,1,2,9922000.0
P00400,Pune,Pune-Emerging-1,Emerging,Built-up Area,1015.8,2,3,0,3,25.37,Unfurnished,South,0,1,0,2,3266000.0
P00401,Hyderabad,Hyderabad-Mid-1,Mid,Built-up Area,1698.5,3,3,1,5,6.8,Unfurnished,East,2,1,0,2,8760000.0
P00402,Delhi,Delhi-Mid-1,Mid,Plot Area,1192.3,2,1,1,6,7.28,Unfurnished,South,0,0,0,1,12356000.0
P00403,Chennai,Chennai-Mid-5,Mid,Super built-up Area,1154.1,2,3,2,3,12.47,Semi-Furnished,North,0,1,5,2,6064000.0
P00404,Hyderabad,Hyderabad-Emerging-3,Emerging,Built-up Area,1319.2,3,3,3,17,20.79,Unfurnished,South-East,1,1,2,1,3495000.0
P00405,Hyderabad,Hyderabad-Mid-7,Mid,Super built-up Area,982.3,2,3,0,18,6.95,Semi-Furnished,North,0,1,3,3,5553000.0
P00406,Mumbai,Mumbai-Mid-6,Mid,Carpet Area,1092.1,2,2,0,8,5.97,Semi-Furnished,North,1,0,2,3,15272000.0
P00407,Chennai,Chennai-Mid-1,Mid,Super built-up Area,1718.8,3,4,2,16,6.98,Unfurnished,South-East,0,1,1,0,10340000.0
P00408,Bengaluru,Bengaluru-Emerging-1,Emerging,Carpet Area,2231.3,4,5,1,10,16.78,Semi-Furnished,North-East,2,1,2,3,6617000.0
P00409,Hyderabad,Hyderabad-Mid-5,Mid,Carpet Area,2096.2,4,3,3,21,13.97,Unfurnished,South-East,2,0,0,3,10117000.0
P00410,Bengaluru,Bengaluru-Mid-1,Mid,Super built-up Area,1685.9,3,2,2,5,9.93,Unfurnished,South,2,1,2,3,9389000.0
P00411,Chennai,Chennai-Mid-4,Mid,Carpet Area,871.8,2,3,2,20,13.76,Unfurnished,East,0,1,4,2,3338000.0
P00412,Delhi,Delhi-Premium-6,Premium,Super built-up Area,3082.6,5,4,5,12,4.43,Fully Furnished,South-East,1,0,0,2,53347000.0
P00413,Delhi,Delhi-Premium-2,Premium,Plot Area,1661.9,3,3,3,12,2.38,Semi-Furnished,North-East,1,1,2,2,26876000.0
P00414,Hyderabad,Hyderabad-Emerging-6,Emerging,Plot Area,534.0,1,2,0,16,23.46,Unfurnished,East,0,1,1,1,1429000.0
P00415,Pune,Pune-Emerging-6,Emerging,Plot Area,2100.1,3,3,0,11,15.97,Semi-Furnished,South-East,0,1,2,2,6562000.0
P00416,Pune,Pune-Premium-5,Premium,Built-up Area,2179.5,4,3,0,6,2.0,Semi-Furnished,North,2,0,5,0,21729000.0
P00417,Chennai,Chennai-Emerging-1,Emerging,Super built-up Area,2132.2,5,6,1,10,25.13,Semi-Furnished,South-East,0,1,3,0,5953000.0
P00418,Bengaluru,Bengaluru-Emerging-6,Emerging,Super built-up Area,1845.2,3,3,2,3,15.12,Unfurnished,East,0,1,0,1,7191000.0
P00419,Pune,Pune-Premium-5,Premium,Carpet Area,1829.3,3,2,0,12,5.76,Unfurnished,East,0,0,5,0,15308000.0
P00420,Mumbai,Mumbai-Mid-8,Mid,Super built-up Area,1435.2,3,4,3,7,13.41,Fully Furnished,West,0,1,4,3,20828000.0
P00421,Chennai,Chennai-Emerging-4,Emerging,Carpet Area,1974.0,3,4,0,17,13.68,Unfurnished,West,1,0,5,3,5526000.0
P00422,Chennai,Chennai-Mid-7,Mid,Plot Area,1197.2,2,3,0,7,6.69,Fully Furnished,South,0,0,3,0,8017000.0
P00423,Hyderabad,Hyderabad-Premium-3,Premium,Plot Area,1086.3,2,2,1,15,5.02,Unfurnished,East,2,1,2,1,10131000.0
P00424,Bengaluru,Bengaluru-Mid-1,Mid,Built-up Area,1209.0,2,1,1,12,5.46,Semi-Furnished,North,0,1,1,1,7216000.0
P00425,Hyderabad,Hyderabad-Premium-1,Premium,Carpet Area,1829.8,3,2,0,1,1.72,Unfurnished,East,0,1,2,3,20131000.0
P00426,Bengaluru,Bengaluru-Premium-8,Premium,Plot Area,1272.7,3,2,2,22,3.24,Semi-Furnished,North-East,1,1,2,1,12150000.0
P00427,Pune,Pune-Mid-8,Mid,Plot Area,383.1,1,1,1,24,8.76,Fully Furnished,East,2,1,0,0,1968000.0
P00428,Pune,Pune-Premium-5,Premium,Carpet Area,400.8,1,2,1,9,5.14,Unfurnished,South,1,1,4,0,4580000.0
P00429,Hyderabad,Hyderabad-Emerging-2,Emerging,Super built-up Area,1995.9,3,3,3,18,26.05,Unfurnished,North-East,0,0,1,0,6335000.0
P00430,Delhi,Delhi-Mid-3,Mid,Carpet Area,1131.0,2,2,2,11,7.85,Semi-Furnished,North-East,0,1,4,3,10098000.0
P00431,Chennai,Chennai-Mid-5,Mid,Built-up Area,1360.5,2,2,1,17,10.45,Unfurnished,East,0,1,3,2,7703000.0
P00432,Bengaluru,Bengaluru-Emerging-7,Emerging,Built-up Area,1740.8,3,4,1,20,25.92,Unfurnished,West,0,0,0,0,4290000.0
P00433,Delhi,Delhi-Premium-1,Premium,Super built-up Area,2120.7,4,4,1,22,5.14,Semi-Furnished,West,0,1,4,3,25147000.0
P00434,Pune,Pune-Premium-4,Premium,Plot Area,1181.6,2,1,0,1,3.64,Semi-Furnished,North,1,1,3,2,12620000.0
P00435,Chennai,Chennai-Emerging-2,Emerging,Super built-up Area,1984.9,4,3,4,0,17.88,Unfurnished,East,0,0,3,1,6260000.0
P00436,Mumbai,Mumbai-Mid-7,Mid,Built-up Area,1309.0,2,1,0,12,11.87,Unfurnished,West,0,1,5,2,16868000.0
P00437,Mumbai,Mumbai-Mid-1,Mid,Super built-up Area,1545.3,3,2,1,20,14.57,Unfurnished,North-East,0,1,4,0,16263000.0
P00438,Delhi,Delhi-Mid-6,Mid,Plot Area,1689.0,3,4,3,20,13.05,Unfurnished,South-East,1,1,3,1,12906000.0
P00439,Pune,Pune-Premium-1,Premium,Plot Area,1948.2,4,5,1,4,5.35,Semi-Furnished,South-East,1,1,3,3,17971000.0
P00440,Delhi,Delhi-Mid-4,Mid,Built-up Area,1104.6,2,2,2,14,8.72,Semi-Furnished,East,2,1,4,0,9673000.0
P00441,Mumbai,Mumbai-Emerging-6,Emerging,Super built-up Area,804.2,2,1,2,5,15.12,Unfurnished,East,2,1,5,1,7899000.0
P00442,Hyderabad,Hyderabad-Mid-8,Mid,Plot Area,1837.7,3,2,0,21,8.96,Fully Furnished,West,0,1,2,1,7730000.0
P00443,Pune,Pune-Premium-5,Premium,Built-up Area,1246.2,2,2,0,13,2.67,Unfurnished,West,1,1,5,1,10848000.0
P00444,Mumbai,Mumbai-Mid-3,Mid,Super built-up Area,837.8,2,3,2,20,8.52,Semi-Furnished,North,2,1,5,2,10001000.0
P00445,Mumbai,Mumbai-Premium-2,Premium,Carpet Area,1822.5,3,2,3,15,3.7,Unfurnished,East,1,1,1,3,40695000.0
P00446,Pune,Pune-Mid-8,Mid,Super built-up Area,611.1,1,1,1,11,5.54,Fully Furnished,South,0,0,2,0,4011000.0
P00447,Bengaluru,Bengaluru-Mid-1,Mid,Plot Area,1235.2,2,1,0,9,7.1,Semi-Furnished,North-East,0,1,2,0,8876000.0
P00448,Hyderabad,Hyderabad-Mid-7,Mid,Plot Area,1270.9,3,3,3,12,14.29,Unfurnished,North,2,0,5,2,7965000.0
P00449,Chennai,Chennai-Emerging-3,Emerging,Plot Area,949.3,2,3,0,1,25.58,Unfurnished,South,2,0,5,0,2400000.0
P00450,Mumbai,Mumbai-Mid-6,Mid,Super built-up Area,2070.2,3,3,2,24,8.79,Semi-Furnished,East,0,0,4,2,31850000.0
P00451,Bengaluru,Bengaluru-Premium-4,Premium,Plot Area,979.2,2,2,1,21,2.27,Unfurnished,West,2,0,5,3,7262000.0
P00452,Mumbai,Mumbai-Mid-8,Mid,Built-up Area,1123.8,2,2,2,12,11.89,Semi-Furnished,East,1,1,5,1,17197000.0
P00453,Delhi,Delhi-Emerging-3,Emerging,Plot Area,1957.8,3,2,2,22,14.06,Unfurnished,South,0,1,0,2,11498000.0
P00454,Delhi,Delhi-Premium-8,Premium,Built-up Area,3160.1,5,5,1,9,5.25,Semi-Furnished,North,2,1,2,3,48660000.0
P00455,Pune,Pune-Emerging-2,Emerging,Super built-up Area,1148.8,2,2,0,10,22.02,Semi-Furnished,North,2,0,2,0,3088000.0
P00456,Mumbai,Mumbai-Emerging-5,Emerging,Super built-up Area,1279.7,2,1,1,3,23.59,Semi-Furnished,North,0,1,2,3,12713000.0
P00457,Pune,Pune-Emerging-4,Emerging,Carpet Area,1758.3,3,2,0,2,23.05,Semi-Furnished,East,2,1,5,0,5149000.0
P00458,Bengaluru,Bengaluru-Mid-1,Mid,Super built-up Area,1075.2,2,2,1,7,14.17,Semi-Furnished,South-East,0,0,1,2,6317000.0
P00459,Chennai,Chennai-Emerging-4,Emerging,Plot Area,2329.9,4,3,0,6,19.5,Unfurnished,North,0,1,2,1,7194000.0
P00460,Bengaluru,Bengaluru-Emerging-6,Emerging,Super built-up Area,1356.4,3,2,2,23,23.82,Semi-Furnished,East,2,1,5,2,3730000.0
P00461,Pune,Pune-Emerging-8,Emerging,Super built-up Area,1215.5,2,3,1,14,12.73,Unfurnished,East,1,1,0,1,4524000.0
P00462,Hyderabad,Hyderabad-Emerging-7,Emerging,Super built-up Area,2655.1,5,4,3,11,27.86,Fully Furnished,West,0,0,0,0,6515000.0
P00463,Pune,Pune-Mid-4,Mid,Plot Area,829.0,2,1,0,6,13.77,Fully Furnished,South,0,1,5,2,4765000.0
P00464,Chennai,Chennai-Premium-7,Premium,Plot Area,1124.4,2,1,1,15,3.91,Fully Furnished,South,1,1,5,0,8009000.0
P00465,Mumbai,Mumbai-Emerging-3,Emerging,Built-up Area,1060.7,2,1,0,7,27.88,Unfurnished,West,0,1,5,2,9038000.0
P00466,Mumbai,Mumbai-Emerging-5,Emerging,Built-up Area,1673.4,4,5,2,16,25.53,Semi-Furnished,South-East,0,0,2,0,10246000.0
P00467,Mumbai,Mumbai-Premium-7,Premium,Carpet Area,1004.8,2,3,0,14,1.38,Unfurnished,West,2,1,5,2,26357000.0
P00468,Chennai,Chennai-Mid-5,Mid,Plot Area,1656.7,3,2,2,22,11.06,Semi-Furnished,East,2,0,2,3,7481000.0
P00469,Hyderabad,Hyderabad-Emerging-5,Emerging,Carpet Area,1396.8,2,2,0,0,25.82,Semi-Furnished,East,1,0,5,3,4530000.0
P00470,Chennai,Chennai-Premium-3,Premium,Super built-up Area,967.1,2,2,0,21,1.63,Unfurnished,West,2,1,3,0,6825000.0
P00471,Bengaluru,Bengaluru-Emerging-1,Emerging,Super built-up Area,1208.6,2,1,2,18,18.59,Unfurnished,West,2,1,1,0,4153000.0
P00472,Mumbai,Mumbai-Premium-4,Premium,Plot Area,2134.1,4,4,1,9,4.06,Semi-Furnished,South,2,1,2,0,47520000.0
P00473,Hyderabad,Hyderabad-Emerging-6,Emerging,Built-up Area,1066.0,2,2,0,18,22.05,Unfurnished,South-East,2,1,4,2,2166000.0
P00474,Pune,Pune-Mid-8,Mid,Carpet Area,1631.9,3,2,2,19,12.88,Fully Furnished,South,0,0,5,1,6908000.0
P00475,Chennai,Chennai-Emerging-6,Emerging,Built-up Area,2037.2,3,2,1,6,20.16,Unfurnished,East,1,0,3,0,5396000.0
P00476,Mumbai,Mumbai-Mid-4,Mid,Built-up Area,1495.9,4,4,1,7,14.42,Semi-Furnished,West,1,1,1,3,26512000.0
P00477,Hyderabad,Hyderabad-Mid-7,Mid,Plot Area,1162.6,2,2,2,14,7.34,Unfurnished,East,1,1,2,0,5961000.0
P00478,Delhi,Delhi-Mid-5,Mid,Plot Area,1271.9,2,3,0,1,11.27,Fully Furnished,West,1,1,5,1,12316000.0
P00479,Mumbai,Mumbai-Mid-4,Mid,Built-up Area,1186.3,2,1,0,6,12.52,Semi-Furnished,North-East,2,0,2,0,19230000.0
P00480,Pune,Pune-Premium-8,Premium,Built-up Area,1555.9,3,2,2,3,0.36,Unfurnished,East,1,1,4,1,14744000.0
P00481,Mumbai,Mumbai-Premium-6,Premium,Super built-up Area,1055.4,2,2,1,21,4.79,Unfurnished,South-East,0,1,3,3,25550000.0
P00482,Hyderabad,Hyderabad-Mid-6,Mid,Built-up Area,1484.0,3,3,3,6,8.49,Fully Furnished,North,1,1,4,1,9377000.0
P00483,Mumbai,Mumbai-Mid-5,Mid,Super built-up Area,1639.2,3,3,2,7,11.55,Semi-Furnished,North-East,2,0,2,1,26982000.0
P00484,Chennai,Chennai-Emerging-3,Emerging,Super built-up Area,1653.1,3,3,3,24,20.89,Semi-Furnished,South,1,1,0,3,2986000.0
P00485,Bengaluru,Bengaluru-Mid-7,Mid,Built-up Area,3063.8,5,6,1,15,8.38,Unfurnished,North-East,1,1,0,0,14920000.0
P00486,Mumbai,Mumbai-Mid-8,Mid,Plot Area,1875.4,4,5,2,9,5.15,Semi-Furnished,North-East,1,1,0,1,31678000.0
P00487,Chennai,Chennai-Mid-8,Mid,Carpet Area,1223.1,2,2,2,22,12.02,Unfurnished,South,1,1,3,0,5344000.0
P00488,Mumbai,Mumbai-Premium-4,Premium,Built-up Area,2890.9,5,5,4,11,0.84,Unfurnished,West,0,1,1,0,75431000.0
P00489,Chennai,Chennai-Premium-8,Premium,Super built-up Area,955.1,2,1,1,17,3.89,Semi-Furnished,South,1,1,0,0,7112000.0
P00490,Delhi,Delhi-Premium-5,Premium,Plot Area,1318.2,2,3,0,21,2.39,Fully Furnished,South-East,1,1,4,2,18518000.0
P00491,Delhi,Delhi-Mid-6,Mid,Super built-up Area,922.6,2,1,0,2,14.26,Fully Furnished,East,1,1,4,2,8180000.0
P00492,Hyderabad,Hyderabad-Mid-3,Mid,Built-up Area,2831.7,4,5,4,16,12.47,Semi-Furnished,North,2,0,5,1,13354000.0
P00493,Mumbai,Mumbai-Mid-6,Mid,Plot Area,1624.1,3,3,1,11,8.34,Fully Furnished,North,0,0,4,0,21995000.0
P00494,Delhi,Delhi-Mid-6,Mid,Plot Area,1660.9,3,2,3,22,5.68,Semi-Furnished,West,1,1,5,1,14343000.0
P00495,Chennai,Chennai-Emerging-7,Emerging,Carpet Area,1459.5,3,4,2,17,13.91,Semi-Furnished,South,0,1,0,1,3924000.0
P00496,Bengaluru,Bengaluru-Mid-8,Mid,Plot Area,1196.6,2,3,0,23,10.38,Semi-Furnished,North-East,2,1,4,0,5693000.0
P00497,Hyderabad,Hyderabad-Mid-8,Mid,Plot Area,639.2,1,2,1,0,14.69,Semi-Furnished,South-East,0,1,1,2,4132000.0
P00498,Chennai,Chennai-Premium-1,Premium,Plot Area,553.6,1,2,1,6,4.78,Unfurnished,South-East,2,1,2,2,5721000.0
P00499,Mumbai,Mumbai-Mid-8,Mid,Super built-up Area,1754.6,3,4,3,2,5.01,Fully Furnished,West,0,1,4,0,31545000.0
P00500,Chennai,Chennai-Mid-8,Mid,Carpet Area,582.6,1,1,1,12,8.37,Unfurnished,West,1,0,4,0,3290000.0
P00501,Pune,Pune-Premium-2,Premium,Plot Area,1175.9,2,1,0,20,5.32,Unfurnished,East,0,1,0,3,10720000.0
P00502,Hyderabad,Hyderabad-Mid-8,Mid,Super built-up Area,1059.6,2,3,2,8,8.69,Unfurnished,South,2,1,5,2,5893000.0
P00503,Bengaluru,Bengaluru-Premium-4,Premium,Carpet Area,478.1,1,1,0,3,4.32,Semi-Furnished,North,1,1,3,1,5333000.0
P00504,Delhi,Delhi-Emerging-5,Emerging,Carpet Area,802.4,2,2,0,7,24.94,Unfurnished,South-East,1,1,1,2,4959000.0
P00505,Bengaluru,Bengaluru-Premium-3,Premium,Carpet Area,1344.3,2,2,2,12,4.06,Unfurnished,North,0,1,5,1,10986000.0
P00506,Chennai,Chennai-Mid-3,Mid,Plot Area,486.2,1,2,1,24,8.37,Semi-Furnished,North-East,2,1,4,3,1820000.0
P00507,Pune,Pune-Mid-8,Mid,Super built-up Area,1130.8,3,4,1,16,14.56,Fully Furnished,South-East,0,1,5,3,6334000.0
P00508,Delhi,Delhi-Mid-3,Mid,Plot Area,1619.8,3,2,1,11,6.36,Unfurnished,West,1,1,1,3,16027000.0
P00509,Delhi,Delhi-Emerging-1,Emerging,Plot Area,1923.5,3,3,2,7,20.94,Semi-Furnished,South-East,2,1,2,3,9703000.0
P00510,Hyderabad,Hyderabad-Premium-8,Premium,Carpet Area,839.2,2,1,1,10,5.59,Unfurnished,East,1,1,1,2,6661000.0
P00511,Bengaluru,Bengaluru-Emerging-5,Emerging,Carpet Area,1404.0,3,3,0,22,26.76,Unfurnished,East,2,1,1,0,3330000.0
P00512,Mumbai,Mumbai-Mid-4,Mid,Built-up Area,978.9,2,2,1,11,10.54,Fully Furnished,West,0,0,1,2,14944000.0
P00513,Chennai,Chennai-Mid-6,Mid,Built-up Area,1196.2,2,3,1,24,10.44,Semi-Furnished,West,1,0,5,2,4036000.0
P00514,Hyderabad,Hyderabad-Emerging-5,Emerging,Super built-up Area,560.3,1,2,0,4,15.42,Unfurnished,West,1,1,4,0,1607000.0
P00515,Bengaluru,Bengaluru-Premium-3,Premium,Built-up Area,3076.8,5,6,1,16,3.64,Semi-Furnished,North-East,1,0,5,2,33030000.0
P00516,Mumbai,Mumbai-Emerging-3,Emerging,Super built-up Area,2369.7,4,3,4,0,24.59,Semi-Furnished,South,2,1,4,2,21918000.0
P00517,Pune,Pune-Mid-1,Mid,Carpet Area,2655.1,4,5,4,12,10.47,Unfurnished,South-East,0,1,2,3,11350000.0
P00518,Chennai,Chennai-Emerging-3,Emerging,Carpet Area,2380.1,4,5,3,5,18.28,Semi-Furnished,North,2,1,4,0,8080000.0
P00519,Chennai,Chennai-Emerging-2,Emerging,Super built-up Area,2420.0,4,3,2,21,17.89,Unfurnished,West,1,0,3,2,4710000.0
P00520,Mumbai,Mumbai-Emerging-1,Emerging,Built-up Area,1276.1,3,2,3,23,20.5,Semi-Furnished,North-East,0,1,1,1,7825000.0
P00521,Pune,Pune-Mid-3,Mid,Carpet Area,1431.5,3,4,3,0,9.59,Unfurnished,East,1,0,4,2,8122000.0
P00522,Pune,Pune-Emerging-3,Emerging,Carpet Area,1065.6,2,2,0,2,17.78,Fully Furnished,South,1,1,0,0,3925000.0
P00523,Chennai,Chennai-Mid-8,Mid,Plot Area,1149.8,2,2,0,18,8.4,Unfurnished,North,0,1,3,3,5283000.0
P00524,Chennai,Chennai-Mid-5,Mid,Plot Area,1203.5,2,1,0,8,9.79,Fully Furnished,East,0,1,5,0,7037000.0
P00525,Hyderabad,Hyderabad-Emerging-7,Emerging,Carpet Area,2466.9,4,5,2,1,20.77,Fully Furnished,East,1,1,3,1,6280000.0
P00526,Pune,Pune-Emerging-4,Emerging,Super built-up Area,699.1,1,1,1,19,12.55,Unfurnished,North,0,1,5,3,1858000.0
P00527,Hyderabad,Hyderabad-Mid-8,Mid,Plot Area,1200.2,2,1,0,18,10.42,Semi-Furnished,South-East,1,1,4,3,4385000.0
P00528,Bengaluru,Bengaluru-Premium-6,Premium,Carpet Area,1811.7,3,3,0,2,2.77,Unfurnished,North,0,1,0,2,18837000.0
P00529,Delhi,Delhi-Emerging-2,Emerging,Plot Area,1215.0,2,3,2,14,23.45,Unfurnished,South-East,0,1,0,0,4833000.0
P00530,Delhi,Delhi-Emerging-8,Emerging,Plot Area,2536.8,4,5,0,18,22.28,Semi-Furnished,West,0,1,1,1,10197000.0
P00531,Mumbai,Mumbai-Emerging-5,Emerging,Plot Area,1370.6,3,4,0,8,19.71,Fully Furnished,West,2,1,4,0,10989000.0
P00532,Mumbai,Mumbai-Emerging-2,Emerging,Built-up Area,1567.6,3,3,1,20,18.2,Unfurnished,East,1,0,3,2,10738000.0
P00533,Bengaluru,Bengaluru-Mid-8,Mid,Super built-up Area,1473.0,3,3,1,21,6.61,Fully Furnished,South,2,1,0,3,5787000.0
P00534,Chennai,Chennai-Mid-6,Mid,Plot Area,1663.4,3,2,2,14,6.88,Semi-Furnished,East,2,0,4,2,8153000.0
P00535,Mumbai,Mumbai-Mid-5,Mid,Plot Area,1479.1,3,3,2,19,13.7,Unfurnished,South-East,0,1,0,1,21940000.0
P00536,Hyderabad,Hyderabad-Premium-2,Premium,Super built-up Area,1194.9,2,3,1,22,0.67,Unfurnished,South,1,0,3,2,8122000.0
P00537,Delhi,Delhi-Premium-7,Premium,Carpet Area,943.4,2,1,1,6,3.3,Unfurnished,South,0,1,1,3,14495000.0
P00538,Pune,Pune-Mid-6,Mid,Built-up Area,1244.9,2,1,0,13,13.54,Unfurnished,North,0,1,0,1,6847000.0
P00539,Hyderabad,Hyderabad-Premium-8,Premium,Carpet Area,1611.3,3,2,2,3,0.45,Fully Furnished,West,2,1,4,0,15996000.0
P00540,Chennai,Chennai-Mid-3,Mid,Built-up Area,2437.6,4,4,2,24,6.46,Unfurnished,North,1,0,5,3,11503000.0
P00541,Mumbai,Mumbai-Mid-7,Mid,Plot Area,2404.4,4,4,2,10,14.98,Semi-Furnished,East,2,0,4,3,38727000.0
P00542,Mumbai,Mumbai-Mid-1,Mid,Built-up Area,2179.4,4,3,3,9,9.03,Semi-Furnished,South,2,0,3,1,36400000.0
P00543,Bengaluru,Bengaluru-Premium-6,Premium,Carpet Area,1051.2,2,1,2,13,0.29,Semi-Furnished,South-East,2,1,2,0,11493000.0
P00544,Chennai,Chennai-Mid-1,Mid,Carpet Area,2351.3,4,3,0,18,8.27,Unfurnished,East,0,1,5,1,11375000.0
P00545,Hyderabad,Hyderabad-Emerging-6,Emerging,Carpet Area,1147.2,2,2,0,5,24.69,Semi-Furnished,North-East,1,0,5,2,3989000.0
P00546,Chennai,Chennai-Premium-8,Premium,Plot Area,1065.8,2,2,1,15,5.95,Unfurnished,East,1,1,1,1,7487000.0
P00547,Pune,Pune-Emerging-8,Emerging,Carpet Area,1945.7,5,5,2,13,12.38,Semi-Furnished,West,1,1,0,0,6496000.0
P00548,Mumbai,Mumbai-Mid-4,Mid,Carpet Area,757.9,2,1,0,16,6.11,Semi-Furnished,South-East,1,1,0,1,11848000.0
P00549,Chennai,Chennai-Premium-5,Premium,Carpet Area,700.5,2,1,1,9,2.56,Unfurnished,North,1,0,4,3,5499000.0
P00550,Delhi,Delhi-Premium-4,Premium,Built-up Area,2362.0,4,5,4,23,0.71,Unfurnished,North-East,1,1,0,1,28084000.0
P00551,Pune,Pune-Emerging-2,Emerging,Built-up Area,1249.5,2,1,0,0,20.12,Fully Furnished,South,2,1,0,2,4273000.0
P00552,Hyderabad,Hyderabad-Mid-6,Mid,Carpet Area,1920.3,4,3,4,14,9.24,Unfurnished,South,1,1,5,1,12348000.0
P00553,Chennai,Chennai-Mid-8,Mid,Built-up Area,1082.3,2,3,2,3,14.78,Unfurnished,North-East,0,0,1,2,6161000.0
P00554,Hyderabad,Hyderabad-Premium-4,Premium,Built-up Area,1962.5,4,3,3,5,3.03,Fully Furnished,East,2,0,4,2,17552000.0
P00555,Hyderabad,Hyderabad-Emerging-2,Emerging,Plot Area,1564.7,3,4,2,3,15.89,Unfurnished,South-East,0,0,5,1,6133000.0
P00556,Chennai,Chennai-Premium-4,Premium,Super built-up Area,1671.2,3,2,3,24,0.8,Unfurnished,North-East,1,1,0,2,11734000.0
P00557,Delhi,Delhi-Emerging-6,Emerging,Built-up Area,1010.1,2,3,0,10,27.81,Unfurnished,East,2,1,0,3,4272000.0
P00558,Delhi,Delhi-Premium-6,Premium,Plot Area,1204.0,3,2,1,6,4.45,Unfurnished,North-East,0,1,4,0,18728000.0
P00559,Mumbai,Mumbai-Mid-3,Mid,Carpet Area,1027.8,2,1,1,17,10.81,Semi-Furnished,South,0,1,4,3,13755000.0
P00560,Mumbai,Mumbai-Mid-6,Mid,Super built-up Area,475.2,1,1,0,22,10.89,Unfurnished,South-East,0,1,2,2,6265000.0
P00561,Hyderabad,Hyderabad-Mid-1,Mid,Super built-up Area,1664.3,3,2,1,11,8.29,Unfurnished,North-East,0,1,1,2,10364000.0
P00562,Delhi,Delhi-Mid-6,Mid,Plot Area,1407.1,4,5,1,19,10.84,Unfurnished,East,1,1,4,3,9396000.0
P00563,Delhi,Delhi-Emerging-6,Emerging,Built-up Area,1376.3,2,1,1,3,27.76,Fully Furnished,South-East,2,0,4,3,6534000.0
P00564,Pune,Pune-Emerging-1,Emerging,Plot Area,1045.5,2,3,2,23,25.53,Unfurnished,South,0,1,4,1,2333000.0
P00565,Mumbai,Mumbai-Premium-5,Premium,Super built-up Area,691.4,2,1,0,19,1.29,Unfurnished,North,2,1,3,2,15889000.0
P00566,Mumbai,Mumbai-Emerging-3,Emerging,Plot Area,1197.5,2,3,1,17,26.19,Semi-Furnished,East,1,1,2,0,6763000.0
P00567,Bengaluru,Bengaluru-Premium-8,Premium,Carpet Area,1264.2,2,2,0,3,3.06,Unfurnished,East,1,1,2,2,17610000.0
P00568,Chennai,Chennai-Emerging-1,Emerging,Built-up Area,1971.9,4,4,4,9,18.37,Fully Furnished,West,2,1,4,3,6292000.0
P00569,Pune,Pune-Mid-8,Mid,Carpet Area,2345.5,4,3,0,8,5.56,Semi-Furnished,South,0,0,5,2,13568000.0
P00570,Mumbai,Mumbai-Mid-8,Mid,Carpet Area,531.7,1,1,1,5,13.4,Semi-Furnished,North,2,1,1,0,8713000.0
P00571,Pune,Pune-Emerging-2,Emerging,Built-up Area,1394.6,3,3,0,14,27.16,Semi-Furnished,North-East,1,1,1,3,4184000.0
P00572,Hyderabad,Hyderabad-Mid-5,Mid,Carpet Area,1130.2,2,2,0,17,9.29,Fully Furnished,West,0,1,3,3,5914000.0
P00573,Hyderabad,Hyderabad-Emerging-4,Emerging,Plot Area,1337.4,2,1,1,12,18.29,Semi-Furnished,North-East,2,1,0,2,4191000.0
P00574,Delhi,Delhi-Emerging-3,Emerging,Carpet Area,2099.9,4,3,2,15,27.03,Unfurnished,South-East,0,0,0,1,8263000.0
P00575,Bengaluru,Bengaluru-Premium-5,Premium,Super built-up Area,1058.3,2,3,0,20,5.87,Semi-Furnished,South,0,1,4,0,9635000.0
P00576,Pune,Pune-Emerging-7,Emerging,Super built-up Area,1319.9,2,1,1,18,16.23,Fully Furnished,East,0,1,2,1,4367000.0
P00577,Bengaluru,Bengaluru-Premium-8,Premium,Super built-up Area,767.3,2,1,2,12,1.56,Semi-Furnished,West,0,1,5,3,7851000.0
P00578,Mumbai,Mumbai-Premium-6,Premium,Plot Area,1833.9,4,3,1,8,2.26,Unfurnished,South-East,2,1,2,1,44189000.0
P00579,Chennai,Chennai-Mid-6,Mid,Carpet Area,1034.1,2,1,2,4,7.58,Unfurnished,East,2,1,0,1,6035000.0
P00580,Bengaluru,Bengaluru-Mid-3,Mid,Super built-up Area,970.2,2,3,0,24,13.26,Semi-Furnished,North-East,1,0,1,2,3702000.0
P00581,Bengaluru,Bengaluru-Emerging-8,Emerging,Plot Area,1272.3,2,3,1,14,15.72,Semi-Furnished,North-East,2,0,5,0,3608000.0
P00582,Mumbai,Mumbai-Emerging-4,Emerging,Carpet Area,1862.7,3,2,0,24,22.01,Unfurnished,South-East,0,1,5,2,12658000.0
P00583,Bengaluru,Bengaluru-Mid-1,Mid,Plot Area,2965.6,4,4,4,4,13.5,Fully Furnished,North,1,1,4,0,15721000.0
P00584,Delhi,Delhi-Premium-4,Premium,Built-up Area,406.8,1,2,1,22,2.22,Semi-Furnished,South,2,1,0,3,4780000.0
P00585,Chennai,Chennai-Mid-6,Mid,Built-up Area,1066.3,2,1,1,3,13.12,Unfurnished,North,2,1,2,0,5436000.0
P00586,Chennai,Chennai-Premium-6,Premium,Carpet Area,2315.8,4,4,1,15,3.65,Fully Furnished,South,1,1,4,1,22580000.0
P00587,Hyderabad,Hyderabad-Emerging-1,Emerging,Super built-up Area,2425.3,5,5,1,12,13.17,Unfurnished,North,0,1,3,3,7583000.0
P00588,Mumbai,Mumbai-Premium-6,Premium,Carpet Area,1497.7,3,2,0,18,5.64,Fully Furnished,South-East,0,1,4,1,32217000.0
P00589,Hyderabad,Hyderabad-Premium-4,Premium,Built-up Area,2399.0,5,5,2,21,4.49,Semi-Furnished,North,1,1,0,2,19356000.0
P00590,Pune,Pune-Premium-1,Premium,Plot Area,1108.5,2,3,0,24,5.69,Semi-Furnished,North-East,1,1,0,1,8047000.0
P00591,Hyderabad,Hyderabad-Mid-1,Mid,Carpet Area,1539.4,3,3,1,19,6.19,Unfurnished,North,2,0,1,1,8887000.0
P00592,Bengaluru,Bengaluru-Mid-1,Mid,Built-up Area,1057.6,2,1,2,18,9.29,Unfurnished,North-East,2,0,4,0,4960000.0
P00593,Hyderabad,Hyderabad-Mid-6,Mid,Super built-up Area,1930.9,4,3,3,23,10.85,Fully Furnished,East,0,1,2,2,7907000.0
P00594,Delhi,Delhi-Mid-2,Mid,Plot Area,1808.0,3,2,2,7,6.41,Fully Furnished,East,2,0,4,0,16248000.0
P00595,Pune,Pune-Emerging-5,Emerging,Carpet Area,1233.7,3,4,0,17,19.75,Fully Furnished,South-East,0,1,3,1,3242000.0
P00596,Bengaluru,Bengaluru-Mid-1,Mid,Plot Area,1457.7,3,2,2,13,12.23,Unfurnished,West,1,1,1,0,8844000.0
P00597,Hyderabad,Hyderabad-Premium-3,Premium,Plot Area,1011.3,2,2,1,14,4.01,Semi-Furnished,East,0,1,3,2,9306000.0
P00598,Chennai,Chennai-Emerging-7,Emerging,Carpet Area,1684.4,3,4,2,13,26.92,Semi-Furnished,South-East,2,1,5,2,4817000.0
P00599,Mumbai,Mumbai-Mid-5,Mid,Carpet Area,861.9,2,2,2,23,8.34,Fully Furnished,West,1,0,0,1,9766000.0
P00600,Bengaluru,Bengaluru-Emerging-5,Emerging,Super built-up Area,842.7,2,1,0,5,26.12,Semi-Furnished,South,1,0,2,3,2982000.0
P00601,Bengaluru,Bengaluru-Emerging-2,Emerging,Super built-up Area,964.1,2,3,2,19,18.94,Unfurnished,South-East,0,0,3,0,2695000.0
P00602,Pune,Pune-Emerging-1,Emerging,Plot Area,2284.1,4,3,4,11,22.53,Semi-Furnished,North,1,1,4,2,7694000.0
P00603,Chennai,Chennai-Mid-3,Mid,Super built-up Area,2442.2,4,3,1,9,12.94,Fully Furnished,North,0,1,3,3,11537000.0
P00604,Chennai,Chennai-Emerging-5,Emerging,Plot Area,2185.9,4,3,3,2,15.31,Fully Furnished,South-East,1,1,0,0,8690000.0
P00605,Mumbai,Mumbai-Mid-8,Mid,Plot Area,497.8,1,2,0,22,11.81,Unfurnished,South,2,0,1,1,5750000.0
P00606,Bengaluru,Bengaluru-Mid-5,Mid,Super built-up Area,2854.6,5,5,5,5,10.5,Unfurnished,North-East,2,1,2,0,13096000.0
P00607,Mumbai,Mumbai-Emerging-7,Emerging,Super built-up Area,1767.4,3,3,0,22,26.92,Unfurnished,South,2,1,0,1,14753000.0
P00608,Mumbai,Mumbai-Premium-2,Premium,Plot Area,1408.2,2,2,1,21,3.31,Semi-Furnished,East,1,0,3,2,34676000.0
P00609,Bengaluru,Bengaluru-Premium-7,Premium,Built-up Area,1300.3,3,4,3,22,1.46,Unfurnished,East,1,0,5,1,13902000.0
P00610,Chennai,Chennai-Emerging-6,Emerging,Carpet Area,1481.9,3,3,1,11,20.39,Semi-Furnished,North,0,1,0,1,3132000.0
P00611,Bengaluru,Bengaluru-Premium-5,Premium,Built-up Area,1567.0,4,3,2,14,3.82,Fully Furnished,East,1,1,1,3,14872000.0
P00612,Hyderabad,Hyderabad-Mid-6,Mid,Built-up Area,1154.2,2,3,0,5,14.88,Unfurnished,North,2,1,5,0,6294000.0
P00613,Bengaluru,Bengaluru-Emerging-2,Emerging,Plot Area,1311.3,3,4,2,18,22.98,Fully Furnished,South,1,1,3,2,2955000.0
P00614,Chennai,Chennai-Premium-3,Premium,Plot Area,1054.1,2,3,2,5,3.1,Unfurnished,North,1,1,4,1,8277000.0
P00615,Mumbai,Mumbai-Premium-5,Premium,Built-up Area,1281.1,2,1,0,5,2.28,Semi-Furnished,North,1,1,3,3,40497000.0
P00616,Hyderabad,Hyderabad-Premium-8,Premium,Plot Area,1485.5,2,2,1,0,2.55,Fully Furnished,East,2,1,2,2,14772000.0
P00617,Delhi,Delhi-Mid-4,Mid,Carpet Area,1632.4,3,2,1,15,6.82,Semi-Furnished,South,2,1,4,2,13582000.0
P00618,Bengaluru,Bengaluru-Mid-2,Mid,Carpet Area,2063.3,3,4,0,10,7.57,Semi-Furnished,West,0,1,4,0,11302000.0
P00619,Mumbai,Mumbai-Mid-7,Mid,Built-up Area,1456.1,2,1,0,10,10.5,Semi-Furnished,North,1,1,3,0,22023000.0
P00620,Pune,Pune-Mid-1,Mid,Super built-up Area,1644.4,3,2,2,9,5.27,Semi-Furnished,South-East,0,0,1,1,8785000.0
P00621,Hyderabad,Hyderabad-Emerging-6,Emerging,Super built-up Area,1714.7,3,4,1,2,17.81,Unfurnished,North-East,1,1,0,1,4897000.0
P00622,Chennai,Chennai-Mid-5,Mid,Super built-up Area,1702.5,3,4,2,16,12.24,Semi-Furnished,North-East,2,1,4,2,7989000.0
P00623,Pune,Pune-Mid-6,Mid,Built-up Area,2179.3,3,4,0,5,6.66,Semi-Furnished,North,0,1,0,2,14003000.0
P00624,Hyderabad,Hyderabad-Mid-4,Mid,Super built-up Area,1887.9,3,3,0,23,14.69,Semi-Furnished,North,0,1,0,3,8257000.0
P00625,Bengaluru,Bengaluru-Premium-7,Premium,Plot Area,1642.4,3,2,1,11,1.39,Unfurnished,South-East,2,0,1,3,17474000.0
P00626,Bengaluru,Bengaluru-Emerging-3,Emerging,Super built-up Area,1066.3,3,3,2,8,18.54,Unfurnished,South-East,0,0,1,2,2991000.0
P00627,Chennai,Chennai-Emerging-1,Emerging,Plot Area,2250.7,4,4,4,8,27.4,Fully Furnished,West,2,1,4,3,6950000.0
P00628,Mumbai,Mumbai-Mid-4,Mid,Plot Area,806.4,3,3,3,1,14.57,Unfurnished,West,1,1,3,2,11738000.0
P00629,Hyderabad,Hyderabad-Premium-4,Premium,Super built-up Area,1964.2,3,3,2,0,0.82,Semi-Furnished,North,1,0,1,2,19617000.0
P00630,Chennai,Chennai-Emerging-7,Emerging,Plot Area,1039.1,2,3,1,9,14.95,Unfurnished,South,0,1,4,1,3952000.0
P00631,Hyderabad,Hyderabad-Mid-7,Mid,Built-up Area,582.7,1,2,0,11,11.48,Semi-Furnished,East,0,1,5,3,2610000.0
P00632,Mumbai,Mumbai-Premium-6,Premium,Super built-up Area,2079.5,3,4,2,2,3.0,Semi-Furnished,North-East,2,1,1,3,51908000.0
P00633,Mumbai,Mumbai-Emerging-6,Emerging,Built-up Area,1058.6,2,2,0,14,17.11,Fully Furnished,South,2,1,2,3,7167000.0
P00634,Chennai,Chennai-Mid-2,Mid,Plot Area,1680.2,4,5,1,6,11.21,Unfurnished,North-East,1,1,1,3,8298000.0
P00635,Hyderabad,Hyderabad-Mid-6,Mid,Built-up Area,1627.4,3,4,1,15,12.49,Unfurnished,South-East,1,1,0,0,9230000.0
P00636,Pune,Pune-Emerging-8,Emerging,Carpet Area,2504.2,5,5,2,7,14.21,Semi-Furnished,South-East,2,1,5,0,7302000.0
P00637,Hyderabad,Hyderabad-Mid-6,Mid,Carpet Area,1169.6,2,2,0,4,9.75,Semi-Furnished,West,0,1,2,0,7137000.0
P00638,Hyderabad,Hyderabad-Emerging-4,Emerging,Built-up Area,1828.5,3,4,2,10,26.61,Unfurnished,South-East,2,1,0,1,5730000.0
P00639,Chennai,Chennai-Premium-1,Premium,Plot Area,2038.1,4,5,2,21,3.83,Semi-Furnished,West,0,0,0,0,14526000.0
P00640,Mumbai,Mumbai-Emerging-4,Emerging,Carpet Area,962.7,2,1,1,20,25.38,Semi-Furnished,North-East,2,1,0,1,5997000.0
P00641,Delhi,Delhi-Premium-1,Premium,Super built-up Area,2010.2,3,4,2,16,2.69,Unfurnished,South,2,0,1,2,30869000.0
P00642,Mumbai,Mumbai-Emerging-4,Emerging,Built-up Area,2145.9,4,4,4,10,23.57,Fully Furnished,South-East,0,1,2,1,17202000.0
P00643,Pune,Pune-Mid-8,Mid,Plot Area,2375.5,4,4,4,8,8.6,Unfurnished,North-East,1,1,0,1,10500000.0
P00644,Mumbai,Mumbai-Mid-1,Mid,Plot Area,890.8,2,2,0,9,14.2,Fully Furnished,West,1,0,1,0,15146000.0
P00645,Delhi,Delhi-Emerging-7,Emerging,Plot Area,1787.8,4,3,0,9,17.74,Unfurnished,West,0,1,4,2,9557000.0
P00646,Mumbai,Mumbai-Emerging-6,Emerging,Built-up Area,1377.2,2,3,0,23,19.47,Unfurnished,South-East,0,1,3,1,7628000.0
P00647,Pune,Pune-Mid-7,Mid,Super built-up Area,1015.7,2,3,0,2,11.0,Semi-Furnished,South,2,1,5,2,6047000.0
P00648,Bengaluru,Bengaluru-Emerging-4,Emerging,Carpet Area,1866.2,3,3,1,7,18.1,Semi-Furnished,North-East,1,1,2,3,8538000.0
P00649,Mumbai,Mumbai-Mid-2,Mid,Carpet Area,1417.7,3,2,3,19,8.49,Unfurnished,East,1,1,1,2,23381000.0
P00650,Mumbai,Mumbai-Emerging-1,Emerging,Built-up Area,1261.8,2,2,2,2,22.0,Unfurnished,North,2,1,0,2,10100000.0
P00651,Pune,Pune-Emerging-1,Emerging,Built-up Area,918.5,2,1,0,3,17.6,Semi-Furnished,North,2,1,0,0,3342000.0
P00652,Bengaluru,Bengaluru-Mid-2,Mid,Built-up Area,1365.0,2,3,1,9,8.97,Unfurnished,South,0,1,2,0,7608000.0
P00653,Bengaluru,Bengaluru-Emerging-2,Emerging,Super built-up Area,3564.5,5,5,4,8,18.83,Fully Furnished,South,2,0,2,2,9841000.0
P00654,Chennai,Chennai-Emerging-5,Emerging,Built-up Area,1131.4,3,4,2,15,19.79,Unfurnished,South,0,1,2,0,2455000.0
P00655,Pune,Pune-Mid-8,Mid,Built-up Area,1113.8,2,3,1,23,7.46,Unfurnished,North-East,0,1,0,0,6338000.0
P00656,Chennai,Chennai-Emerging-6,Emerging,Built-up Area,2905.5,5,4,5,22,17.34,Fully Furnished,South-East,2,1,4,3,7253000.0
P00657,Bengaluru,Bengaluru-Premium-4,Premium,Built-up Area,1760.0,3,4,0,6,2.16,Fully Furnished,North,0,1,3,0,20440000.0
P00658,Chennai,Chennai-Mid-3,Mid,Carpet Area,1978.4,3,3,2,4,7.42,Semi-Furnished,South,2,1,2,2,10399000.0
P00659,Bengaluru,Bengaluru-Mid-8,Mid,Carpet Area,1674.9,2,3,2,5,6.51,Fully Furnished,East,2,0,1,0,12470000.0
P00660,Chennai,Chennai-Emerging-7,Emerging,Super built-up Area,1982.3,3,4,3,4,17.02,Fully Furnished,East,1,1,1,1,7868000.0
P00661,Bengaluru,Bengaluru-Emerging-1,Emerging,Carpet Area,1482.3,3,4,1,2,23.25,Unfurnished,North-East,0,0,0,2,4123000.0
P00662,Pune,Pune-Emerging-1,Emerging,Built-up Area,776.2,2,2,0,19,25.5,Semi-Furnished,North-East,0,1,0,1,2169000.0
P00663,Hyderabad,Hyderabad-Premium-5,Premium,Super built-up Area,2201.2,4,5,3,3,4.44,Semi-Furnished,South-East,1,1,2,2,20004000.0
P00664,Hyderabad,Hyderabad-Premium-1,Premium,Plot Area,878.9,3,2,2,9,4.97,Semi-Furnished,West,0,1,5,0,7929000.0
P00665,Pune,Pune-Premium-7,Premium,Plot Area,1427.2,3,2,3,24,0.14,Unfurnished,North-East,2,1,1,1,12255000.0
P00666,Chennai,Chennai-Mid-8,Mid,Plot Area,1768.0,3,2,1,0,10.13,Semi-Furnished,East,2,1,0,3,11083000.0
P00667,Bengaluru,Bengaluru-Premium-8,Premium,Carpet Area,1913.5,3,4,0,13,1.05,Semi-Furnished,East,1,1,2,3,18448000.0
P00668,Mumbai,Mumbai-Mid-4,Mid,Plot Area,2179.0,4,5,0,8,13.45,Semi-Furnished,South,2,1,5,3,34586000.0
P00669,Mumbai,Mumbai-Mid-7,Mid,Plot Area,1484.4,3,3,1,19,11.1,Semi-Furnished,South-East,1,1,4,1,19376000.0
P00670,Mumbai,Mumbai-Emerging-2,Emerging,Plot Area,1876.8,4,4,3,15,27.61,Semi-Furnished,East,0,1,5,3,11097000.0
P00671,Pune,Pune-Mid-2,Mid,Plot Area,1853.8,3,4,0,19,9.55,Unfurnished,West,2,1,3,0,9774000.0
P00672,Bengaluru,Bengaluru-Emerging-5,Emerging,Plot Area,1384.8,3,3,1,3,20.43,Fully Furnished,South,0,0,2,2,3643000.0
P00673,Mumbai,Mumbai-Premium-5,Premium,Carpet Area,1085.5,2,2,2,9,0.15,Fully Furnished,South,0,1,4,2,27204000.0
P00674,Hyderabad,Hyderabad-Premium-5,Premium,Built-up Area,1343.6,3,4,0,22,5.85,Unfurnished,South-East,2,0,3,1,9990000.0
P00675,Hyderabad,Hyderabad-Mid-8,Mid,Carpet Area,1636.3,3,2,2,3,14.05,Fully Furnished,East,1,1,0,0,9275000.0
P00676,Chennai,Chennai-Premium-1,Premium,Plot Area,2123.7,5,6,3,14,1.24,Semi-Furnished,North-East,0,1,0,0,18162000.0
P00677,Mumbai,Mumbai-Mid-5,Mid,Carpet Area,1212.6,2,2,2,20,8.61,Fully Furnished,South-East,1,1,4,2,15116000.0
P00678,Hyderabad,Hyderabad-Mid-1,Mid,Plot Area,1396.1,3,2,1,9,11.39,Fully Furnished,South-East,1,0,1,0,8457000.0
P00679,Bengaluru,Bengaluru-Premium-6,Premium,Plot Area,3463.4,5,5,3,0,1.65,Semi-Furnished,West,0,0,1,0,40178000.0
P00680,Mumbai,Mumbai-Premium-6,Premium,Plot Area,1081.7,2,1,1,4,4.05,Unfurnished,East,1,1,5,2,30803000.0
P00681,Delhi,Delhi-Emerging-2,Emerging,Built-up Area,500.1,1,1,1,9,23.49,Unfurnished,North,2,1,3,0,1970000.0
P00682,Bengaluru,Bengaluru-Premium-6,Premium,Built-up Area,1272.9,2,2,2,0,3.17,Semi-Furnished,East,0,0,1,2,15766000.0
P00683,Hyderabad,Hyderabad-Mid-4,Mid,Plot Area,1271.5,2,2,1,4,6.95,Unfurnished,West,2,1,0,2,8550000.0
P00684,Pune,Pune-Mid-8,Mid,Super built-up Area,1931.8,4,4,1,7,9.38,Semi-Furnished,South-East,2,1,4,2,10259000.0
P00685,Delhi,Delhi-Emerging-8,Emerging,Carpet Area,1364.7,3,2,1,6,22.58,Unfurnished,North-East,0,1,1,0,7289000.0
P00686,Hyderabad,Hyderabad-Emerging-5,Emerging,Carpet Area,1711.4,3,2,0,21,13.61,Unfurnished,North,1,1,0,1,6098000.0
P00687,Mumbai,Mumbai-Emerging-7,Emerging,Carpet Area,985.1,2,2,0,17,18.33,Unfurnished,East,2,1,5,2,7013000.0
P00688,Bengaluru,Bengaluru-Emerging-8,Emerging,Carpet Area,1890.4,4,3,4,12,20.55,Semi-Furnished,South,2,1,0,1,6152000.0
P00689,Pune,Pune-Premium-5,Premium,Carpet Area,2927.5,5,6,0,11,5.18,Unfurnished,North,0,1,4,0,22813000.0
P00690,Hyderabad,Hyderabad-Mid-5,Mid,Super built-up Area,976.4,2,1,0,8,6.15,Unfurnished,South,0,1,3,3,6719000.0
P00691,Chennai,Chennai-Mid-7,Mid,Super built-up Area,2248.3,4,4,3,16,9.88,Fully Furnished,North,0,1,5,3,8675000.0
P00692,Mumbai,Mumbai-Mid-4,Mid,Plot Area,1466.4,3,2,1,8,14.4,Fully Furnished,East,0,1,3,2,19562000.0
P00693,Pune,Pune-Premium-1,Premium,Plot Area,1808.3,3,3,1,3,3.86,Semi-Furnished,South-East,2,0,3,0,20680000.0
P00694,Bengaluru,Bengaluru-Emerging-8,Emerging,Plot Area,1044.7,2,2,1,24,20.39,Fully Furnished,East,0,1,5,1,2355000.0
P00695,Hyderabad,Hyderabad-Mid-4,Mid,Built-up Area,965.3,2,2,0,21,12.44,Semi-Furnished,South,0,1,1,2,4479000.0
P00696,Chennai,Chennai-Emerging-6,Emerging,Plot Area,1052.5,2,3,0,2,22.22,Unfurnished,North-East,2,1,5,0,2740000.0
P00697,Bengaluru,Bengaluru-Premium-1,Premium,Super built-up Area,770.7,2,1,0,23,2.42,Semi-Furnished,North,2,1,1,3,6025000.0
P00698,Pune,Pune-Premium-6,Premium,Plot Area,1180.5,2,2,1,16,0.33,Unfurnished,North-East,0,1,0,3,11641000.0
P00699,Chennai,Chennai-Emerging-7,Emerging,Carpet Area,1237.7,3,3,0,21,19.94,Semi-Furnished,South,0,1,5,2,2780000.0
P00700,Mumbai,Mumbai-Premium-7,Premium,Plot Area,1253.0,2,2,2,11,1.27,Unfurnished,West,1,0,2,1,29858000.0
P00701,Delhi,Delhi-Premium-4,Premium,Super built-up Area,1086.2,2,3,0,11,0.57,Semi-Furnished,South,1,1,3,2,20472000.0
P00702,Bengaluru,Bengaluru-Emerging-1,Emerging,Super built-up Area,593.0,1,1,1,8,26.8,Semi-Furnished,South,0,1,2,1,1568000.0
P00703,Mumbai,Mumbai-Emerging-7,Emerging,Plot Area,1455.9,2,3,0,23,17.53,Semi-Furnished,West,2,1,0,3,10075000.0
P00704,Mumbai,Mumbai-Mid-5,Mid,Plot Area,496.7,1,2,1,13,12.97,Unfurnished,East,0,1,5,2,7642000.0
P00705,Pune,Pune-Emerging-5,Emerging,Super built-up Area,1795.5,3,4,3,9,22.14,Unfurnished,East,0,1,1,1,6238000.0
P00706,Delhi,Delhi-Emerging-1,Emerging,Super built-up Area,1255.2,2,3,0,2,27.55,Semi-Furnished,East,1,1,4,2,7196000.0
P00707,Delhi,Delhi-Premium-4,Premium,Carpet Area,2389.3,4,3,1,18,4.24,Semi-Furnished,South,1,1,1,0,33579000.0
P00708,Chennai,Chennai-Premium-7,Premium,Carpet Area,1763.5,3,3,3,8,2.92,Semi-Furnished,South,0,1,0,1,15917000.0
P00709,Bengaluru,Bengaluru-Mid-4,Mid,Built-up Area,907.4,2,2,0,1,11.2,Semi-Furnished,North-East,0,0,3,1,5064000.0
P00710,Pune,Pune-Premium-6,Premium,Built-up Area,1209.4,3,4,0,10,0.07,Semi-Furnished,North-East,2,0,3,3,14279000.0
P00711,Pune,Pune-Mid-3,Mid,Built-up Area,1080.1,2,2,0,9,9.47,Unfurnished,East,1,1,1,2,5653000.0
P00712,Pune,Pune-Premium-2,Premium,Super built-up Area,1079.8,2,1,2,6,1.91,Unfurnished,North,0,0,5,0,11580000.0
P00713,Hyderabad,Hyderabad-Emerging-6,Emerging,Built-up Area,1295.0,2,3,0,20,27.94,Fully Furnished,South,0,0,1,2,2781000.0
P00714,Pune,Pune-Emerging-5,Emerging,Plot Area,1630.1,3,3,3,23,20.36,Semi-Furnished,East,1,1,0,1,4048000.0
P00715,Chennai,Chennai-Mid-4,Mid,Super built-up Area,1206.7,2,2,0,15,11.9,Unfurnished,West,0,1,4,2,4942000.0
P00716,Delhi,Delhi-Emerging-8,Emerging,Carpet Area,1536.1,3,2,2,16,18.34,Unfurnished,West,1,0,2,1,7942000.0
P00717,Delhi,Delhi-Premium-7,Premium,Plot Area,1737.8,3,2,2,15,3.09,Fully Furnished,North,1,0,3,2,23616000.0
P00718,Hyderabad,Hyderabad-Premium-7,Premium,Plot Area,1713.5,3,2,0,13,5.21,Fully Furnished,South-East,0,1,2,3,15693000.0
P00719,Chennai,Chennai-Emerging-7,Emerging,Carpet Area,2314.8,4,5,1,4,25.77,Unfurnished,North-East,0,0,2,0,5512000.0
P00720,Mumbai,Mumbai-Emerging-4,Emerging,Super built-up Area,1240.5,3,2,0,13,13.45,Unfurnished,South,0,0,4,0,9247000.0
P00721,Bengaluru,Bengaluru-Emerging-4,Emerging,Super built-up Area,426.6,1,1,1,6,23.77,Unfurnished,South-East,0,0,4,1,1755000.0
P00722,Hyderabad,Hyderabad-Mid-2,Mid,Plot Area,2305.9,4,4,2,18,9.76,Unfurnished,East,1,1,1,1,12434000.0
P00723,Mumbai,Mumbai-Mid-7,Mid,Plot Area,1641.7,3,3,1,12,6.08,Fully Furnished,South-East,2,1,2,2,29803000.0
P00724,Hyderabad,Hyderabad-Emerging-3,Emerging,Plot Area,1142.5,2,2,0,13,16.29,Semi-Furnished,South-East,0,1,2,0,3138000.0
P00725,Chennai,Chennai-Mid-1,Mid,Super built-up Area,760.4,2,1,2,16,8.05,Fully Furnished,East,0,1,5,2,3648000.0
P00726,Mumbai,Mumbai-Mid-7,Mid,Plot Area,1630.6,3,3,2,2,10.12,Unfurnished,North-East,0,1,5,0,24313000.0
P00727,Mumbai,Mumbai-Emerging-5,Emerging,Plot Area,1417.3,3,2,0,1,24.85,Semi-Furnished,North-East,2,1,5,2,14481000.0
P00728,Pune,Pune-Premium-1,Premium,Built-up Area,1095.0,2,2,1,17,4.69,Unfurnished,West,1,1,5,1,7889000.0
P00729,Delhi,Delhi-Premium-1,Premium,Built-up Area,875.8,2,3,0,21,0.23,Fully Furnished,North-East,2,1,2,2,13321000.0
P00730,Bengaluru,Bengaluru-Emerging-3,Emerging,Carpet Area,1065.9,2,2,2,2,13.06,Unfurnished,North,1,1,3,3,3591000.0
P00731,Pune,Pune-Mid-2,Mid,Super built-up Area,1821.6,4,4,0,7,12.44,Fully Furnished,West,2,0,4,1,10342000.0
P00732,Chennai,Chennai-Premium-8,Premium,Super built-up Area,1072.2,2,1,1,13,1.83,Unfurnished,North-East,0,1,2,2,9213000.0
P00733,Hyderabad,Hyderabad-Mid-4,Mid,Carpet Area,2864.1,5,6,3,8,11.05,Semi-Furnished,South,0,1,2,1,17952000.0
P00734,Pune,Pune-Emerging-5,Emerging,Carpet Area,2040.1,3,2,2,9,18.68,Unfurnished,North-East,1,1,3,0,7112000.0
P00735,Chennai,Chennai-Premium-2,Premium,Plot Area,1091.4,2,1,2,17,0.05,Semi-Furnished,North-East,2,1,1,2,7871000.0
P00736,Delhi,Delhi-Emerging-7,Emerging,Plot Area,407.3,1,2,1,11,21.03,Unfurnished,East,1,1,5,2,1751000.0
P00737,Bengaluru,Bengaluru-Mid-4,Mid,Carpet Area,1689.2,3,4,2,10,10.41,Unfurnished,North-East,0,0,2,1,9251000.0
P00738,Mumbai,Mumbai-Emerging-4,Emerging,Plot Area,1134.4,2,1,0,7,24.41,Semi-Furnished,West,0,1,2,2,9646000.0
P00739,Chennai,Chennai-Emerging-1,Emerging,Super built-up Area,1495.1,3,4,2,17,15.09,Semi-Furnished,East,1,1,3,1,4573000.0
P00740,Bengaluru,Bengaluru-Mid-1,Mid,Plot Area,2432.0,4,5,0,15,10.85,Semi-Furnished,East,0,1,4,0,11146000.0
P00741,Mumbai,Mumbai-Mid-2,Mid,Super built-up Area,1041.2,2,3,0,23,12.25,Unfurnished,West,0,1,2,1,10063000.0
P00742,Delhi,Delhi-Emerging-1,Emerging,Built-up Area,903.2,2,3,1,15,19.91,Fully Furnished,West,2,1,0,1,3922000.0
P00743,Pune,Pune-Emerging-4,Emerging,Super built-up Area,1865.6,3,4,3,22,12.75,Fully Furnished,South,2,1,0,1,5246000.0
P00744,Pune,Pune-Mid-7,Mid,Plot Area,1024.2,2,3,2,17,5.16,Fully Furnished,North,1,1,1,1,6048000.0
P00745,Chennai,Chennai-Premium-3,Premium,Super built-up Area,1796.1,3,2,1,22,2.9,Fully Furnished,South,2,1,2,3,12055000.0
P00746,Hyderabad,Hyderabad-Mid-6,Mid,Plot Area,1707.8,3,2,3,6,7.53,Unfurnished,North-East,2,0,1,1,10424000.0
P00747,Bengaluru,Bengaluru-Mid-6,Mid,Plot Area,2178.0,3,4,0,19,12.75,Unfurnished,East,0,0,0,2,10763000.0
P00748,Delhi,Delhi-Premium-7,Premium,Plot Area,998.8,2,3,0,8,3.57,Semi-Furnished,South,0,1,1,3,17620000.0
P00749,Bengaluru,Bengaluru-Emerging-4,Emerging,Super built-up Area,1970.9,3,2,2,23,17.51,Unfurnished,South,2,1,0,2,5991000.0
P00750,Delhi,Delhi-Emerging-8,Emerging,Carpet Area,1442.0,3,4,0,20,21.39,Semi-Furnished,North-East,2,1,1,3,5769000.0
P00751,Mumbai,Mumbai-Emerging-1,Emerging,Carpet Area,2184.6,4,5,4,3,17.38,Unfurnished,North-East,1,1,5,0,21139000.0
P00752,Chennai,Chennai-Mid-7,Mid,Built-up Area,2596.1,4,4,2,9,13.18,Unfurnished,North,0,1,1,3,13282000.0
P00753,Hyderabad,Hyderabad-Mid-4,Mid,Carpet Area,1206.7,2,1,1,3,6.39,Fully Furnished,East,1,1,2,3,7381000.0
P00754,Mumbai,Mumbai-Premium-4,Premium,Carpet Area,1484.5,3,2,2,10,5.25,Unfurnished,East,1,0,4,3,42449000.0
P00755,Hyderabad,Hyderabad-Premium-7,Premium,Built-up Area,1099.6,2,2,1,1,1.81,Semi-Furnished,South-East,1,1,3,3,11130000.0
P00756,Pune,Pune-Mid-5,Mid,Plot Area,1240.4,3,2,3,15,6.65,Semi-Furnished,North,1,1,4,3,5722000.0
P00757,Mumbai,Mumbai-Mid-8,Mid,Carpet Area,1155.5,2,3,2,14,11.37,Fully Furnished,South,0,1,3,2,13743000.0
P00758,Bengaluru,Bengaluru-Emerging-4,Emerging,Carpet Area,1282.8,2,3,2,3,19.3,Semi-Furnished,West,2,1,2,0,4352000.0
P00759,Hyderabad,Hyderabad-Mid-5,Mid,Carpet Area,522.9,1,2,0,16,7.93,Semi-Furnished,North,1,1,3,0,3065000.0
P00760,Delhi,Delhi-Mid-4,Mid,Plot Area,1904.1,4,5,3,14,13.28,Fully Furnished,North-East,2,1,0,0,16340000.0
P00761,Chennai,Chennai-Emerging-2,Emerging,Carpet Area,664.7,1,1,1,2,24.23,Semi-Furnished,North-East,0,1,3,3,1866000.0
P00762,Chennai,Chennai-Mid-5,Mid,Super built-up Area,1927.6,3,3,1,20,11.15,Semi-Furnished,North,0,1,0,0,7657000.0
P00763,Delhi,Delhi-Premium-3,Premium,Plot Area,988.0,2,1,2,1,4.66,Unfurnished,South,2,0,3,1,19161000.0
P00764,Delhi,Delhi-Mid-4,Mid,Carpet Area,1170.5,2,2,2,23,5.28,Semi-Furnished,North,1,0,4,1,10800000.0
P00765,Delhi,Delhi-Mid-2,Mid,Built-up Area,1250.3,2,3,1,12,13.4,Fully Furnished,West,0,1,2,0,10406000.0
P00766,Hyderabad,Hyderabad-Mid-7,Mid,Carpet Area,973.7,2,2,2,3,5.33,Semi-Furnished,North-East,0,1,4,3,5978000.0
P00767,Mumbai,Mumbai-Emerging-4,Emerging,Super built-up Area,1936.5,3,3,1,24,27.83,Unfurnished,North,0,1,0,3,13702000.0
P00768,Bengaluru,Bengaluru-Mid-7,Mid,Built-up Area,2604.0,5,6,1,4,14.4,Unfurnished,North,1,1,2,2,16457000.0
P00769,Pune,Pune-Mid-5,Mid,Plot Area,1213.8,2,2,1,10,8.02,Unfurnished,West,2,1,0,1,7223000.0
P00770,Chennai,Chennai-Emerging-3,Emerging,Plot Area,591.3,1,2,0,4,23.05,Unfurnished,North,2,1,0,1,1862000.0
P00771,Bengaluru,Bengaluru-Mid-6,Mid,Plot Area,695.9,1,2,0,23,12.75,Fully Furnished,North,0,0,4,2,3027000.0
P00772,Delhi,Delhi-Emerging-1,Emerging,Plot Area,1792.4,3,2,2,6,26.34,Semi-Furnished,North-East,2,1,3,1,8411000.0
P00773,Delhi,Delhi-Mid-7,Mid,Super built-up Area,1295.0,2,1,0,2,11.95,Unfurnished,West,2,1,3,3,16809000.0
P00774,Bengaluru,Bengaluru-Premium-5,Premium,Carpet Area,1872.7,3,4,0,5,4.6,Unfurnished,North,1,0,0,1,22218000.0
P00775,Chennai,Chennai-Mid-1,Mid,Carpet Area,1320.1,2,1,2,19,7.99,Unfurnished,South-East,0,1,4,1,6814000.0
P00776,Delhi,Delhi-Premium-4,Premium,Carpet Area,504.3,1,2,1,23,4.26,Semi-Furnished,South-East,2,0,4,1,6875000.0
P00777,Pune,Pune-Emerging-5,Emerging,Built-up Area,459.7,1,1,1,11,16.73,Fully Furnished,South,2,1,0,1,1135000.0
P00778,Pune,Pune-Emerging-7,Emerging,Carpet Area,1679.7,3,4,1,4,22.55,Semi-Furnished,East,2,0,3,3,5757000.0
P00779,Pune,Pune-Mid-7,Mid,Carpet Area,1155.2,2,3,1,13,14.23,Semi-Furnished,South,1,0,2,0,6461000.0
P00780,Hyderabad,Hyderabad-Emerging-2,Emerging,Carpet Area,1777.5,3,3,2,14,21.65,Fully Furnished,North-East,2,1,2,2,4749000.0
P00781,Delhi,Delhi-Mid-3,Mid,Built-up Area,1108.7,2,1,1,22,6.51,Unfurnished,South,0,0,1,1,7548000.0
P00782,Delhi,Delhi-Mid-8,Mid,Carpet Area,1424.2,3,3,3,0,8.5,Fully Furnished,South,2,1,4,3,17040000.0
P00783,Bengaluru,Bengaluru-Emerging-8,Emerging,Carpet Area,581.7,1,2,0,0,21.05,Unfurnished,North-East,2,1,4,2,2280000.0
P00784,Hyderabad,Hyderabad-Premium-4,Premium,Carpet Area,1364.1,3,4,3,20,1.45,Fully Furnished,East,1,0,1,1,12013000.0
P00785,Delhi,Delhi-Emerging-3,Emerging,Built-up Area,1359.1,3,3,2,10,20.85,Unfurnished,North,2,1,5,2,6987000.0
P00786,Pune,Pune-Emerging-7,Emerging,Built-up Area,829.7,2,3,0,1,25.95,Semi-Furnished,North,0,1,3,3,2489000.0
P00787,Delhi,Delhi-Mid-1,Mid,Built-up Area,1331.0,3,3,0,1,13.99,Unfurnished,North-East,2,1,0,3,12390000.0
P00788,Delhi,Delhi-Emerging-3,Emerging,Carpet Area,1050.6,2,1,0,16,22.52,Semi-Furnished,North,0,0,1,2,4983000.0
P00789,Pune,Pune-Emerging-5,Emerging,Built-up Area,1401.7,3,4,2,24,12.69,Semi-Furnished,West,0,1,4,3,4478000.0
P00790,Pune,Pune-Mid-1,Mid,Built-up Area,1312.7,3,2,3,6,9.29,Semi-Furnished,North-East,0,1,1,2,7416000.0
P00791,Mumbai,Mumbai-Premium-4,Premium,Plot Area,1168.6,2,2,2,2,4.06,Unfurnished,North,1,1,1,0,26607000.0
P00792,Hyderabad,Hyderabad-Premium-7,Premium,Carpet Area,1122.8,2,2,2,5,5.17,Unfurnished,North-East,0,1,2,2,11066000.0
P00793,Mumbai,Mumbai-Premium-1,Premium,Plot Area,1198.9,3,2,0,12,0.84,Semi-Furnished,North-East,0,1,5,3,31294000.0
P00794,Bengaluru,Bengaluru-Premium-8,Premium,Carpet Area,1194.1,2,1,0,20,4.97,Fully Furnished,North,2,0,3,0,10290000.0
P00795,Delhi,Delhi-Emerging-6,Emerging,Plot Area,2258.7,5,6,2,20,26.73,Unfurnished,East,1,0,3,0,10253000.0
P00796,Bengaluru,Bengaluru-Emerging-4,Emerging,Plot Area,1713.5,3,3,0,19,21.47,Unfurnished,South,0,1,1,0,4442000.0
P00797,Hyderabad,Hyderabad-Premium-6,Premium,Plot Area,1648.6,3,3,0,0,3.87,Semi-Furnished,North-East,2,1,2,0,18590000.0
P00798,Bengaluru,Bengaluru-Premium-2,Premium,Built-up Area,2221.9,4,5,3,13,3.89,Unfurnished,East,0,1,5,2,20070000.0
P00799,Bengaluru,Bengaluru-Emerging-6,Emerging,Plot Area,423.4,1,2,1,13,21.47,Semi-Furnished,West,0,0,5,0,1231000.0
P00800,Pune,Pune-Mid-5,Mid,Built-up Area,1989.7,4,5,2,13,10.29,Unfurnished,North-East,0,1,4,0,10882000.0
P00801,Chennai,Chennai-Mid-2,Mid,Plot Area,1634.4,3,4,3,11,7.87,Semi-Furnished,West,2,1,2,0,7267000.0
P00802,Bengaluru,Bengaluru-Mid-3,Mid,Super built-up Area,2372.3,5,6,2,19,6.27,Unfurnished,South,1,1,4,0,13563000.0
P00803,Chennai,Chennai-Mid-7,Mid,Carpet Area,3287.4,5,4,1,7,8.61,Semi-Furnished,West,2,1,4,3,16432000.0
P00804,Hyderabad,Hyderabad-Mid-6,Mid,Carpet Area,1414.6,3,4,3,4,10.78,Unfurnished,South,0,1,0,2,7479000.0
P00805,Hyderabad,Hyderabad-Premium-5,Premium,Plot Area,760.3,1,1,0,4,1.49,Semi-Furnished,West,2,1,1,1,6885000.0
P00806,Mumbai,Mumbai-Premium-6,Premium,Built-up Area,2937.0,4,5,4,15,2.49,Unfurnished,West,1,1,5,0,63471000.0
P00807,Delhi,Delhi-Premium-5,Premium,Plot Area,958.4,2,3,1,1,0.34,Unfurnished,West,1,1,2,0,18751000.0
P00808,Mumbai,Mumbai-Premium-4,Premium,Carpet Area,1773.1,3,4,0,21,2.76,Semi-Furnished,North-East,2,1,1,3,41687000.0
P00809,Delhi,Delhi-Emerging-6,Emerging,Super built-up Area,1238.9,2,1,2,21,13.05,Semi-Furnished,North,0,1,2,0,7243000.0
P00810,Delhi,Delhi-Mid-4,Mid,Super built-up Area,1132.0,2,3,2,16,7.92,Semi-Furnished,North-East,1,0,3,2,8637000.0
P00811,Hyderabad,Hyderabad-Emerging-7,Emerging,Super built-up Area,1465.7,2,3,1,18,14.76,Semi-Furnished,West,1,1,0,0,4198000.0
P00812,Mumbai,Mumbai-Premium-2,Premium,Carpet Area,2061.1,4,3,3,16,3.05,Semi-Furnished,South-East,0,1,5,0,51787000.0
P00813,Chennai,Chennai-Mid-1,Mid,Super built-up Area,2041.1,4,5,4,15,5.35,Semi-Furnished,North-East,1,1,2,0,10956000.0
P00814,Bengaluru,Bengaluru-Emerging-7,Emerging,Built-up Area,1046.5,2,3,0,10,12.41,Semi-Furnished,East,1,0,3,3,4220000.0
P00815,Chennai,Chennai-Premium-3,Premium,Carpet Area,1663.8,3,3,0,1,0.03,Semi-Furnished,West,0,0,0,2,16366000.0
P00816,Hyderabad,Hyderabad-Mid-4,Mid,Super built-up Area,2237.8,4,5,1,20,5.82,Unfurnished,South-East,2,0,4,3,9612000.0
P00817,Pune,Pune-Mid-5,Mid,Carpet Area,908.4,2,3,1,1,13.71,Unfurnished,North-East,0,1,5,0,5442000.0
P00818,Delhi,Delhi-Mid-6,Mid,Plot Area,350.2,1,1,0,19,10.2,Fully Furnished,South,0,1,2,0,2552000.0
P00819,Hyderabad,Hyderabad-Mid-7,Mid,Built-up Area,795.9,2,1,0,24,8.53,Unfurnished,West,1,1,3,0,4513000.0
P00820,Hyderabad,Hyderabad-Premium-7,Premium,Carpet Area,2561.2,4,3,3,22,3.61,Unfurnished,North-East,2,1,1,0,20402000.0
P00821,Pune,Pune-Premium-4,Premium,Built-up Area,1824.6,3,3,0,8,5.08,Semi-Furnished,West,1,1,1,2,17168000.0
P00822,Delhi,Delhi-Emerging-2,Emerging,Super built-up Area,1443.3,3,3,1,17,27.38,Fully Furnished,North-East,1,1,2,0,6415000.0
P00823,Delhi,Delhi-Mid-2,Mid,Carpet Area,1329.1,2,3,1,5,14.93,Fully Furnished,North-East,0,1,5,0,11793000.0
P00824,Mumbai,Mumbai-Mid-6,Mid,Carpet Area,1612.0,3,4,1,23,14.72,Unfurnished,North-East,0,1,1,0,23268000.0
P00825,Bengaluru,Bengaluru-Mid-8,Mid,Plot Area,1023.2,2,2,1,18,5.89,Unfurnished,South-East,2,1,4,0,6542000.0
P00826,Delhi,Delhi-Mid-6,Mid,Super built-up Area,465.3,1,1,1,5,12.78,Unfurnished,South,0,1,3,0,4951000.0
P00827,Hyderabad,Hyderabad-Mid-7,Mid,Super built-up Area,1849.6,3,2,1,10,14.78,Semi-Furnished,North,1,1,4,0,8866000.0
P00828,Mumbai,Mumbai-Mid-4,Mid,Plot Area,1324.8,3,2,3,9,5.77,Semi-Furnished,South,0,1,2,1,18408000.0
P00829,Delhi,Delhi-Emerging-3,Emerging,Super built-up Area,1089.6,2,1,1,19,21.59,Unfurnished,East,2,1,0,1,4290000.0
P00830,Mumbai,Mumbai-Mid-3,Mid,Built-up Area,1476.5,3,3,3,8,11.7,Semi-Furnished,East,2,1,3,0,22150000.0
P00831,Delhi,Delhi-Emerging-3,Emerging,Carpet Area,1267.6,3,4,1,0,27.4,Unfurnished,East,0,1,2,2,7230000.0
P00832,Chennai,Chennai-Emerging-2,Emerging,Plot Area,1171.7,2,2,2,24,20.49,Unfurnished,West,2,1,5,2,2564000.0
P00833,Mumbai,Mumbai-Mid-1,Mid,Plot Area,1886.7,3,4,2,2,5.54,Fully Furnished,South-East,2,1,2,2,27093000.0
P00834,Bengaluru,Bengaluru-Emerging-5,Emerging,Super built-up Area,426.6,1,1,0,10,12.83,Semi-Furnished,North,0,0,4,1,1550000.0
P00835,Bengaluru,Bengaluru-Premium-8,Premium,Built-up Area,2235.8,4,3,4,22,4.28,Fully Furnished,East,0,1,1,3,18214000.0
P00836,Hyderabad,Hyderabad-Premium-3,Premium,Plot Area,1285.6,2,1,0,18,3.4,Fully Furnished,South,1,1,1,2,11242000.0
P00837,Chennai,Chennai-Mid-4,Mid,Plot Area,533.6,1,1,0,11,12.55,Unfurnished,South,1,1,5,2,2310000.0
P00838,Delhi,Delhi-Premium-2,Premium,Super built-up Area,744.7,1,1,1,19,3.18,Semi-Furnished,East,0,1,3,1,10299000.0
P00839,Mumbai,Mumbai-Premium-7,Premium,Plot Area,1622.9,3,4,0,1,4.42,Unfurnished,East,0,1,5,1,48987000.0
P00840,Chennai,Chennai-Emerging-6,Emerging,Super built-up Area,1548.8,3,2,2,17,25.48,Fully Furnished,North,2,1,5,2,4982000.0
P00841,Bengaluru,Bengaluru-Premium-6,Premium,Carpet Area,534.6,1,1,0,6,3.93,Semi-Furnished,North-East,0,1,3,0,5646000.0
P00842,Mumbai,Mumbai-Premium-2,Premium,Plot Area,1840.3,3,3,3,22,5.54,Fully Furnished,South,2,1,3,2,39719000.0
P00843,Delhi,Delhi-Mid-4,Mid,Super built-up Area,1732.9,3,3,0,21,7.51,Unfurnished,East,0,1,2,2,14213000.0
P00844,Delhi,Delhi-Mid-5,Mid,Built-up Area,4482.2,5,6,3,20,12.84,Unfurnished,South,1,1,2,0,28614000.0
P00845,Pune,Pune-Mid-5,Mid,Plot Area,1451.8,3,4,2,11,13.31,Unfurnished,South-East,1,0,4,0,8106000.0
P00846,Bengaluru,Bengaluru-Premium-7,Premium,Built-up Area,1695.0,3,4,0,9,1.53,Unfurnished,North-East,1,1,1,1,15588000.0
P00847,Hyderabad,Hyderabad-Emerging-3,Emerging,Carpet Area,1467.7,3,2,2,8,25.62,Fully Furnished,North-East,2,0,3,2,5025000.0
P00848,Hyderabad,Hyderabad-Mid-8,Mid,Super built-up Area,1426.3,3,4,3,22,8.49,Semi-Furnished,North,2,0,1,2,5912000.0
P00849,Pune,Pune-Mid-2,Mid,Built-up Area,2253.3,4,5,4,12,12.23,Unfurnished,East,0,1,2,2,11668000.0
P00850,Delhi,Delhi-Mid-2,Mid,Super built-up Area,1642.6,3,4,1,8,14.92,Semi-Furnished,North,0,1,2,0,16274000.0
P00851,Mumbai,Mumbai-Premium-4,Premium,Plot Area,1348.7,3,3,0,23,1.78,Semi-Furnished,North-East,0,0,0,1,32463000.0
P00852,Mumbai,Mumbai-Premium-1,Premium,Plot Area,603.3,1,1,1,16,1.4,Unfurnished,West,0,1,3,0,13405000.0
P00853,Pune,Pune-Mid-8,Mid,Super built-up Area,2085.2,4,5,1,4,13.05,Fully Furnished,East,1,1,3,1,9637000.0
P00854,Hyderabad,Hyderabad-Emerging-1,Emerging,Carpet Area,951.6,2,2,2,2,19.32,Fully Furnished,West,0,1,2,0,3512000.0
P00855,Bengaluru,Bengaluru-Emerging-8,Emerging,Built-up Area,2076.9,3,3,1,15,12.34,Fully Furnished,South,1,1,5,2,6647000.0
P00856,Pune,Pune-Mid-2,Mid,Plot Area,1639.7,3,4,3,11,10.32,Unfurnished,North-East,2,0,1,0,9622000.0
P00857,Pune,Pune-Emerging-1,Emerging,Plot Area,1654.8,3,3,2,9,14.24,Fully Furnished,North-East,1,1,4,3,4386000.0
P00858,Hyderabad,Hyderabad-Mid-4,Mid,Built-up Area,557.8,1,1,1,2,9.36,Unfurnished,South-East,1,1,4,0,2678000.0
P00859,Pune,Pune-Premium-3,Premium,Super built-up Area,1378.6,3,2,3,4,2.35,Unfurnished,North,2,0,1,3,15917000.0
P00860,Mumbai,Mumbai-Premium-6,Premium,Built-up Area,603.4,1,2,0,15,2.35,Unfurnished,West,0,0,2,2,14721000.0
P00861,Chennai,Chennai-Mid-2,Mid,Plot Area,952.8,2,3,1,1,6.03,Semi-Furnished,South,1,1,1,0,5534000.0
P00862,Hyderabad,Hyderabad-Mid-6,Mid,Built-up Area,853.9,2,2,1,15,12.16,Fully Furnished,South,2,1,0,2,3940000.0
P00863,Hyderabad,Hyderabad-Emerging-1,Emerging,Carpet Area,1545.0,3,2,3,5,20.32,Fully Furnished,North-East,2,1,3,2,4660000.0
P00864,Hyderabad,Hyderabad-Premium-7,Premium,Super built-up Area,1279.2,2,3,2,22,3.25,Fully Furnished,East,1,1,3,0,8227000.0
P00865,Bengaluru,Bengaluru-Emerging-7,Emerging,Super built-up Area,417.0,1,1,1,23,23.51,Semi-Furnished,North-East,2,1,1,2,981000.0
P00866,Bengaluru,Bengaluru-Emerging-5,Emerging,Built-up Area,1093.6,2,3,0,10,26.22,Unfurnished,North,2,0,0,2,3165000.0
P00867,Pune,Pune-Mid-5,Mid,Plot Area,575.7,1,1,0,12,6.36,Unfurnished,South,0,1,4,1,2820000.0
P00868,Pune,Pune-Emerging-5,Emerging,Plot Area,2206.9,4,4,4,6,22.13,Unfurnished,East,0,0,2,0,7519000.0
P00869,Mumbai,Mumbai-Emerging-6,Emerging,Carpet Area,1481.4,3,3,1,7,23.06,Semi-Furnished,North,2,1,3,0,13627000.0
P00870,Delhi,Delhi-Mid-1,Mid,Super built-up Area,2694.2,4,5,4,15,5.75,Semi-Furnished,North-East,0,0,0,3,30143000.0
P00871,Delhi,Delhi-Premium-6,Premium,Plot Area,1424.2,3,3,2,8,4.19,Unfurnished,South-East,0,1,5,0,23992000.0
P00872,Bengaluru,Bengaluru-Emerging-1,Emerging,Built-up Area,1614.5,3,4,3,17,19.5,Semi-Furnished,South-East,0,1,4,0,4750000.0
P00873,Bengaluru,Bengaluru-Premium-1,Premium,Plot Area,1827.6,4,3,0,8,2.67,Semi-Furnished,South-East,1,1,5,3,20833000.0
P00874,Chennai,Chennai-Mid-8,Mid,Carpet Area,1269.0,3,2,3,2,8.39,Unfurnished,South-East,1,1,2,3,7603000.0
P00875,Delhi,Delhi-Premium-8,Premium,Carpet Area,1101.8,2,2,1,24,2.69,Unfurnished,North,2,1,3,1,14996000.0
P00876,Delhi,Delhi-Mid-8,Mid,Carpet Area,873.3,2,3,1,4,10.33,Semi-Furnished,East,1,1,4,1,7685000.0
P00877,Hyderabad,Hyderabad-Premium-4,Premium,Built-up Area,1748.1,3,4,2,16,3.84,Unfurnished,South,1,1,5,2,16243000.0
P00878,Chennai,Chennai-Mid-6,Mid,Carpet Area,965.7,2,2,2,14,9.2,Fully Furnished,South-East,0,0,5,2,4061000.0
P00879,Bengaluru,Bengaluru-Mid-4,Mid,Carpet Area,976.9,2,1,0,22,14.94,Unfurnished,North-East,1,0,1,3,3799000.0
P00880,Delhi,Delhi-Premium-8,Premium,Super built-up Area,1467.0,3,4,0,18,0.07,Unfurnished,West,2,1,3,1,19240000.0
P00881,Mumbai,Mumbai-Mid-7,Mid,Super built-up Area,1936.9,3,3,1,9,10.86,Unfurnished,East,1,1,1,0,32045000.0
P00882,Delhi,Delhi-Mid-1,Mid,Carpet Area,1509.2,2,2,2,1,11.51,Semi-Furnished,West,1,1,5,2,14323000.0
P00883,Pune,Pune-Mid-5,Mid,Carpet Area,1760.6,3,2,2,23,14.11,Unfurnished,South-East,0,1,5,1,6195000.0
P00884,Mumbai,Mumbai-Premium-1,Premium,Built-up Area,584.0,1,1,1,14,1.56,Fully Furnished,South-East,2,1,5,0,16779000.0
P00885,Chennai,Chennai-Mid-1,Mid,Super built-up Area,974.3,2,2,1,19,9.8,Semi-Furnished,West,2,1,2,1,3671000.0
P00886,Delhi,Delhi-Mid-7,Mid,Built-up Area,1501.7,3,2,0,23,12.96,Unfurnished,South-East,0,1,3,3,10112000.0
P00887,Pune,Pune-Mid-7,Mid,Super built-up Area,711.1,1,1,1,13,7.16,Semi-Furnished,East,1,1,4,3,3625000.0
P00888,Delhi,Delhi-Emerging-4,Emerging,Plot Area,1500.3,3,4,2,22,14.88,Unfurnished,East,0,1,3,1,6754000.0
P00889,Hyderabad,Hyderabad-Mid-7,Mid,Super built-up Area,2112.4,4,5,1,14,12.36,Fully Furnished,North,1,1,3,2,8285000.0
P00890,Hyderabad,Hyderabad-Emerging-5,Emerging,Plot Area,1734.6,3,3,1,3,20.15,Unfurnished,East,0,1,5,1,5931000.0
P00891,Hyderabad,Hyderabad-Emerging-5,Emerging,Super built-up Area,987.6,2,1,2,11,22.49,Semi-Furnished,South,1,1,4,1,2287000.0
P00892,Pune,Pune-Mid-8,Mid,Plot Area,1454.0,3,2,1,4,5.83,Semi-Furnished,East,2,1,2,0,9102000.0
P00893,Chennai,Chennai-Mid-4,Mid,Built-up Area,1093.9,2,2,2,23,5.82,Unfurnished,West,0,1,5,2,4853000.0
P00894,Bengaluru,Bengaluru-Mid-8,Mid,Built-up Area,950.5,2,2,2,24,11.79,Unfurnished,North-East,1,1,4,1,5093000.0
P00895,Mumbai,Mumbai-Mid-8,Mid,Carpet Area,1042.5,2,1,1,7,11.36,Semi-Furnished,East,1,1,0,2,14469000.0
P00896,Hyderabad,Hyderabad-Emerging-7,Emerging,Built-up Area,1223.0,2,3,2,21,22.37,Fully Furnished,North,2,1,0,0,3029000.0
P00897,Hyderabad,Hyderabad-Mid-7,Mid,Super built-up Area,1965.2,4,4,3,22,6.26,Semi-Furnished,North,1,1,2,1,10557000.0
P00898,Pune,Pune-Emerging-8,Emerging,Plot Area,1727.6,3,2,3,18,20.32,Semi-Furnished,North-East,1,1,4,3,3980000.0
P00899,Hyderabad,Hyderabad-Premium-4,Premium,Built-up Area,1716.5,3,4,2,0,3.42,Unfurnished,East,1,0,3,0,16462000.0
P00900,Chennai,Chennai-Premium-3,Premium,Plot Area,1143.6,2,2,0,8,1.61,Semi-Furnished,East,2,1,1,3,9444000.0
P00901,Pune,Pune-Mid-3,Mid,Plot Area,1481.6,3,2,0,14,9.17,Fully Furnished,East,0,1,5,1,8974000.0
P00902,Mumbai,Mumbai-Premium-2,Premium,Built-up Area,2038.3,3,4,3,22,0.21,Semi-Furnished,West,2,1,0,0,36386000.0
P00903,Chennai,Chennai-Mid-6,Mid,Carpet Area,1297.2,3,4,2,1,11.92,Semi-Furnished,North,1,1,1,2,7931000.0
P00904,Delhi,Delhi-Mid-6,Mid,Built-up Area,1628.0,4,5,1,6,11.63,Semi-Furnished,West,0,1,0,2,14608000.0
P00905,Hyderabad,Hyderabad-Mid-6,Mid,Carpet Area,1011.5,2,3,0,20,5.96,Semi-Furnished,East,1,1,1,3,4865000.0
P00906,Pune,Pune-Premium-1,Premium,Carpet Area,2459.2,4,4,1,3,2.06,Unfurnished,South,0,1,5,3,27716000.0
P00907,Chennai,Chennai-Emerging-1,Emerging,Super built-up Area,875.7,2,1,2,4,21.19,Semi-Furnished,North,0,1,3,1,2049000.0
P00908,Pune,Pune-Emerging-4,Emerging,Super built-up Area,1785.1,3,4,1,13,13.72,Semi-Furnished,North,0,1,1,0,5215000.0
P00909,Bengaluru,Bengaluru-Premium-4,Premium,Super built-up Area,1077.9,2,2,2,13,4.41,Semi-Furnished,West,1,1,5,3,10307000.0
P00910,Pune,Pune-Mid-7,Mid,Super built-up Area,1464.5,3,4,0,21,11.32,Semi-Furnished,South,1,0,1,2,8149000.0
P00911,Pune,Pune-Premium-1,Premium,Carpet Area,2093.4,3,2,3,13,1.76,Unfurnished,South-East,0,1,3,1,20298000.0
P00912,Hyderabad,Hyderabad-Emerging-8,Emerging,Plot Area,1049.5,2,2,0,15,22.51,Unfurnished,East,2,1,2,1,3456000.0
P00913,Chennai,Chennai-Premium-5,Premium,Built-up Area,1178.6,2,2,2,16,3.01,Unfurnished,West,2,1,3,0,11780000.0
P00914,Delhi,Delhi-Mid-5,Mid,Carpet Area,1899.0,3,4,2,4,6.46,Semi-Furnished,South,0,1,5,3,18600000.0
P00915,Bengaluru,Bengaluru-Mid-5,Mid,Carpet Area,1799.8,4,3,3,16,7.65,Unfurnished,West,2,1,4,0,11025000.0
P00916,Hyderabad,Hyderabad-Mid-7,Mid,Built-up Area,1240.8,2,2,1,18,6.04,Fully Furnished,West,2,0,0,1,7049000.0
P00917,Delhi,Delhi-Emerging-2,Emerging,Super built-up Area,1263.1,2,1,0,0,22.0,Semi-Furnished,North,2,1,0,0,7313000.0
P00918,Mumbai,Mumbai-Emerging-6,Emerging,Plot Area,2625.5,5,4,4,15,17.01,Unfurnished,South-East,0,0,4,0,16613000.0
P00919,Bengaluru,Bengaluru-Mid-8,Mid,Carpet Area,1988.9,4,5,2,3,6.79,Unfurnished,South-East,1,1,5,0,10938000.0
P00920,Pune,Pune-Mid-5,Mid,Built-up Area,2045.0,3,2,3,2,8.23,Unfurnished,South,2,1,1,2,12079000.0
P00921,Mumbai,Mumbai-Mid-7,Mid,Carpet Area,1593.2,3,2,1,10,8.89,Semi-Furnished,South,2,1,0,1,19930000.0
P00922,Delhi,Delhi-Emerging-4,Emerging,Carpet Area,2209.5,4,3,3,4,19.82,Unfurnished,East,0,1,4,0,14138000.0
P00923,Bengaluru,Bengaluru-Emerging-4,Emerging,Built-up Area,2329.8,4,5,3,20,14.39,Unfurnished,South,2,1,5,1,8401000.0
P00924,Bengaluru,Bengaluru-Emerging-6,Emerging,Built-up Area,630.0,1,2,0,16,18.24,Unfurnished,South-East,2,1,2,3,1537000.0
P00925,Chennai,Chennai-Mid-5,Mid,Plot Area,1457.6,3,4,1,20,10.85,Unfurnished,North-East,1,1,5,3,6175000.0
P00926,Bengaluru,Bengaluru-Premium-3,Premium,Super built-up Area,857.2,2,2,1,9,5.35,Unfurnished,West,0,1,3,1,7769000.0
P00927,Mumbai,Mumbai-Premium-4,Premium,Super built-up Area,1222.6,2,3,0,23,0.03,Semi-Furnished,South-East,0,0,2,3,28127000.0
P00928,Pune,Pune-Premium-4,Premium,Plot Area,2045.1,3,3,2,0,5.87,Fully Furnished,South,0,1,3,1,17857000.0
P00929,Delhi,Delhi-Premium-2,Premium,Carpet Area,1580.2,3,2,1,23,3.55,Unfurnished,North,2,0,0,0,24439000.0
P00930,Bengaluru,Bengaluru-Mid-6,Mid,Carpet Area,1303.6,2,1,0,17,9.92,Fully Furnished,South-East,1,1,5,1,8643000.0
P00931,Chennai,Chennai-Mid-6,Mid,Carpet Area,1869.3,3,4,3,7,8.51,Semi-Furnished,West,1,1,0,0,11856000.0
P00932,Pune,Pune-Emerging-2,Emerging,Plot Area,1190.0,2,3,1,0,17.82,Unfurnished,East,2,1,4,1,4993000.0
P00933,Delhi,Delhi-Premium-1,Premium,Carpet Area,559.1,1,1,1,2,3.23,Semi-Furnished,South,1,0,4,3,10483000.0
P00934,Hyderabad,Hyderabad-Mid-2,Mid,Carpet Area,1763.1,3,3,2,11,8.45,Fully Furnished,North,0,1,0,1,10716000.0
P00935,Pune,Pune-Emerging-7,Emerging,Super built-up Area,507.2,1,2,0,16,27.42,Unfurnished,South,2,1,2,1,1174000.0
P00936,Bengaluru,Bengaluru-Emerging-6,Emerging,Super built-up Area,2168.2,4,4,4,17,12.36,Unfurnished,North,0,1,4,0,6460000.0
P00937,Pune,Pune-Mid-3,Mid,Built-up Area,1378.3,2,1,2,3,6.29,Unfurnished,South,0,0,3,1,7754000.0
P00938,Mumbai,Mumbai-Premium-8,Premium,Super built-up Area,1372.8,2,2,0,18,0.46,Fully Furnished,North-East,0,1,3,1,36108000.0
P00939,Chennai,Chennai-Emerging-5,Emerging,Super built-up Area,2220.6,4,5,4,3,20.54,Unfurnished,South-East,1,0,0,2,5978000.0
P00940,Chennai,Chennai-Emerging-8,Emerging,Super built-up Area,1360.0,2,1,2,5,26.98,Semi-Furnished,West,1,1,2,2,3769000.0
P00941,Bengaluru,Bengaluru-Mid-2,Mid,Plot Area,1022.9,2,1,0,2,9.57,Semi-Furnished,South,2,1,4,0,6657000.0
P00942,Delhi,Delhi-Premium-6,Premium,Super built-up Area,475.9,1,2,1,1,1.79,Unfurnished,West,2,1,1,3,10303000.0
P00943,Pune,Pune-Mid-1,Mid,Plot Area,1305.7,2,2,1,11,5.47,Unfurnished,South-East,0,1,4,0,8496000.0
P00944,Mumbai,Mumbai-Mid-5,Mid,Plot Area,965.1,2,3,0,14,13.93,Fully Furnished,West,1,0,0,1,12213000.0
P00945,Delhi,Delhi-Mid-5,Mid,Plot Area,280.0,1,1,1,16,14.04,Fully Furnished,West,2,1,2,2,2471000.0
P00946,Bengaluru,Bengaluru-Premium-2,Premium,Plot Area,856.2,2,3,1,11,3.93,Fully Furnished,South,1,1,0,3,10144000.0
P00947,Hyderabad,Hyderabad-Premium-2,Premium,Carpet Area,1234.9,2,2,0,14,1.05,Unfurnished,East,2,1,0,0,10964000.0
P00948,Hyderabad,Hyderabad-Emerging-1,Emerging,Built-up Area,2864.9,5,4,5,10,13.06,Semi-Furnished,East,1,1,0,1,9443000.0
P00949,Delhi,Delhi-Premium-4,Premium,Super built-up Area,1766.1,4,5,0,7,0.37,Fully Furnished,West,2,0,1,2,25788000.0
P00950,Hyderabad,Hyderabad-Emerging-6,Emerging,Plot Area,3031.5,4,3,4,4,15.41,Unfurnished,West,0,1,0,1,8030000.0
P00951,Delhi,Delhi-Mid-8,Mid,Plot Area,1017.7,2,1,2,14,5.27,Semi-Furnished,East,2,0,4,0,10125000.0
P00952,Hyderabad,Hyderabad-Emerging-6,Emerging,Super built-up Area,2111.1,4,4,1,17,22.54,Fully Furnished,South-East,1,0,4,3,5680000.0
P00953,Bengaluru,Bengaluru-Emerging-7,Emerging,Super built-up Area,543.9,1,1,1,22,15.6,Semi-Furnished,East,0,1,3,0,1373000.0
P00954,Bengaluru,Bengaluru-Premium-5,Premium,Built-up Area,1239.8,2,1,2,22,1.41,Unfurnished,South-East,0,1,3,1,9941000.0
P00955,Chennai,Chennai-Emerging-7,Emerging,Built-up Area,1322.6,3,2,3,3,14.85,Unfurnished,South-East,1,1,3,3,4687000.0
P00956,Mumbai,Mumbai-Mid-4,Mid,Super built-up Area,1004.3,2,1,2,5,8.98,Unfurnished,North,2,1,1,3,19082000.0
P00957,Delhi,Delhi-Mid-1,Mid,Plot Area,1890.3,3,2,0,20,6.35,Semi-Furnished,South,0,1,2,2,16832000.0
P00958,Chennai,Chennai-Mid-3,Mid,Super built-up Area,597.5,1,1,0,21,11.51,Unfurnished,South,1,1,0,1,2611000.0
P00959,Delhi,Delhi-Emerging-6,Emerging,Super built-up Area,2008.7,4,5,1,23,18.31,Unfurnished,North,1,0,5,0,9694000.0
P00960,Bengaluru,Bengaluru-Emerging-7,Emerging,Built-up Area,1355.2,2,1,0,13,13.52,Unfurnished,West,1,1,0,0,4767000.0
P00961,Bengaluru,Bengaluru-Premium-6,Premium,Built-up Area,1621.4,3,3,1,19,4.5,Fully Furnished,South,1,1,0,1,13331000.0
P00962,Hyderabad,Hyderabad-Mid-5,Mid,Super built-up Area,2056.1,4,5,1,20,12.36,Semi-Furnished,North,2,1,2,0,7145000.0
P00963,Hyderabad,Hyderabad-Mid-8,Mid,Carpet Area,1245.1,2,1,0,22,6.09,Unfurnished,North-East,0,0,0,3,7413000.0
P00964,Hyderabad,Hyderabad-Mid-3,Mid,Carpet Area,1156.1,2,1,0,7,14.27,Fully Furnished,West,2,1,0,0,5296000.0
P00965,Pune,Pune-Emerging-1,Emerging,Super built-up Area,1084.1,2,2,1,2,18.19,Unfurnished,East,2,1,2,2,4476000.0
P00966,Hyderabad,Hyderabad-Mid-7,Mid,Built-up Area,3303.3,5,4,2,8,11.59,Fully Furnished,East,1,0,5,2,18587000.0
P00967,Bengaluru,Bengaluru-Premium-5,Premium,Carpet Area,1846.5,3,4,1,11,2.06,Unfurnished,South-East,1,1,0,0,20360000.0
P00968,Chennai,Chennai-Premium-6,Premium,Built-up Area,2842.6,5,6,5,5,3.69,Unfurnished,East,2,1,5,2,26758000.0
P00969,Bengaluru,Bengaluru-Mid-5,Mid,Plot Area,2315.6,3,2,2,21,8.06,Unfurnished,South,2,0,5,0,14421000.0
P00970,Delhi,Delhi-Premium-7,Premium,Super built-up Area,451.5,1,1,0,2,4.43,Unfurnished,North,2,1,4,3,7442000.0
P00971,Hyderabad,Hyderabad-Mid-1,Mid,Built-up Area,1506.3,3,2,1,19,6.85,Semi-Furnished,East,0,1,0,2,9739000.0
P00972,Hyderabad,Hyderabad-Mid-8,Mid,Plot Area,1652.7,3,3,3,9,12.11,Unfurnished,North,0,1,5,3,9483000.0
P00973,Chennai,Chennai-Mid-4,Mid,Super built-up Area,1520.2,3,2,0,3,12.22,Semi-Furnished,North-East,0,1,0,1,7718000.0
P00974,Hyderabad,Hyderabad-Mid-1,Mid,Super built-up Area,571.1,1,1,0,8,8.47,Fully Furnished,South,0,1,3,2,3108000.0
P00975,Chennai,Chennai-Emerging-1,Emerging,Super built-up Area,676.1,1,1,0,18,21.61,Semi-Furnished,South,0,1,5,1,1924000.0
P00976,Bengaluru,Bengaluru-Premium-5,Premium,Carpet Area,1113.1,3,3,2,2,5.95,Unfurnished,North,2,1,1,1,11906000.0
P00977,Delhi,Delhi-Emerging-4,Emerging,Carpet Area,2493.7,4,4,1,9,22.15,Semi-Furnished,South-East,2,1,4,3,11961000.0
P00978,Bengaluru,Bengaluru-Mid-7,Mid,Carpet Area,1310.5,2,2,1,13,5.93,Fully Furnished,East,1,1,0,1,6383000.0
P00979,Pune,Pune-Mid-4,Mid,Plot Area,1192.7,2,2,1,0,8.77,Fully Furnished,South-East,1,1,4,2,8267000.0
P00980,Chennai,Chennai-Mid-8,Mid,Built-up Area,1277.2,2,1,1,5,14.86,Fully Furnished,West,2,1,3,0,6913000.0
P00981,Bengaluru,Bengaluru-Mid-2,Mid,Super built-up Area,1015.4,2,1,1,7,11.36,Unfurnished,South,1,1,4,3,5033000.0
P00982,Delhi,Delhi-Mid-1,Mid,Plot Area,1638.0,3,3,1,1,14.63,Semi-Furnished,East,2,1,4,3,12867000.0
P00983,Chennai,Chennai-Emerging-5,Emerging,Built-up Area,924.5,2,1,2,16,25.54,Unfurnished,West,1,1,0,0,1837000.0
P00984,Hyderabad,Hyderabad-Premium-2,Premium,Carpet Area,945.6,2,2,2,23,2.23,Unfurnished,South-East,1,1,0,2,7246000.0
P00985,Pune,Pune-Premium-6,Premium,Built-up Area,1960.4,3,2,0,20,2.92,Unfurnished,North,1,0,5,1,16387000.0
P00986,Bengaluru,Bengaluru-Emerging-5,Emerging,Super built-up Area,1306.1,2,3,1,4,14.0,Unfurnished,North-East,2,1,2,1,5504000.0
P00987,Delhi,Delhi-Emerging-8,Emerging,Carpet Area,1516.3,3,4,1,4,17.19,Semi-Furnished,North-East,1,1,0,2,8799000.0
P00988,Pune,Pune-Emerging-8,Emerging,Carpet Area,1721.4,3,3,3,10,19.66,Unfurnished,East,1,1,2,2,4377000.0
P00989,Pune,Pune-Mid-3,Mid,Built-up Area,1590.7,3,2,3,22,9.49,Semi-Furnished,East,0,0,2,0,7997000.0
P00990,Hyderabad,Hyderabad-Mid-8,Mid,Carpet Area,594.1,1,1,1,15,10.07,Semi-Furnished,North,1,1,3,1,3274000.0
P00991,Bengaluru,Bengaluru-Mid-6,Mid,Carpet Area,2585.2,4,5,2,14,9.15,Semi-Furnished,South-East,2,1,2,1,17528000.0
P00992,Pune,Pune-Premium-6,Premium,Carpet Area,536.5,1,2,0,22,2.68,Fully Furnished,West,2,0,2,2,4905000.0
P00993,Chennai,Chennai-Mid-2,Mid,Carpet Area,1674.4,3,3,0,15,9.84,Unfurnished,East,2,1,1,3,10009000.0
P00994,Chennai,Chennai-Mid-7,Mid,Built-up Area,489.0,1,2,1,3,14.44,Semi-Furnished,North,0,0,1,2,3012000.0
P00995,Bengaluru,Bengaluru-Mid-8,Mid,Super built-up Area,391.3,1,1,1,8,10.58,Unfurnished,West,0,1,0,0,2252000.0
P00996,Delhi,Delhi-Mid-4,Mid,Carpet Area,1720.3,3,2,0,21,13.72,Semi-Furnished,South,2,1,3,3,14530000.0
P00997,Chennai,Chennai-Emerging-8,Emerging,Carpet Area,1120.9,2,2,1,6,23.22,Unfurnished,South,1,1,1,2,2890000.0
P00998,Hyderabad,Hyderabad-Emerging-6,Emerging,Built-up Area,1653.8,3,2,0,22,21.33,Unfurnished,South,2,1,0,2,4000000.0
P00999,Pune,Pune-Emerging-7,Emerging,Carpet Area,1989.9,4,3,4,18,18.88,Fully Furnished,East,2,0,0,1,4449000.0
P01000,Bengaluru,Bengaluru-Mid-1,Mid,Super built-up Area,1047.6,2,2,0,23,12.54,Semi-Furnished,East,2,1,1,2,4248000.0
P01001,Pune,Pune-Emerging-6,Emerging,Built-up Area,2030.4,3,4,1,2,16.33,Semi-Furnished,West,1,1,4,1,6498000.0
P01002,Pune,Pune-Emerging-4,Emerging,Super built-up Area,1167.3,2,2,1,7,19.91,Semi-Furnished,West,0,1,1,3,3584000.0
P01003,Mumbai,Mumbai-Emerging-3,Emerging,Carpet Area,2056.3,3,3,3,14,25.81,Unfurnished,South,1,1,5,3,14220000.0
P01004,Bengaluru,Bengaluru-Mid-4,Mid,Super built-up Area,1160.2,2,2,2,13,11.84,Unfurnished,South,1,1,1,2,5602000.0
P01005,Delhi,Delhi-Mid-8,Mid,Carpet Area,1756.5,3,3,3,2,13.47,Semi-Furnished,East,1,0,0,1,20596000.0
P01006,Hyderabad,Hyderabad-Mid-7,Mid,Carpet Area,1015.1,2,2,1,21,8.66,Fully Furnished,West,0,1,1,3,5423000.0
P01007,Hyderabad,Hyderabad-Mid-1,Mid,Carpet Area,1523.0,3,3,2,24,9.98,Semi-Furnished,South-East,0,1,5,2,7868000.0
P01008,Pune,Pune-Mid-7,Mid,Plot Area,2082.7,3,4,2,13,7.27,Fully Furnished,South-East,1,1,0,1,11470000.0
P01009,Chennai,Chennai-Mid-7,Mid,Built-up Area,1210.8,2,1,0,5,12.38,Semi-Furnished,East,2,0,3,3,6612000.0
P01010,Bengaluru,Bengaluru-Premium-7,Premium,Carpet Area,1259.9,2,2,1,15,5.25,Unfurnished,North-East,2,0,0,0,12008000.0
P01011,Hyderabad,Hyderabad-Emerging-2,Emerging,Built-up Area,1552.8,3,3,1,7,26.04,Unfurnished,East,1,1,1,3,5314000.0
P01012,Bengaluru,Bengaluru-Mid-8,Mid,Built-up Area,2898.4,5,6,4,4,14.21,Unfurnished,South,0,1,3,3,15156000.0
P01013,Pune,Pune-Mid-5,Mid,Super built-up Area,502.2,1,1,1,23,8.29,Unfurnished,South,0,1,0,2,2278000.0
P01014,Mumbai,Mumbai-Emerging-2,Emerging,Built-up Area,652.7,1,2,0,20,18.62,Semi-Furnished,East,0,1,2,2,5007000.0
P01015,Hyderabad,Hyderabad-Emerging-5,Emerging,Carpet Area,2211.4,4,5,4,23,26.12,Semi-Furnished,South-East,2,1,5,2,6464000.0
P01016,Chennai,Chennai-Mid-4,Mid,Plot Area,1324.7,2,3,0,10,6.0,Fully Furnished,East,1,1,1,3,6281000.0
P01017,Delhi,Delhi-Emerging-4,Emerging,Carpet Area,1409.9,2,1,1,12,22.51,Fully Furnished,West,1,1,1,3,7065000.0
P01018,Chennai,Chennai-Mid-4,Mid,Carpet Area,565.6,1,1,0,23,5.84,Semi-Furnished,West,1,1,5,2,2495000.0
P01019,Chennai,Chennai-Mid-7,Mid,Carpet Area,974.3,2,1,0,19,6.95,Unfurnished,West,0,1,2,0,4738000.0
P01020,Delhi,Delhi-Emerging-4,Emerging,Built-up Area,977.6,2,3,0,14,18.18,Unfurnished,South,2,0,0,3,4409000.0
P01021,Bengaluru,Bengaluru-Emerging-1,Emerging,Super built-up Area,1538.0,3,3,3,13,27.42,Unfurnished,South-East,0,0,2,2,3622000.0
P01022,Delhi,Delhi-Emerging-3,Emerging,Plot Area,2345.3,4,4,4,21,17.48,Unfurnished,West,1,1,0,2,14152000.0
P01023,Mumbai,Mumbai-Mid-8,Mid,Super built-up Area,1674.8,3,3,0,24,11.41,Unfurnished,South-East,0,1,4,1,19763000.0
P01024,Chennai,Chennai-Emerging-4,Emerging,Super built-up Area,1194.6,3,4,0,19,23.43,Fully Furnished,East,2,0,1,3,2420000.0
P01025,Chennai,Chennai-Mid-3,Mid,Super built-up Area,1253.5,2,1,0,0,12.71,Fully Furnished,South,2,1,2,0,5271000.0
P01026,Bengaluru,Bengaluru-Mid-8,Mid,Super built-up Area,864.7,2,3,1,17,6.25,Unfurnished,North-East,2,0,0,3,5050000.0
P01027,Delhi,Delhi-Emerging-1,Emerging,Super built-up Area,1405.2,2,3,2,6,22.32,Semi-Furnished,South-East,1,1,3,2,6340000.0
P01028,Bengaluru,Bengaluru-Emerging-5,Emerging,Plot Area,1467.1,3,3,2,10,15.47,Semi-Furnished,South,1,1,4,2,4401000.0
P01029,Hyderabad,Hyderabad-Mid-6,Mid,Built-up Area,1512.3,3,3,0,15,14.36,Unfurnished,East,0,1,0,3,6741000.0
P01030,Pune,Pune-Emerging-4,Emerging,Carpet Area,491.6,1,2,1,5,16.38,Unfurnished,East,2,1,4,0,1567000.0
P01031,Hyderabad,Hyderabad-Emerging-7,Emerging,Carpet Area,2219.8,4,4,3,6,15.9,Unfurnished,West,2,1,5,3,7284000.0
P01032,Bengaluru,Bengaluru-Mid-5,Mid,Carpet Area,1852.7,3,4,3,8,14.68,Semi-Furnished,North,1,1,2,0,10801000.0
P01033,Pune,Pune-Mid-1,Mid,Carpet Area,1117.4,2,2,2,2,11.28,Unfurnished,West,0,1,1,0,7813000.0
P01034,Chennai,Chennai-Mid-5,Mid,Carpet Area,2758.0,4,4,4,14,12.79,Semi-Furnished,North-East,2,1,5,2,15044000.0
P01035,Chennai,Chennai-Premium-5,Premium,Built-up Area,542.3,1,2,0,0,4.88,Unfurnished,East,2,1,3,1,5535000.0
P01036,Pune,Pune-Emerging-5,Emerging,Plot Area,2865.9,5,4,3,0,14.31,Fully Furnished,West,0,1,1,0,10579000.0
P01037,Mumbai,Mumbai-Premium-4,Premium,Carpet Area,2024.7,3,4,1,21,1.94,Semi-Furnished,East,0,1,0,1,43358000.0
P01038,Bengaluru,Bengaluru-Mid-6,Mid,Super built-up Area,2678.9,4,3,4,6,11.54,Semi-Furnished,West,2,1,5,3,14866000.0
P01039,Delhi,Delhi-Emerging-5,Emerging,Plot Area,1825.6,4,3,2,10,27.62,Unfurnished,South-East,0,0,2,0,7702000.0
P01040,Bengaluru,Bengaluru-Emerging-3,Emerging,Carpet Area,1225.9,2,3,1,1,23.98,Semi-Furnished,South-East,1,1,4,1,5327000.0
P01041,Pune,Pune-Premium-2,Premium,Plot Area,1776.5,4,4,3,23,3.35,Semi-Furnished,North,2,1,2,2,12902000.0
P01042,Bengaluru,Bengaluru-Emerging-2,Emerging,Plot Area,826.6,2,3,1,8,13.74,Unfurnished,North,0,0,5,1,2595000.0
P01043,Bengaluru,Bengaluru-Mid-3,Mid,Super built-up Area,1371.6,3,2,2,3,9.83,Unfurnished,North,0,1,3,0,8082000.0
P01044,Delhi,Delhi-Mid-5,Mid,Super built-up Area,3055.6,5,5,4,24,11.36,Fully Furnished,East,2,1,2,3,24777000.0
P01045,Hyderabad,Hyderabad-Mid-2,Mid,Plot Area,1929.7,3,3,0,19,7.04,Unfurnished,West,2,1,0,2,10916000.0
P01046,Chennai,Chennai-Mid-8,Mid,Built-up Area,1680.5,3,3,0,20,8.45,Unfurnished,South-East,1,0,4,0,8156000.0
P01047,Bengaluru,Bengaluru-Premium-6,Premium,Carpet Area,1293.8,3,4,1,13,1.35,Unfurnished,North-East,2,1,2,0,15287000.0
P01048,Chennai,Chennai-Mid-8,Mid,Plot Area,1193.8,3,4,2,4,7.74,Unfurnished,West,2,1,0,2,7424000.0
P01049,Hyderabad,Hyderabad-Mid-7,Mid,Carpet Area,2401.9,4,4,2,10,13.95,Unfurnished,West,2,0,3,3,10886000.0
P01050,Mumbai,Mumbai-Emerging-3,Emerging,Plot Area,607.4,1,2,1,3,15.61,Unfurnished,South-East,1,1,4,1,5326000.0
P01051,Chennai,Chennai-Emerging-3,Emerging,Carpet Area,1008.9,2,3,0,6,15.97,Semi-Furnished,South-East,1,1,4,3,3634000.0
P01052,Pune,Pune-Mid-1,Mid,Carpet Area,2243.4,4,4,2,1,12.8,Unfurnished,West,1,1,2,0,16290000.0
P01053,Bengaluru,Bengaluru-Mid-7,Mid,Plot Area,545.1,1,1,0,17,12.32,Semi-Furnished,East,0,0,2,1,2842000.0
P01054,Pune,Pune-Premium-7,Premium,Plot Area,448.3,1,1,1,6,2.13,Unfurnished,East,2,1,2,3,3647000.0
P01055,Chennai,Chennai-Premium-7,Premium,Carpet Area,1087.3,2,3,1,16,1.4,Semi-Furnished,South,0,1,0,0,9758000.0
P01056,Delhi,Delhi-Mid-1,Mid,Super built-up Area,1263.6,2,1,0,19,9.4,Semi-Furnished,North,2,1,4,1,9807000.0
P01057,Delhi,Delhi-Mid-7,Mid,Super built-up Area,1352.6,3,3,1,15,11.88,Unfurnished,North-East,0,1,4,0,11026000.0
P01058,Pune,Pune-Mid-5,Mid,Built-up Area,1538.4,3,4,2,5,11.98,Unfurnished,North-East,2,1,1,3,11562000.0
P01059,Pune,Pune-Premium-1,Premium,Carpet Area,1888.4,3,2,3,12,2.75,Unfurnished,East,2,1,2,3,21466000.0
P01060,Bengaluru,Bengaluru-Premium-1,Premium,Super built-up Area,526.3,1,2,0,5,2.24,Semi-Furnished,South,0,1,5,2,5485000.0
P01061,Chennai,Chennai-Mid-3,Mid,Carpet Area,1631.3,3,4,0,16,7.49,Semi-Furnished,South-East,2,1,0,0,8236000.0
P01062,Mumbai,Mumbai-Mid-1,Mid,Built-up Area,1325.1,2,2,1,11,6.99,Fully Furnished,West,0,1,5,0,25975000.0
P01063,Chennai,Chennai-Premium-7,Premium,Carpet Area,1913.2,3,4,0,6,2.65,Fully Furnished,North,1,1,3,2,16469000.0
P01064,Mumbai,Mumbai-Mid-4,Mid,Carpet Area,1287.6,3,4,1,11,7.83,Unfurnished,West,2,1,0,2,18071000.0
P01065,Hyderabad,Hyderabad-Mid-7,Mid,Built-up Area,1828.2,3,3,2,14,13.41,Semi-Furnished,South,2,1,1,0,8110000.0
P01066,Delhi,Delhi-Emerging-6,Emerging,Built-up Area,1849.5,3,4,3,2,19.59,Unfurnished,West,0,1,1,3,12128000.0
P01067,Mumbai,Mumbai-Mid-7,Mid,Super built-up Area,655.1,1,1,0,21,8.02,Unfurnished,South-East,0,0,3,1,10787000.0
P01068,Bengaluru,Bengaluru-Premium-4,Premium,Carpet Area,959.0,2,3,1,24,2.28,Unfurnished,South-East,2,0,5,3,8564000.0
P01069,Bengaluru,Bengaluru-Emerging-6,Emerging,Plot Area,1558.2,3,2,2,8,26.16,Unfurnished,South-East,2,1,4,3,4622000.0
P01070,Chennai,Chennai-Mid-1,Mid,Plot Area,1809.6,4,3,0,1,10.82,Unfurnished,South,1,0,2,3,11895000.0
P01071,Bengaluru,Bengaluru-Mid-7,Mid,Carpet Area,2208.6,3,2,3,9,13.8,Fully Furnished,North-East,1,1,3,2,11139000.0
P01072,Bengaluru,Bengaluru-Emerging-6,Emerging,Carpet Area,2211.5,4,4,0,22,14.78,Semi-Furnished,North,1,1,4,2,7070000.0
P01073,Chennai,Chennai-Mid-1,Mid,Carpet Area,1796.6,3,3,1,8,6.47,Semi-Furnished,East,0,1,4,0,10707000.0
P01074,Pune,Pune-Mid-7,Mid,Super built-up Area,3511.8,5,5,4,0,11.33,Unfurnished,North-East,1,1,1,1,18224000.0
P01075,Hyderabad,Hyderabad-Mid-2,Mid,Carpet Area,1965.6,4,5,4,15,5.34,Fully Furnished,North-East,1,1,1,1,10546000.0
P01076,Mumbai,Mumbai-Premium-5,Premium,Super built-up Area,1269.3,3,3,3,18,1.05,Unfurnished,East,2,1,3,2,28249000.0
P01077,Bengaluru,Bengaluru-Premium-5,Premium,Carpet Area,1085.3,2,2,1,15,0.28,Unfurnished,North,2,0,2,1,9988000.0
P01078,Delhi,Delhi-Premium-8,Premium,Carpet Area,2540.4,5,5,3,19,1.92,Unfurnished,North-East,0,1,0,2,34420000.0
P01079,Bengaluru,Bengaluru-Mid-3,Mid,Plot Area,953.3,2,2,0,8,9.01,Fully Furnished,South-East,0,0,5,1,6247000.0
P01080,Pune,Pune-Mid-1,Mid,Plot Area,1294.5,2,3,2,23,14.78,Fully Furnished,North-East,0,1,1,0,5202000.0
P01081,Bengaluru,Bengaluru-Mid-3,Mid,Super built-up Area,1014.2,2,3,2,2,6.5,Unfurnished,South-East,1,0,1,0,6792000.0
P01082,Hyderabad,Hyderabad-Mid-6,Mid,Super built-up Area,1908.8,4,4,3,5,11.21,Semi-Furnished,South-East,1,1,3,0,11571000.0
P01083,Pune,Pune-Premium-5,Premium,Built-up Area,1818.4,3,3,2,8,1.88,Semi-Furnished,East,1,0,1,1,19316000.0
P01084,Delhi,Delhi-Premium-5,Premium,Built-up Area,2572.0,4,4,3,2,3.62,Fully Furnished,East,2,0,0,3,44856000.0
P01085,Hyderabad,Hyderabad-Mid-3,Mid,Super built-up Area,1068.6,2,3,2,21,6.6,Unfurnished,South,0,1,1,1,3927000.0
P01086,Bengaluru,Bengaluru-Mid-8,Mid,Super built-up Area,1012.5,2,2,1,8,5.27,Semi-Furnished,North,0,1,5,2,5364000.0
P01087,Hyderabad,Hyderabad-Premium-8,Premium,Super built-up Area,1986.4,3,4,3,20,5.68,Unfurnished,East,2,1,5,3,17428000.0
P01088,Delhi,Delhi-Emerging-4,Emerging,Super built-up Area,671.9,1,1,1,17,13.75,Fully Furnished,East,0,1,3,3,2663000.0
P01089,Chennai,Chennai-Premium-2,Premium,Built-up Area,1566.1,3,3,2,2,3.59,Semi-Furnished,South,1,1,2,2,13857000.0
P01090,Bengaluru,Bengaluru-Mid-1,Mid,Super built-up Area,408.7,1,1,0,7,14.26,Unfurnished,South,1,1,2,3,2127000.0
P01091,Delhi,Delhi-Premium-6,Premium,Super built-up Area,1351.7,3,2,2,14,5.4,Fully Furnished,North-East,1,1,5,2,18293000.0
P01092,Pune,Pune-Mid-8,Mid,Plot Area,861.4,2,1,0,17,13.94,Unfurnished,South-East,0,1,5,2,4639000.0
P01093,Chennai,Chennai-Emerging-3,Emerging,Carpet Area,1476.8,3,2,2,6,24.93,Unfurnished,North,2,1,4,3,4139000.0
P01094,Pune,Pune-Emerging-3,Emerging,Carpet Area,1246.4,2,1,1,13,16.38,Fully Furnished,West,0,1,0,0,3497000.0
P01095,Delhi,Delhi-Mid-2,Mid,Plot Area,1355.6,2,1,2,21,7.15,Unfurnished,North-East,2,1,3,1,12145000.0
P01096,Bengaluru,Bengaluru-Premium-4,Premium,Super built-up Area,1568.2,3,3,0,17,2.15,Semi-Furnished,North,2,1,2,0,13733000.0
P01097,Bengaluru,Bengaluru-Mid-2,Mid,Super built-up Area,1698.2,4,5,3,11,10.43,Unfurnished,North,2,1,0,0,8188000.0
P01098,Mumbai,Mumbai-Emerging-7,Emerging,Built-up Area,1937.3,3,3,0,2,17.6,Semi-Furnished,South-East,0,0,0,2,17077000.0
P01099,Delhi,Delhi-Emerging-3,Emerging,Built-up Area,992.3,2,2,2,9,17.33,Unfurnished,North-East,2,1,2,1,5628000.0
P01100,Pune,Pune-Mid-3,Mid,Carpet Area,1890.6,3,2,0,4,5.58,Unfurnished,South,0,1,3,1,14820000.0
P01101,Pune,Pune-Emerging-6,Emerging,Super built-up Area,1561.0,3,4,3,10,16.82,Semi-Furnished,South-East,0,1,3,3,3846000.0
P01102,Bengaluru,Bengaluru-Mid-1,Mid,Carpet Area,1061.0,2,3,0,6,9.14,Semi-Furnished,North,0,1,4,0,6397000.0
P01103,Hyderabad,Hyderabad-Emerging-5,Emerging,Carpet Area,931.6,2,3,2,10,23.01,Unfurnished,North-East,1,0,5,1,2353000.0
P01104,Chennai,Chennai-Mid-2,Mid,Super built-up Area,1347.7,3,3,3,15,11.23,Semi-Furnished,North-East,2,1,0,3,6084000.0
P01105,Delhi,Delhi-Mid-5,Mid,Carpet Area,2941.9,5,6,5,22,6.07,Semi-Furnished,South-East,2,1,2,2,25591000.0
P01106,Pune,Pune-Mid-2,Mid,Plot Area,1683.6,4,5,1,22,12.02,Semi-Furnished,South-East,1,1,2,2,8124000.0
P01107,Pune,Pune-Premium-7,Premium,Plot Area,729.7,1,1,1,1,5.51,Semi-Furnished,North-East,1,1,2,0,8303000.0
P01108,Chennai,Chennai-Emerging-3,Emerging,Carpet Area,1107.1,2,2,0,14,12.75,Unfurnished,South,0,1,1,0,3622000.0
P01109,Mumbai,Mumbai-Mid-7,Mid,Plot Area,588.1,1,2,1,0,5.03,Semi-Furnished,North-East,0,1,3,1,12880000.0
P01110,Mumbai,Mumbai-Mid-6,Mid,Plot Area,823.1,2,3,0,14,9.24,Unfurnished,South,1,1,3,1,10977000.0
P01111,Mumbai,Mumbai-Premium-5,Premium,Super built-up Area,1580.0,3,4,0,4,1.83,Unfurnished,West,2,1,3,2,51807000.0
P01112,Pune,Pune-Mid-4,Mid,Super built-up Area,1488.2,3,3,2,8,13.82,Semi-Furnished,North,0,1,0,1,8827000.0
P01113,Mumbai,Mumbai-Mid-1,Mid,Plot Area,1132.6,2,1,0,19,12.85,Semi-Furnished,South,2,0,4,1,14535000.0
P01114,Hyderabad,Hyderabad-Mid-1,Mid,Carpet Area,1201.8,2,2,2,6,10.85,Unfurnished,East,2,1,3,3,7636000.0
P01115,Bengaluru,Bengaluru-Mid-2,Mid,Super built-up Area,2069.1,4,3,2,5,6.65,Semi-Furnished,South-East,2,1,0,1,15152000.0
P01116,Pune,Pune-Emerging-1,Emerging,Built-up Area,1104.4,2,3,0,21,27.57,Unfurnished,North,2,0,3,3,2315000.0
P01117,Hyderabad,Hyderabad-Premium-8,Premium,Built-up Area,1111.4,3,2,3,20,4.97,Semi-Furnished,North,2,1,1,0,9570000.0
P01118,Pune,Pune-Mid-8,Mid,Super built-up Area,993.1,2,3,0,3,13.27,Fully Furnished,East,0,0,5,3,5329000.0
P01119,Delhi,Delhi-Premium-8,Premium,Built-up Area,1074.5,2,1,2,6,3.24,Fully Furnished,South-East,2,1,5,3,15667000.0
P01120,Pune,Pune-Mid-1,Mid,Super built-up Area,1581.4,3,4,2,13,6.8,Semi-Furnished,East,1,1,1,3,9384000.0
P01121,Mumbai,Mumbai-Mid-4,Mid,Plot Area,1045.2,2,2,0,6,7.72,Unfurnished,East,1,1,5,1,17170000.0
P01122,Delhi,Delhi-Emerging-1,Emerging,Plot Area,1860.1,3,3,0,22,13.9,Unfurnished,South,2,1,1,1,9037000.0
P01123,Pune,Pune-Mid-1,Mid,Carpet Area,1918.4,3,4,0,8,8.32,Semi-Furnished,East,2,0,0,0,10740000.0
P01124,Hyderabad,Hyderabad-Mid-4,Mid,Plot Area,472.1,1,1,1,15,10.65,Semi-Furnished,North-East,2,0,0,0,2463000.0
P01125,Delhi,Delhi-Premium-1,Premium,Super built-up Area,1943.3,3,4,3,24,4.66,Unfurnished,North-East,2,1,3,1,24751000.0
P01126,Delhi,Delhi-Mid-5,Mid,Plot Area,853.3,2,3,2,9,6.1,Fully Furnished,South-East,1,1,4,2,10561000.0
P01127,Bengaluru,Bengaluru-Emerging-2,Emerging,Built-up Area,2506.6,4,5,3,0,13.34,Unfurnished,North,0,0,2,3,12990000.0
P01128,Chennai,Chennai-Mid-3,Mid,Carpet Area,2227.2,4,3,4,22,5.9,Unfurnished,South,2,1,5,3,10133000.0
P01129,Hyderabad,Hyderabad-Premium-6,Premium,Super built-up Area,1824.4,3,2,3,8,5.7,Fully Furnished,North-East,1,0,5,3,13961000.0
P01130,Hyderabad,Hyderabad-Emerging-6,Emerging,Plot Area,561.0,1,1,1,13,21.83,Fully Furnished,South-East,0,1,5,2,1917000.0
P01131,Hyderabad,Hyderabad-Mid-3,Mid,Super built-up Area,1730.7,3,3,0,1,9.91,Fully Furnished,North,2,0,2,0,8712000.0
P01132,Hyderabad,Hyderabad-Premium-5,Premium,Built-up Area,1350.5,2,3,1,21,3.86,Fully Furnished,East,0,1,0,3,12060000.0
P01133,Bengaluru,Bengaluru-Emerging-1,Emerging,Carpet Area,569.1,1,1,1,1,22.96,Semi-Furnished,West,1,1,5,3,1779000.0
P01134,Bengaluru,Bengaluru-Premium-3,Premium,Built-up Area,2471.0,4,3,0,17,3.87,Unfurnished,South,0,1,4,1,18770000.0
P01135,Delhi,Delhi-Emerging-2,Emerging,Built-up Area,1355.9,3,3,0,5,26.21,Unfurnished,East,0,1,2,2,7648000.0
P01136,Pune,Pune-Emerging-5,Emerging,Super built-up Area,1202.7,2,3,0,5,21.86,Semi-Furnished,South-East,1,1,0,2,3323000.0
P01137,Delhi,Delhi-Emerging-4,Emerging,Plot Area,449.0,1,2,0,6,13.36,Semi-Furnished,South,1,1,4,1,2360000.0
P01138,Hyderabad,Hyderabad-Emerging-2,Emerging,Carpet Area,404.5,1,2,1,16,17.46,Semi-Furnished,South-East,1,1,5,0,1182000.0
P01139,Chennai,Chennai-Emerging-1,Emerging,Built-up Area,1999.6,3,4,2,17,19.04,Semi-Furnished,North-East,0,1,5,2,4964000.0
P01140,Chennai,Chennai-Emerging-6,Emerging,Carpet Area,1453.3,2,1,1,16,27.91,Semi-Furnished,North,1,0,2,3,4515000.0
P01141,Hyderabad,Hyderabad-Mid-1,Mid,Plot Area,1473.7,2,1,0,18,5.76,Unfurnished,North,0,0,4,2,8213000.0
P01142,Hyderabad,Hyderabad-Mid-4,Mid,Carpet Area,2184.2,4,3,2,16,12.1,Fully Furnished,East,2,1,5,1,10676000.0
P01143,Chennai,Chennai-Premium-5,Premium,Super built-up Area,1893.6,3,2,3,11,4.98,Unfurnished,South-East,1,1,1,1,13839000.0
P01144,Mumbai,Mumbai-Mid-6,Mid,Super built-up Area,520.2,1,1,0,22,12.01,Semi-Furnished,South-East,1,1,4,0,7662000.0
P01145,Mumbai,Mumbai-Mid-6,Mid,Carpet Area,859.2,2,3,0,12,8.06,Unfurnished,South,2,1,3,1,12979000.0
P01146,Mumbai,Mumbai-Mid-3,Mid,Carpet Area,1689.6,3,2,2,14,14.02,Semi-Furnished,East,2,1,4,1,26098000.0
P01147,Mumbai,Mumbai-Emerging-2,Emerging,Super built-up Area,2121.9,4,5,4,11,15.01,Fully Furnished,North,0,1,4,1,20428000.0
P01148,Delhi,Delhi-Emerging-1,Emerging,Carpet Area,1229.3,2,3,2,1,15.45,Semi-Furnished,East,1,1,4,3,6669000.0
P01149,Hyderabad,Hyderabad-Premium-6,Premium,Super built-up Area,547.2,1,1,0,17,0.7,Semi-Furnished,North,2,1,0,3,5125000.0
P01150,Bengaluru,Bengaluru-Emerging-8,Emerging,Super built-up Area,726.8,2,3,0,15,13.18,Unfurnished,South-East,2,0,4,0,2391000.0
P01151,Pune,Pune-Premium-4,Premium,Built-up Area,1900.3,4,3,3,0,5.6,Semi-Furnished,South-East,0,1,2,0,20074000.0
P01152,Pune,Pune-Emerging-5,Emerging,Carpet Area,2319.7,4,4,0,23,24.49,Semi-Furnished,North,0,1,3,1,5207000.0
P01153,Delhi,Delhi-Mid-2,Mid,Carpet Area,1310.0,2,1,1,13,8.22,Semi-Furnished,South-East,1,1,2,0,12865000.0
P01154,Pune,Pune-Mid-6,Mid,Super built-up Area,1527.1,3,3,2,19,10.19,Unfurnished,South-East,1,0,2,3,6917000.0
P01155,Pune,Pune-Emerging-2,Emerging,Carpet Area,991.2,2,2,1,3,13.55,Unfurnished,South-East,2,1,4,3,3831000.0
P01156,Pune,Pune-Premium-7,Premium,Built-up Area,1241.6,2,3,0,13,4.89,Semi-Furnished,South,0,1,3,0,9118000.0
P01157,Chennai,Chennai-Premium-5,Premium,Carpet Area,2113.3,4,4,4,22,0.26,Semi-Furnished,South-East,0,0,0,3,17785000.0
P01158,Pune,Pune-Emerging-8,Emerging,Super built-up Area,570.2,1,1,0,4,26.98,Fully Furnished,East,2,1,4,1,2090000.0
P01159,Chennai,Chennai-Mid-6,Mid,Built-up Area,1024.0,2,2,1,13,7.85,Unfurnished,North-East,1,1,4,3,4729000.0
P01160,Bengaluru,Bengaluru-Mid-2,Mid,Carpet Area,1373.6,2,1,1,16,12.59,Fully Furnished,South,2,1,2,3,6247000.0
P01161,Pune,Pune-Emerging-8,Emerging,Built-up Area,343.8,1,1,0,2,24.87,Semi-Furnished,South,0,1,0,2,1090000.0
P01162,Delhi,Delhi-Premium-6,Premium,Carpet Area,655.0,1,1,1,19,4.47,Fully Furnished,North,1,1,1,2,9158000.0
P01163,Pune,Pune-Mid-6,Mid,Carpet Area,662.9,1,1,0,8,14.99,Semi-Furnished,West,0,0,3,2,3368000.0
P01164,Pune,Pune-Emerging-4,Emerging,Built-up Area,1067.8,2,2,0,23,26.17,Unfurnished,South-East,1,1,2,1,2449000.0
P01165,Mumbai,Mumbai-Mid-3,Mid,Carpet Area,1648.3,3,3,2,3,6.65,Unfurnished,South,2,1,5,3,26476000.0
P01166,Mumbai,Mumbai-Mid-1,Mid,Built-up Area,1157.7,2,1,1,15,13.44,Fully Furnished,North,0,1,1,1,15631000.0
P01167,Bengaluru,Bengaluru-Mid-5,Mid,Plot Area,1722.6,3,4,3,3,9.9,Unfurnished,West,2,1,1,0,10780000.0
P01168,Mumbai,Mumbai-Mid-7,Mid,Plot Area,2259.9,4,4,2,7,9.36,Semi-Furnished,South-East,1,1,4,2,35880000.0
P01169,Pune,Pune-Mid-2,Mid,Super built-up Area,1081.7,2,1,2,21,13.32,Semi-Furnished,North,1,0,5,1,5896000.0
P01170,Pune,Pune-Mid-4,Mid,Plot Area,1978.1,4,4,0,9,9.51,Unfurnished,South,2,1,3,0,9683000.0
P01171,Hyderabad,Hyderabad-Premium-4,Premium,Built-up Area,1871.5,3,2,3,19,1.53,Unfurnished,West,0,1,1,2,16947000.0
P01172,Chennai,Chennai-Mid-8,Mid,Carpet Area,1078.1,2,2,0,4,10.13,Semi-Furnished,North,2,1,4,3,7103000.0
P01173,Mumbai,Mumbai-Mid-7,Mid,Carpet Area,1082.0,2,2,1,12,10.03,Unfurnished,West,1,1,2,0,13419000.0
P01174,Delhi,Delhi-Emerging-3,Emerging,Super built-up Area,1429.8,3,3,3,17,14.09,Semi-Furnished,South-East,0,1,4,2,8486000.0
P01175,Pune,Pune-Mid-1,Mid,Plot Area,1008.3,2,2,0,6,10.85,Semi-Furnished,West,2,1,1,3,5081000.0
P01176,Hyderabad,Hyderabad-Mid-1,Mid,Super built-up Area,1459.1,3,4,0,1,10.74,Fully Furnished,North,0,1,5,1,8162000.0
P01177,Pune,Pune-Mid-8,Mid,Carpet Area,280.0,1,1,1,9,9.97,Unfurnished,East,1,1,1,2,1395000.0
P01178,Bengaluru,Bengaluru-Emerging-7,Emerging,Built-up Area,1817.9,4,3,2,19,12.23,Unfurnished,South-East,1,0,3,2,5975000.0
P01179,Mumbai,Mumbai-Mid-2,Mid,Plot Area,2498.5,4,4,3,13,6.5,Unfurnished,South-East,0,1,2,0,47226000.0
P01180,Bengaluru,Bengaluru-Emerging-7,Emerging,Plot Area,492.9,1,2,0,7,27.99,Fully Furnished,North-East,2,1,5,0,1804000.0
P01181,Delhi,Delhi-Mid-5,Mid,Built-up Area,1298.6,2,2,2,16,7.38,Semi-Furnished,North,0,0,3,1,11184000.0
P01182,Bengaluru,Bengaluru-Emerging-1,Emerging,Built-up Area,1111.1,2,2,1,24,25.17,Semi-Furnished,North,2,1,1,1,2936000.0
P01183,Mumbai,Mumbai-Mid-6,Mid,Super built-up Area,650.4,1,2,1,5,5.23,Unfurnished,West,0,1,0,1,9241000.0
P01184,Mumbai,Mumbai-Emerging-8,Emerging,Built-up Area,1226.7,2,3,1,5,22.72,Semi-Furnished,South-East,0,0,5,3,10278000.0
P01185,Chennai,Chennai-Emerging-3,Emerging,Built-up Area,3001.2,4,5,3,1,15.33,Unfurnished,North-East,2,1,4,2,9761000.0
P01186,Mumbai,Mumbai-Premium-6,Premium,Carpet Area,1663.9,3,4,2,5,5.47,Semi-Furnished,South,2,0,4,1,32767000.0
P01187,Mumbai,Mumbai-Mid-8,Mid,Built-up Area,849.3,2,2,1,0,12.96,Semi-Furnished,North-East,2,1,4,3,16451000.0
P01188,Chennai,Chennai-Premium-5,Premium,Carpet Area,1955.1,4,4,0,19,5.61,Unfurnished,South-East,1,1,5,1,14427000.0
P01189,Delhi,Delhi-Mid-3,Mid,Built-up Area,1867.8,3,4,1,24,10.46,Semi-Furnished,South-East,0,1,0,1,12477000.0
P01190,Bengaluru,Bengaluru-Mid-2,Mid,Carpet Area,1177.6,2,2,1,16,6.93,Unfurnished,West,1,1,0,1,8113000.0
P01191,Delhi,Delhi-Emerging-4,Emerging,Plot Area,1944.8,3,4,3,19,22.34,Unfurnished,South-East,1,1,1,3,10498000.0
P01192,Chennai,Chennai-Mid-6,Mid,Plot Area,1123.7,2,3,2,11,9.99,Semi-Furnished,South-East,2,0,2,3,5033000.0
P01193,Mumbai,Mumbai-Premium-3,Premium,Built-up Area,2935.2,4,5,3,23,0.89,Fully Furnished,West,0,1,0,3,71054000.0
P01194,Bengaluru,Bengaluru-Mid-6,Mid,Super built-up Area,1533.9,3,2,3,15,6.6,Unfurnished,North,0,1,1,0,9392000.0
P01195,Delhi,Delhi-Mid-6,Mid,Plot Area,1208.7,2,3,1,14,9.36,Semi-Furnished,North-East,1,1,5,2,11404000.0
P01196,Hyderabad,Hyderabad-Emerging-2,Emerging,Carpet Area,1779.1,3,2,1,14,26.98,Fully Furnished,North-East,1,0,2,0,5746000.0
P01197,Hyderabad,Hyderabad-Mid-8,Mid,Plot Area,1031.3,2,2,1,14,5.14,Unfurnished,South,2,1,2,3,5986000.0
P01198,Pune,Pune-Mid-7,Mid,Built-up Area,1703.7,3,3,3,10,9.03,Fully Furnished,South,0,1,2,0,8845000.0
P01199,Chennai,Chennai-Mid-2,Mid,Carpet Area,1856.8,3,2,2,18,8.93,Unfurnished,North-East,2,0,3,3,7699000.0
P01200,Pune,Pune-Premium-1,Premium,Super built-up Area,1676.1,4,3,2,10,3.86,Semi-Furnished,East,2,1,3,0,18303000.0
P01201,Hyderabad,Hyderabad-Premium-6,Premium,Plot Area,1444.7,2,3,0,18,1.72,Semi-Furnished,North,2,1,1,3,12266000.0
P01202,Chennai,Chennai-Mid-2,Mid,Carpet Area,1070.4,2,1,2,9,14.97,Unfurnished,West,0,1,3,3,6216000.0
P01203,Hyderabad,Hyderabad-Premium-3,Premium,Built-up Area,1173.8,2,2,2,6,2.24,Semi-Furnished,South-East,1,1,5,0,11064000.0
P01204,Pune,Pune-Premium-1,Premium,Plot Area,956.1,2,2,2,13,5.97,Unfurnished,East,0,0,4,0,9250000.0
P01205,Bengaluru,Bengaluru-Mid-3,Mid,Carpet Area,1432.8,3,2,2,20,5.85,Unfurnished,East,2,0,2,3,8390000.0
P01206,Pune,Pune-Mid-8,Mid,Carpet Area,1313.9,2,2,2,20,13.48,Unfurnished,North-East,1,1,0,0,6395000.0
P01207,Delhi,Delhi-Mid-8,Mid,Built-up Area,1290.4,2,1,2,9,8.94,Semi-Furnished,East,2,0,2,0,10247000.0
P01208,Mumbai,Mumbai-Premium-8,Premium,Super built-up Area,552.5,1,1,0,6,0.35,Unfurnished,South-East,1,1,2,2,17567000.0
P01209,Delhi,Delhi-Mid-4,Mid,Carpet Area,1541.4,3,4,0,4,12.55,Semi-Furnished,North,0,1,0,3,13948000.0
P01210,Chennai,Chennai-Premium-5,Premium,Super built-up Area,1365.5,3,3,1,7,0.99,Fully Furnished,West,0,1,5,1,15369000.0
P01211,Hyderabad,Hyderabad-Mid-6,Mid,Super built-up Area,1627.1,3,3,3,17,5.14,Semi-Furnished,West,2,1,2,0,9830000.0
P01212,Hyderabad,Hyderabad-Mid-5,Mid,Super built-up Area,1030.2,2,1,0,16,12.35,Unfurnished,West,0,1,2,3,4695000.0
P01213,Hyderabad,Hyderabad-Emerging-1,Emerging,Plot Area,1057.0,2,3,0,19,16.61,Fully Furnished,East,2,1,4,1,3023000.0
P01214,Chennai,Chennai-Premium-8,Premium,Built-up Area,1810.8,4,4,1,9,1.95,Fully Furnished,North-East,0,1,2,1,12920000.0
P01215,Pune,Pune-Mid-4,Mid,Carpet Area,510.5,1,1,0,0,8.61,Fully Furnished,West,1,1,0,1,3058000.0
P01216,Hyderabad,Hyderabad-Mid-5,Mid,Carpet Area,603.2,1,2,0,3,12.44,Fully Furnished,West,2,1,1,2,3243000.0
P01217,Mumbai,Mumbai-Emerging-7,Emerging,Built-up Area,428.2,1,1,0,21,21.35,Unfurnished,West,2,1,3,3,3137000.0
P01218,Pune,Pune-Premium-4,Premium,Plot Area,2960.7,5,5,1,5,5.92,Unfurnished,South-East,2,1,3,0,27724000.0
P01219,Bengaluru,Bengaluru-Premium-8,Premium,Plot Area,2702.9,4,3,4,6,1.14,Fully Furnished,South-East,0,1,0,0,28432000.0
P01220,Chennai,Chennai-Emerging-6,Emerging,Carpet Area,2832.5,4,5,0,20,13.3,Fully Furnished,North,1,1,0,3,7282000.0
P01221,Delhi,Delhi-Mid-8,Mid,Plot Area,1654.1,3,2,0,19,12.0,Semi-Furnished,West,0,1,2,2,13004000.0
P01222,Pune,Pune-Mid-3,Mid,Carpet Area,988.9,2,2,2,23,5.3,Fully Furnished,South-East,0,1,1,2,5538000.0
P01223,Chennai,Chennai-Emerging-3,Emerging,Built-up Area,564.8,1,1,1,24,16.87,Semi-Furnished,West,0,1,0,3,1155000.0
P01224,Mumbai,Mumbai-Premium-8,Premium,Carpet Area,1660.6,3,3,3,6,0.5,Semi-Furnished,North-East,2,1,5,3,47274000.0
P01225,Pune,Pune-Mid-2,Mid,Carpet Area,965.3,2,1,1,19,8.12,Semi-Furnished,North-East,0,1,0,2,4384000.0
P01226,Delhi,Delhi-Emerging-8,Emerging,Plot Area,998.7,2,2,2,18,13.12,Unfurnished,North,0,1,1,2,5482000.0
P01227,Delhi,Delhi-Mid-1,Mid,Built-up Area,2533.0,4,3,0,4,13.13,Fully Furnished,North-East,0,1,4,1,28622000.0
P01228,Mumbai,Mumbai-Mid-4,Mid,Super built-up Area,1186.2,2,2,0,6,10.78,Unfurnished,South,0,1,2,2,21233000.0
P01229,Bengaluru,Bengaluru-Mid-1,Mid,Built-up Area,1088.9,2,2,1,23,5.28,Fully Furnished,South-East,0,0,3,0,4584000.0
P01230,Hyderabad,Hyderabad-Mid-5,Mid,Carpet Area,1148.3,2,3,0,13,7.04,Unfurnished,South,1,1,4,0,5500000.0
P01231,Mumbai,Mumbai-Mid-3,Mid,Built-up Area,1922.4,3,4,3,24,14.6,Semi-Furnished,North-East,0,1,5,3,23101000.0
P01232,Mumbai,Mumbai-Emerging-5,Emerging,Super built-up Area,1917.7,3,4,3,24,23.43,Unfurnished,North-East,1,0,5,2,13407000.0
P01233,Chennai,Chennai-Premium-1,Premium,Super built-up Area,1093.0,2,2,2,14,4.98,Semi-Furnished,North-East,0,1,1,1,9696000.0
P01234,Hyderabad,Hyderabad-Mid-2,Mid,Super built-up Area,572.2,1,1,0,10,5.01,Semi-Furnished,South,0,1,3,3,3164000.0
P01235,Hyderabad,Hyderabad-Mid-5,Mid,Super built-up Area,1719.5,3,2,0,10,6.16,Fully Furnished,North,0,1,4,1,10784000.0
P01236,Bengaluru,Bengaluru-Mid-4,Mid,Carpet Area,1859.4,3,3,2,20,12.94,Fully Furnished,South,1,0,1,3,9309000.0
P01237,Hyderabad,Hyderabad-Premium-2,Premium,Plot Area,1697.8,3,4,3,7,2.09,Semi-Furnished,West,2,1,2,3,16423000.0
P01238,Hyderabad,Hyderabad-Premium-7,Premium,Built-up Area,2242.7,4,5,1,0,3.67,Fully Furnished,South-East,2,1,0,3,19198000.0
P01239,Pune,Pune-Premium-1,Premium,Super built-up Area,1850.5,3,2,3,10,3.26,Unfurnished,North-East,0,0,0,3,17823000.0
P01240,Mumbai,Mumbai-Premium-4,Premium,Super built-up Area,1720.5,3,4,0,21,1.99,Semi-Furnished,East,1,1,1,3,32381000.0
P01241,Hyderabad,Hyderabad-Premium-1,Premium,Built-up Area,1827.7,3,3,1,8,1.73,Unfurnished,North,0,0,4,0,19165000.0
P01242,Pune,Pune-Emerging-3,Emerging,Carpet Area,1325.6,3,3,0,24,16.0,Semi-Furnished,South-East,1,1,3,1,3853000.0
P01243,Bengaluru,Bengaluru-Premium-7,Premium,Built-up Area,2434.8,5,5,3,19,3.93,Semi-Furnished,West,1,1,5,0,18834000.0
P01244,Chennai,Chennai-Mid-2,Mid,Plot Area,2341.3,4,4,1,22,12.5,Semi-Furnished,South,0,1,2,1,10951000.0
P01245,Bengaluru,Bengaluru-Emerging-8,Emerging,Super built-up Area,700.2,1,2,1,1,21.09,Semi-Furnished,North,0,0,4,0,2293000.0
P01246,Hyderabad,Hyderabad-Premium-7,Premium,Plot Area,1602.7,3,4,1,15,0.05,Semi-Furnished,South,1,1,3,1,14090000.0
P01247,Chennai,Chennai-Mid-7,Mid,Plot Area,2171.6,4,3,1,18,12.55,Unfurnished,North,2,1,4,0,9120000.0
P01248,Pune,Pune-Emerging-5,Emerging,Plot Area,2255.3,4,4,1,5,14.18,Semi-Furnished,North,0,1,2,0,6657000.0
P01249,Hyderabad,Hyderabad-Mid-3,Mid,Super built-up Area,603.7,1,1,1,17,11.41,Fully Furnished,West,1,1,2,1,2391000.0
P01250,Chennai,Chennai-Mid-2,Mid,Plot Area,1271.3,2,1,0,12,12.95,Fully Furnished,South-East,0,1,1,1,6103000.0
P01251,Mumbai,Mumbai-Emerging-2,Emerging,Carpet Area,1096.6,2,2,2,21,13.12,Semi-Furnished,South,1,1,3,2,8958000.0
P01252,Chennai,Chennai-Mid-8,Mid,Plot Area,581.9,1,2,0,24,7.37,Unfurnished,West,1,0,3,0,2024000.0
P01253,Mumbai,Mumbai-Mid-6,Mid,Built-up Area,480.5,1,1,1,7,11.66,Fully Furnished,North,0,1,4,0,8967000.0
P01254,Delhi,Delhi-Mid-7,Mid,Carpet Area,3449.7,5,6,5,1,12.92,Unfurnished,East,2,0,1,2,34215000.0
P01255,Pune,Pune-Premium-2,Premium,Super built-up Area,2886.2,5,4,5,17,1.1,Unfurnished,South-East,2,1,4,2,24336000.0
P01256,Pune,Pune-Emerging-1,Emerging,Built-up Area,862.4,2,2,1,1,12.92,Unfurnished,North-East,2,1,4,0,3249000.0
P01257,Bengaluru,Bengaluru-Mid-3,Mid,Built-up Area,1481.2,3,3,1,11,7.66,Fully Furnished,South,1,1,0,2,8866000.0
P01258,Bengaluru,Bengaluru-Mid-8,Mid,Built-up Area,990.5,2,1,1,11,7.45,Unfurnished,East,0,0,5,2,6887000.0
P01259,Chennai,Chennai-Emerging-4,Emerging,Carpet Area,1240.8,2,2,1,0,27.45,Fully Furnished,South-East,1,1,0,0,3229000.0
P01260,Bengaluru,Bengaluru-Emerging-7,Emerging,Plot Area,2405.1,5,6,3,6,22.79,Unfurnished,South-East,1,1,1,0,7396000.0
P01261,Hyderabad,Hyderabad-Mid-6,Mid,Carpet Area,743.6,2,1,2,15,9.58,Semi-Furnished,East,0,0,2,3,3445000.0
P01262,Mumbai,Mumbai-Mid-1,Mid,Super built-up Area,1025.2,2,1,2,16,13.85,Fully Furnished,West,2,1,1,1,13042000.0
P01263,Bengaluru,Bengaluru-Mid-4,Mid,Built-up Area,2164.7,4,4,3,12,13.87,Semi-Furnished,North,1,0,3,1,10270000.0
P01264,Pune,Pune-Mid-2,Mid,Carpet Area,983.2,2,3,1,21,9.24,Fully Furnished,North,0,1,1,1,5453000.0
P01265,Bengaluru,Bengaluru-Mid-1,Mid,Built-up Area,1104.6,2,1,2,17,7.21,Fully Furnished,South,0,0,2,0,5812000.0
P01266,Pune,Pune-Premium-3,Premium,Super built-up Area,1532.5,3,2,1,23,4.57,Unfurnished,West,2,1,2,3,12080000.0
P01267,Mumbai,Mumbai-Emerging-2,Emerging,Built-up Area,1076.2,2,2,2,14,18.86,Semi-Furnished,South,0,1,4,1,9989000.0
P01268,Pune,Pune-Premium-6,Premium,Super built-up Area,1216.5,2,2,2,5,2.64,Semi-Furnished,North,0,1,5,0,12055000.0
P01269,Mumbai,Mumbai-Emerging-6,Emerging,Super built-up Area,599.4,1,1,1,4,18.5,Semi-Furnished,North-East,1,0,3,0,6067000.0
P01270,Delhi,Delhi-Mid-1,Mid,Plot Area,1694.7,3,4,0,17,7.92,Unfurnished,South-East,2,0,4,3,16599000.0
P01271,Bengaluru,Bengaluru-Mid-1,Mid,Plot Area,2816.1,4,3,0,1,12.71,Unfurnished,West,1,1,3,0,20144000.0
P01272,Mumbai,Mumbai-Emerging-1,Emerging,Plot Area,1421.2,2,2,0,22,12.04,Fully Furnished,West,2,0,0,1,9822000.0
P01273,Chennai,Chennai-Mid-2,Mid,Carpet Area,2288.8,5,5,5,24,6.49,Semi-Furnished,South-East,1,0,3,0,10773000.0
P01274,Pune,Pune-Premium-7,Premium,Carpet Area,1712.1,3,3,3,9,4.39,Semi-Furnished,North,1,1,1,1,13298000.0
P01275,Mumbai,Mumbai-Mid-5,Mid,Carpet Area,1064.3,2,3,1,4,9.16,Semi-Furnished,North-East,2,1,2,1,17608000.0
P01276,Mumbai,Mumbai-Emerging-1,Emerging,Built-up Area,867.6,2,2,1,15,24.28,Unfurnished,West,0,1,1,3,6508000.0
P01277,Mumbai,Mumbai-Mid-3,Mid,Super built-up Area,1074.1,2,3,2,24,9.37,Semi-Furnished,South-East,2,1,2,2,16867000.0
P01278,Bengaluru,Bengaluru-Emerging-5,Emerging,Carpet Area,1058.9,2,3,2,21,20.81,Fully Furnished,North,1,1,2,3,2653000.0
P01279,Hyderabad,Hyderabad-Emerging-8,Emerging,Plot Area,2019.7,3,3,3,11,26.72,Unfurnished,South,0,1,4,2,6212000.0
P01280,Chennai,Chennai-Premium-7,Premium,Super built-up Area,1041.7,2,3,0,5,3.83,Unfurnished,West,0,0,3,3,8844000.0
P01281,Chennai,Chennai-Emerging-3,Emerging,Super built-up Area,1845.9,3,2,0,15,24.21,Unfurnished,North-East,0,1,2,3,5613000.0
P01282,Delhi,Delhi-Mid-4,Mid,Plot Area,1524.6,3,3,0,23,13.48,Unfurnished,North-East,1,1,4,1,13863000.0
P01283,Chennai,Chennai-Premium-8,Premium,Plot Area,2454.1,4,3,2,16,5.22,Fully Furnished,West,1,1,3,3,20063000.0
P01284,Delhi,Delhi-Premium-1,Premium,Super built-up Area,1906.0,3,2,3,16,0.71,Unfurnished,West,2,0,1,2,27563000.0
P01285,Hyderabad,Hyderabad-Emerging-1,Emerging,Plot Area,1424.2,2,1,0,22,26.82,Fully Furnished,South,1,1,2,1,3249000.0
P01286,Mumbai,Mumbai-Mid-7,Mid,Plot Area,1879.9,3,4,3,18,14.61,Unfurnished,South,0,0,2,1,25793000.0
P01287,Chennai,Chennai-Emerging-3,Emerging,Super built-up Area,1390.9,3,2,1,12,15.67,Unfurnished,North,1,1,3,0,3903000.0
P01288,Bengaluru,Bengaluru-Premium-4,Premium,Carpet Area,2059.5,3,4,2,16,4.35,Unfurnished,North,0,1,3,1,21775000.0
P01289,Mumbai,Mumbai-Mid-2,Mid,Super built-up Area,1356.7,3,2,2,0,10.03,Unfurnished,North-East,2,1,2,2,24319000.0
P01290,Bengaluru,Bengaluru-Premium-1,Premium,Carpet Area,1327.9,2,2,0,5,2.89,Semi-Furnished,South,2,1,3,3,13306000.0
P01291,Bengaluru,Bengaluru-Emerging-3,Emerging,Super built-up Area,2797.6,4,5,3,23,12.83,Unfurnished,North,2,1,2,3,8604000.0
P01292,Delhi,Delhi-Emerging-4,Emerging,Super built-up Area,1854.1,3,3,1,19,27.49,Semi-Furnished,South,2,1,3,3,8390000.0
P01293,Chennai,Chennai-Mid-8,Mid,Carpet Area,499.0,1,2,1,0,9.04,Fully Furnished,North,1,1,3,1,2717000.0
P01294,Mumbai,Mumbai-Mid-5,Mid,Built-up Area,2104.8,4,4,1,2,7.96,Unfurnished,South-East,2,1,2,3,34613000.0
P01295,Pune,Pune-Mid-3,Mid,Carpet Area,471.3,1,1,1,24,5.62,Semi-Furnished,West,0,1,2,3,1862000.0
P01296,Mumbai,Mumbai-Mid-7,Mid,Carpet Area,1217.0,2,3,2,21,6.42,Semi-Furnished,South-East,0,1,5,0,16977000.0
P01297,Bengaluru,Bengaluru-Premium-6,Premium,Plot Area,1272.3,2,2,1,14,3.91,Unfurnished,East,1,1,1,1,11530000.0
P01298,Chennai,Chennai-Premium-4,Premium,Built-up Area,1485.2,3,4,3,1,1.57,Unfurnished,South-East,2,1,3,1,12729000.0
P01299,Bengaluru,Bengaluru-Mid-5,Mid,Built-up Area,1783.9,3,4,2,11,9.49,Unfurnished,East,0,1,1,0,11365000.0
P01300,Bengaluru,Bengaluru-Premium-8,Premium,Plot Area,1325.3,2,1,0,6,1.06,Unfurnished,East,2,1,4,3,12099000.0
P01301,Mumbai,Mumbai-Mid-4,Mid,Built-up Area,2309.6,4,4,2,2,14.07,Fully Furnished,South,0,1,0,3,37945000.0
P01302,Mumbai,Mumbai-Emerging-2,Emerging,Plot Area,966.3,2,2,2,19,21.74,Unfurnished,South-East,0,1,1,2,6000000.0
P01303,Mumbai,Mumbai-Premium-2,Premium,Super built-up Area,1714.3,3,4,1,21,5.31,Unfurnished,East,1,1,4,1,39992000.0
P01304,Bengaluru,Bengaluru-Mid-5,Mid,Carpet Area,896.2,2,1,1,6,7.6,Semi-Furnished,South-East,2,1,0,1,6205000.0
P01305,Mumbai,Mumbai-Premium-6,Premium,Plot Area,1544.1,3,4,2,7,0.7,Semi-Furnished,South,1,1,5,1,41490000.0
P01306,Delhi,Delhi-Premium-1,Premium,Plot Area,649.8,2,2,1,10,0.27,Unfurnished,West,2,1,1,0,10954000.0
P01307,Delhi,Delhi-Mid-3,Mid,Plot Area,1297.6,2,3,0,8,11.76,Fully Furnished,West,0,1,1,1,11364000.0
P01308,Mumbai,Mumbai-Mid-5,Mid,Carpet Area,923.2,2,2,2,13,5.98,Fully Furnished,North-East,1,0,1,1,13576000.0
P01309,Hyderabad,Hyderabad-Emerging-4,Emerging,Super built-up Area,789.0,2,1,0,23,15.33,Unfurnished,South,1,0,2,2,2626000.0
P01310,Pune,Pune-Premium-8,Premium,Carpet Area,559.0,1,1,1,9,0.61,Semi-Furnished,East,1,1,1,0,5984000.0
P01311,Chennai,Chennai-Emerging-8,Emerging,Plot Area,1638.2,3,2,2,9,21.43,Unfurnished,South-East,2,1,4,0,4706000.0
P01312,Mumbai,Mumbai-Premium-8,Premium,Built-up Area,546.0,1,1,0,4,0.41,Unfurnished,West,2,1,4,3,14336000.0
P01313,Chennai,Chennai-Emerging-8,Emerging,Built-up Area,1456.8,3,4,2,1,18.17,Semi-Furnished,North,1,1,1,0,3876000.0
P01314,Pune,Pune-Mid-7,Mid,Plot Area,1187.4,2,1,1,6,7.39,Semi-Furnished,South,0,1,1,1,8905000.0
P01315,Pune,Pune-Mid-4,Mid,Plot Area,2019.8,3,3,0,20,6.51,Unfurnished,North,2,1,0,2,9502000.0
P01316,Mumbai,Mumbai-Mid-1,Mid,Plot Area,2121.0,4,3,3,17,6.18,Semi-Furnished,South,0,1,4,3,33509000.0
P01317,Delhi,Delhi-Mid-5,Mid,Plot Area,2085.3,5,6,4,9,14.67,Unfurnished,North-East,0,0,4,0,19849000.0
P01318,Bengaluru,Bengaluru-Mid-5,Mid,Carpet Area,1224.5,2,1,0,0,14.09,Unfurnished,North-East,0,1,4,3,7400000.0
P01319,Chennai,Chennai-Premium-6,Premium,Carpet Area,2124.3,3,4,2,1,3.85,Unfurnished,South,2,1,1,1,18686000.0
P01320,Pune,Pune-Mid-2,Mid,Built-up Area,2793.2,4,4,1,5,12.55,Unfurnished,South,0,1,4,2,16703000.0
P01321,Hyderabad,Hyderabad-Mid-6,Mid,Built-up Area,1937.0,4,3,3,9,11.8,Semi-Furnished,South-East,0,0,2,1,10502000.0
P01322,Bengaluru,Bengaluru-Emerging-2,Emerging,Super built-up Area,1391.1,2,2,0,3,12.67,Unfurnished,South,0,1,4,0,4542000.0
P01323,Delhi,Delhi-Premium-1,Premium,Carpet Area,961.0,2,2,1,10,1.57,Semi-Furnished,West,0,0,3,2,14017000.0
P01324,Mumbai,Mumbai-Emerging-8,Emerging,Plot Area,1811.8,3,4,3,4,17.21,Semi-Furnished,South,2,1,3,3,11898000.0
P01325,Bengaluru,Bengaluru-Mid-1,Mid,Super built-up Area,1317.8,2,3,0,7,13.05,Semi-Furnished,North,0,0,4,3,7207000.0
P01326,Chennai,Chennai-Emerging-7,Emerging,Plot Area,1459.2,3,4,0,19,16.7,Unfurnished,North-East,2,1,0,0,3893000.0
P01327,Mumbai,Mumbai-Emerging-6,Emerging,Carpet Area,1938.7,4,4,3,17,13.1,Semi-Furnished,North-East,0,1,0,2,14766000.0
P01328,Chennai,Chennai-Mid-3,Mid,Carpet Area,1017.6,2,1,1,21,11.65,Fully Furnished,North-East,0,1,5,0,3891000.0
P01329,Pune,Pune-Mid-7,Mid,Carpet Area,1988.5,4,3,2,16,7.32,Semi-Furnished,North,0,1,3,1,8332000.0
P01330,Bengaluru,Bengaluru-Mid-6,Mid,Built-up Area,1774.0,3,2,2,16,9.18,Fully Furnished,East,0,1,4,1,10136000.0
P01331,Mumbai,Mumbai-Premium-5,Premium,Super built-up Area,2231.8,4,4,2,3,3.22,Semi-Furnished,West,0,1,1,0,65111000.0
P01332,Bengaluru,Bengaluru-Emerging-8,Emerging,Plot Area,2074.5,4,3,3,16,15.6,Fully Furnished,North,0,0,5,3,6251000.0
P01333,Chennai,Chennai-Premium-8,Premium,Carpet Area,838.8,2,2,0,17,0.17,Unfurnished,East,2,1,3,1,6382000.0
P01334,Bengaluru,Bengaluru-Mid-1,Mid,Super built-up Area,1287.4,2,1,0,23,11.43,Unfurnished,South,0,1,3,0,6175000.0
P01335,Delhi,Delhi-Mid-6,Mid,Plot Area,1059.0,2,1,2,20,13.7,Unfurnished,South-East,1,1,1,1,8386000.0
P01336,Hyderabad,Hyderabad-Mid-2,Mid,Super built-up Area,503.3,1,1,1,13,5.55,Semi-Furnished,West,0,0,3,3,2705000.0
P01337,Mumbai,Mumbai-Emerging-4,Emerging,Super built-up Area,1918.6,3,4,3,21,17.65,Unfurnished,West,0,1,5,1,14531000.0
P01338,Delhi,Delhi-Mid-4,Mid,Carpet Area,2198.6,4,5,2,11,12.57,Semi-Furnished,West,2,1,0,0,23946000.0
P01339,Mumbai,Mumbai-Emerging-5,Emerging,Super built-up Area,1225.0,2,1,1,23,20.79,Semi-Furnished,South-East,1,0,3,3,8163000.0
P01340,Pune,Pune-Mid-7,Mid,Super built-up Area,787.3,2,1,1,8,10.28,Unfurnished,North,0,1,2,1,4973000.0
P01341,Delhi,Delhi-Emerging-7,Emerging,Plot Area,3412.7,5,6,2,4,23.24,Semi-Furnished,South-East,2,1,3,3,18114000.0
P01342,Bengaluru,Bengaluru-Premium-6,Premium,Super built-up Area,2687.6,4,3,0,6,4.1,Unfurnished,East,0,1,4,2,25177000.0
P01343,Bengaluru,Bengaluru-Mid-1,Mid,Built-up Area,422.3,1,2,0,2,11.22,Unfurnished,South-East,2,1,3,0,2413000.0
P01344,Bengaluru,Bengaluru-Emerging-6,Emerging,Carpet Area,617.6,1,1,0,3,18.64,Fully Furnished,South,1,1,4,1,2439000.0
P01345,Hyderabad,Hyderabad-Emerging-3,Emerging,Super built-up Area,854.4,2,3,0,9,20.43,Fully Furnished,North,2,1,1,0,1911000.0
P01346,Bengaluru,Bengaluru-Mid-3,Mid,Carpet Area,606.3,1,2,0,10,6.95,Fully Furnished,North,1,1,0,1,3503000.0
P01347,Bengaluru,Bengaluru-Mid-7,Mid,Super built-up Area,1653.9,3,2,2,24,13.67,Unfurnished,North-East,0,1,2,2,5741000.0
P01348,Bengaluru,Bengaluru-Emerging-4,Emerging,Carpet Area,1886.1,3,3,3,0,18.32,Semi-Furnished,North,2,1,0,0,7972000.0
P01349,Pune,Pune-Mid-6,Mid,Built-up Area,990.4,2,2,0,14,14.7,Semi-Furnished,North,0,1,4,0,5421000.0
P01350,Delhi,Delhi-Premium-1,Premium,Super built-up Area,1381.1,3,3,3,19,4.23,Unfurnished,North,0,0,5,1,17023000.0
P01351,Mumbai,Mumbai-Mid-1,Mid,Plot Area,1662.3,3,3,2,8,13.1,Semi-Furnished,North-East,1,1,2,2,23634000.0
P01352,Mumbai,Mumbai-Emerging-1,Emerging,Carpet Area,2100.7,4,4,3,13,21.37,Unfurnished,North,2,1,2,2,12301000.0
P01353,Pune,Pune-Mid-2,Mid,Carpet Area,1767.4,3,4,0,6,9.65,Fully Furnished,West,1,1,5,0,11019000.0
P01354,Bengaluru,Bengaluru-Emerging-1,Emerging,Carpet Area,1591.8,3,3,3,0,22.46,Semi-Furnished,East,2,1,2,1,5359000.0
P01355,Pune,Pune-Mid-6,Mid,Built-up Area,916.1,2,1,0,5,10.72,Semi-Furnished,North,2,1,5,2,5202000.0
P01356,Pune,Pune-Mid-5,Mid,Built-up Area,940.2,2,1,2,3,14.94,Semi-Furnished,South-East,2,0,5,2,5243000.0
P01357,Hyderabad,Hyderabad-Emerging-4,Emerging,Built-up Area,1696.8,4,3,0,15,23.73,Semi-Furnished,East,0,1,1,0,3989000.0
P01358,Mumbai,Mumbai-Mid-7,Mid,Carpet Area,1771.1,3,4,1,24,10.48,Unfurnished,North,1,1,0,1,17012000.0
P01359,Hyderabad,Hyderabad-Mid-1,Mid,Super built-up Area,352.3,1,1,1,18,6.19,Fully Furnished,South,0,1,0,1,1978000.0
P01360,Mumbai,Mumbai-Mid-6,Mid,Plot Area,440.6,1,2,0,6,7.95,Fully Furnished,East,0,1,0,3,7172000.0
P01361,Delhi,Delhi-Mid-2,Mid,Plot Area,1181.9,2,2,2,21,10.31,Fully Furnished,East,2,1,4,2,8808000.0
P01362,Bengaluru,Bengaluru-Emerging-6,Emerging,Plot Area,1055.7,2,2,2,6,25.64,Unfurnished,North,2,1,4,2,3346000.0
P01363,Hyderabad,Hyderabad-Emerging-8,Emerging,Plot Area,1446.8,3,2,1,7,24.52,Fully Furnished,North,1,0,3,2,4154000.0
P01364,Bengaluru,Bengaluru-Emerging-7,Emerging,Plot Area,992.5,2,1,0,2,14.32,Semi-Furnished,North-East,1,1,2,1,3887000.0
P01365,Delhi,Delhi-Mid-8,Mid,Carpet Area,2555.7,5,5,3,0,10.27,Fully Furnished,South,1,1,5,2,28500000.0
P01366,Bengaluru,Bengaluru-Mid-6,Mid,Built-up Area,1809.5,3,2,2,18,12.87,Unfurnished,West,2,1,0,0,7676000.0
P01367,Mumbai,Mumbai-Mid-8,Mid,Carpet Area,1532.1,3,4,2,17,8.29,Unfurnished,North,1,1,2,2,20348000.0
P01368,Mumbai,Mumbai-Mid-1,Mid,Plot Area,1599.6,3,2,3,22,13.86,Semi-Furnished,West,0,1,4,2,22797000.0
P01369,Hyderabad,Hyderabad-Emerging-6,Emerging,Super built-up Area,1843.9,3,2,0,14,20.48,Unfurnished,North,0,1,3,1,4985000.0
P01370,Pune,Pune-Premium-2,Premium,Plot Area,1112.3,2,2,0,13,3.4,Unfurnished,West,2,0,5,1,10748000.0
P01371,Bengaluru,Bengaluru-Premium-5,Premium,Super built-up Area,563.7,1,2,0,12,0.05,Semi-Furnished,North,1,1,2,1,4823000.0
P01372,Hyderabad,Hyderabad-Mid-7,Mid,Built-up Area,1365.4,2,2,1,20,6.37,Semi-Furnished,South,0,1,5,1,6422000.0
P01373,Chennai,Chennai-Mid-3,Mid,Carpet Area,1017.4,2,2,2,10,14.21,Unfurnished,West,0,1,1,2,6095000.0
P01374,Hyderabad,Hyderabad-Emerging-1,Emerging,Plot Area,1674.9,3,3,0,19,14.55,Unfurnished,North-East,1,1,0,1,4566000.0
P01375,Bengaluru,Bengaluru-Premium-8,Premium,Plot Area,2125.1,4,3,4,1,3.87,Semi-Furnished,West,0,0,5,3,24768000.0
P01376,Mumbai,Mumbai-Emerging-7,Emerging,Plot Area,1734.2,3,3,3,15,18.96,Fully Furnished,North-East,2,1,3,0,15591000.0
P01377,Hyderabad,Hyderabad-Premium-6,Premium,Carpet Area,2636.1,5,6,0,19,3.47,Semi-Furnished,North-East,0,1,5,3,24903000.0
P01378,Mumbai,Mumbai-Emerging-2,Emerging,Carpet Area,2065.8,4,4,4,11,22.93,Unfurnished,South-East,2,1,1,3,18234000.0
P01379,Pune,Pune-Emerging-1,Emerging,Plot Area,887.6,2,3,2,18,19.32,Unfurnished,East,0,1,1,1,2221000.0
P01380,Chennai,Chennai-Emerging-4,Emerging,Plot Area,1273.9,2,1,1,17,26.88,Semi-Furnished,South,2,0,4,0,3519000.0
P01381,Mumbai,Mumbai-Emerging-6,Emerging,Built-up Area,2232.4,4,4,3,0,16.76,Fully Furnished,West,2,0,3,3,19322000.0
P01382,Mumbai,Mumbai-Premium-4,Premium,Built-up Area,2216.0,4,5,4,6,5.45,Fully Furnished,East,2,1,1,2,60396000.0
P01383,Mumbai,Mumbai-Premium-2,Premium,Super built-up Area,485.3,1,2,1,12,3.35,Fully Furnished,North,2,0,2,0,11159000.0
P01384,Pune,Pune-Premium-6,Premium,Plot Area,1619.9,3,3,3,21,1.81,Semi-Furnished,South,0,1,4,3,10273000.0
P01385,Delhi,Delhi-Emerging-2,Emerging,Built-up Area,2018.4,3,2,3,16,13.2,Semi-Furnished,South,1,1,4,1,10274000.0
P01386,Pune,Pune-Premium-7,Premium,Plot Area,2116.0,5,6,5,3,4.0,Semi-Furnished,South,2,1,4,1,18869000.0
P01387,Chennai,Chennai-Mid-8,Mid,Carpet Area,521.8,1,1,1,16,5.73,Fully Furnished,North,1,1,1,2,3060000.0
P01388,Hyderabad,Hyderabad-Mid-2,Mid,Super built-up Area,987.0,2,2,2,19,7.51,Fully Furnished,North-East,1,1,3,3,4121000.0
P01389,Delhi,Delhi-Mid-1,Mid,Plot Area,2014.6,4,4,3,20,11.75,Semi-Furnished,North,2,0,5,3,13646000.0
P01390,Delhi,Delhi-Mid-7,Mid,Plot Area,465.0,1,1,1,5,10.63,Semi-Furnished,West,1,1,0,0,4085000.0
P01391,Hyderabad,Hyderabad-Premium-6,Premium,Super built-up Area,1976.1,3,3,0,11,5.35,Unfurnished,North-East,2,1,1,1,19198000.0
P01392,Mumbai,Mumbai-Mid-1,Mid,Carpet Area,2826.5,5,5,5,19,12.66,Fully Furnished,North,0,1,2,2,42928000.0
P01393,Mumbai,Mumbai-Mid-1,Mid,Built-up Area,1074.1,2,2,0,12,11.0,Unfurnished,West,1,1,2,3,12645000.0
P01394,Hyderabad,Hyderabad-Mid-3,Mid,Plot Area,1296.6,3,3,0,20,9.83,Fully Furnished,East,1,1,4,2,5476000.0
P01395,Pune,Pune-Emerging-8,Emerging,Built-up Area,1172.9,2,2,2,0,17.41,Fully Furnished,South,1,1,5,2,3856000.0
P01396,Hyderabad,Hyderabad-Emerging-6,Emerging,Plot Area,1741.7,4,3,0,1,26.95,Semi-Furnished,West,2,1,1,0,5065000.0
P01397,Delhi,Delhi-Emerging-7,Emerging,Built-up Area,1775.2,3,4,2,7,19.14,Unfurnished,North-East,2,0,3,1,8167000.0
P01398,Bengaluru,Bengaluru-Premium-4,Premium,Plot Area,1107.3,2,1,2,4,4.05,Unfurnished,East,0,1,4,3,12335000.0
P01399,Hyderabad,Hyderabad-Mid-4,Mid,Plot Area,1264.0,2,2,0,16,5.42,Fully Furnished,South-East,0,1,3,0,5355000.0
P01400,Chennai,Chennai-Mid-5,Mid,Plot Area,1750.4,3,4,3,11,7.12,Semi-Furnished,North-East,1,1,5,1,9717000.0
P01401,Bengaluru,Bengaluru-Emerging-6,Emerging,Plot Area,1658.4,3,3,1,12,12.08,Unfurnished,North-East,2,1,3,0,5208000.0
P01402,Chennai,Chennai-Mid-4,Mid,Built-up Area,1731.7,3,3,3,3,5.07,Unfurnished,West,0,0,2,3,11814000.0
P01403,Bengaluru,Bengaluru-Mid-8,Mid,Super built-up Area,970.1,2,2,1,10,10.72,Unfurnished,South,2,1,0,0,6314000.0
P01404,Pune,Pune-Emerging-3,Emerging,Built-up Area,1452.7,3,4,3,22,16.49,Unfurnished,North-East,0,1,0,2,3504000.0
P01405,Delhi,Delhi-Mid-6,Mid,Super built-up Area,1134.7,2,3,2,0,14.03,Unfurnished,South,0,1,2,2,11109000.0
P01406,Pune,Pune-Mid-7,Mid,Built-up Area,2018.9,3,3,3,10,8.29,Unfurnished,East,0,1,1,2,12937000.0
P01407,Mumbai,Mumbai-Premium-1,Premium,Carpet Area,1146.8,2,3,0,9,4.2,Unfurnished,West,1,1,4,3,27615000.0
P01408,Hyderabad,Hyderabad-Mid-6,Mid,Carpet Area,1221.0,2,3,0,2,6.8,Semi-Furnished,South-East,0,1,2,2,8630000.0
P01409,Bengaluru,Bengaluru-Mid-5,Mid,Super built-up Area,628.2,1,1,1,15,9.79,Semi-Furnished,North-East,0,1,4,0,3915000.0
P01410,Pune,Pune-Mid-3,Mid,Super built-up Area,1348.9,3,3,0,16,13.29,Fully Furnished,South,0,1,4,3,5677000.0
P01411,Chennai,Chennai-Emerging-6,Emerging,Carpet Area,1441.0,3,3,3,21,19.62,Unfurnished,North-East,2,0,0,2,3546000.0
P01412,Mumbai,Mumbai-Mid-8,Mid,Plot Area,2272.7,4,4,3,15,13.52,Unfurnished,South,0,1,4,3,33309000.0
P01413,Chennai,Chennai-Mid-8,Mid,Carpet Area,544.5,1,1,1,13,9.9,Fully Furnished,East,1,1,2,2,2801000.0
P01414,Bengaluru,Bengaluru-Premium-7,Premium,Super built-up Area,688.8,1,1,1,6,3.86,Unfurnished,South,1,1,3,0,6205000.0
P01415,Hyderabad,Hyderabad-Mid-3,Mid,Carpet Area,1163.5,2,2,2,24,9.72,Semi-Furnished,South-East,1,1,3,1,4891000.0
P01416,Hyderabad,Hyderabad-Mid-3,Mid,Plot Area,2319.6,5,5,5,12,7.09,Unfurnished,South-East,1,1,1,3,16591000.0
P01417,Pune,Pune-Emerging-2,Emerging,Super built-up Area,528.1,1,2,1,17,25.96,Unfurnished,South,1,1,2,2,1670000.0
P01418,Hyderabad,Hyderabad-Emerging-6,Emerging,Plot Area,2689.9,5,4,0,10,27.71,Unfurnished,South-East,1,0,2,2,7814000.0
P01419,Hyderabad,Hyderabad-Mid-1,Mid,Built-up Area,556.4,1,2,0,0,14.03,Semi-Furnished,North,2,1,0,3,3752000.0
P01420,Pune,Pune-Premium-1,Premium,Carpet Area,567.2,1,1,0,0,5.73,Semi-Furnished,East,0,1,5,0,5432000.0
P01421,Mumbai,Mumbai-Emerging-8,Emerging,Plot Area,2187.4,4,5,1,3,17.17,Unfurnished,South-East,1,1,3,2,23329000.0
P01422,Pune,Pune-Mid-6,Mid,Plot Area,1650.8,3,3,1,4,5.51,Fully Furnished,East,2,1,4,3,12066000.0
P01423,Bengaluru,Bengaluru-Premium-6,Premium,Built-up Area,1450.4,3,4,2,12,3.83,Unfurnished,East,1,0,4,1,14784000.0
P01424,Chennai,Chennai-Premium-5,Premium,Plot Area,932.1,2,1,2,0,5.28,Unfurnished,South,2,1,1,1,10310000.0
P01425,Mumbai,Mumbai-Mid-2,Mid,Built-up Area,1225.7,2,1,2,10,12.22,Unfurnished,South-East,0,1,0,3,17269000.0
P01426,Delhi,Delhi-Emerging-1,Emerging,Super built-up Area,708.4,1,2,1,22,14.26,Semi-Furnished,South,2,1,1,3,3362000.0
P01427,Delhi,Delhi-Emerging-1,Emerging,Super built-up Area,3046.5,5,5,4,3,12.06,Semi-Furnished,East,1,1,4,1,16664000.0
P01428,Delhi,Delhi-Premium-1,Premium,Carpet Area,3516.9,5,5,0,23,1.38,Unfurnished,East,2,1,0,2,50876000.0
P01429,Mumbai,Mumbai-Emerging-2,Emerging,Built-up Area,1846.5,3,3,1,19,24.08,Unfurnished,North,0,1,0,3,13670000.0
P01430,Hyderabad,Hyderabad-Premium-3,Premium,Carpet Area,1354.1,2,1,0,17,4.1,Semi-Furnished,West,2,1,5,3,11695000.0
P01431,Hyderabad,Hyderabad-Mid-3,Mid,Super built-up Area,1245.5,2,1,1,11,9.17,Unfurnished,East,2,1,5,3,6364000.0
P01432,Hyderabad,Hyderabad-Premium-8,Premium,Plot Area,1634.3,3,3,1,22,4.99,Unfurnished,South,0,1,5,2,9974000.0
P01433,Chennai,Chennai-Mid-4,Mid,Plot Area,502.4,1,2,0,21,11.35,Fully Furnished,South,1,1,1,3,2053000.0
P01434,Chennai,Chennai-Emerging-7,Emerging,Carpet Area,2610.6,4,4,1,9,17.92,Semi-Furnished,East,1,1,2,0,6108000.0
P01435,Delhi,Delhi-Mid-2,Mid,Built-up Area,937.3,2,1,1,2,10.42,Fully Furnished,South,0,1,2,0,11998000.0
P01436,Chennai,Chennai-Emerging-6,Emerging,Built-up Area,2463.3,4,5,0,21,22.92,Semi-Furnished,North-East,1,1,2,2,5115000.0
P01437,Bengaluru,Bengaluru-Mid-6,Mid,Super built-up Area,453.4,1,1,0,4,14.12,Semi-Furnished,North,2,1,3,0,2837000.0
P01438,Pune,Pune-Emerging-6,Emerging,Built-up Area,1584.7,3,2,3,1,27.8,Fully Furnished,West,0,1,4,1,6221000.0
P01439,Bengaluru,Bengaluru-Emerging-7,Emerging,Built-up Area,2083.5,4,3,1,5,13.84,Semi-Furnished,South,0,1,5,1,8745000.0
P01440,Delhi,Delhi-Emerging-8,Emerging,Plot Area,1922.3,3,3,0,20,23.63,Semi-Furnished,South-East,0,1,5,1,6271000.0
P01441,Chennai,Chennai-Mid-8,Mid,Built-up Area,1189.6,2,2,2,11,6.99,Unfurnished,South,0,0,5,2,6860000.0
P01442,Mumbai,Mumbai-Premium-8,Premium,Plot Area,1448.8,3,3,3,13,0.01,Unfurnished,South,0,1,3,0,33081000.0
P01443,Mumbai,Mumbai-Premium-7,Premium,Built-up Area,1470.5,3,3,2,17,5.0,Unfurnished,East,2,1,3,1,37002000.0
P01444,Delhi,Delhi-Premium-1,Premium,Super built-up Area,1386.8,2,2,2,2,5.66,Fully Furnished,East,2,1,0,0,21138000.0
P01445,Hyderabad,Hyderabad-Emerging-2,Emerging,Built-up Area,1034.5,2,2,1,14,26.97,Semi-Furnished,North,1,1,5,1,2647000.0
P01446,Pune,Pune-Emerging-7,Emerging,Plot Area,1178.7,2,1,0,13,24.78,Unfurnished,West,1,1,2,0,3691000.0
P01447,Mumbai,Mumbai-Mid-6,Mid,Carpet Area,965.8,2,2,1,22,13.9,Fully Furnished,North-East,1,0,1,0,11038000.0
P01448,Mumbai,Mumbai-Emerging-1,Emerging,Super built-up Area,1317.3,3,2,0,22,14.94,Fully Furnished,South-East,0,1,3,3,12058000.0
P01449,Hyderabad,Hyderabad-Mid-2,Mid,Built-up Area,1905.7,4,4,4,6,11.58,Semi-Furnished,West,2,1,3,3,8737000.0
P01450,Mumbai,Mumbai-Mid-7,Mid,Carpet Area,1380.0,2,3,0,10,9.89,Unfurnished,South-East,1,1,3,2,25666000.0
P01451,Mumbai,Mumbai-Premium-7,Premium,Super built-up Area,1938.0,3,2,3,13,3.22,Unfurnished,North,0,1,0,3,41309000.0
P01452,Chennai,Chennai-Emerging-5,Emerging,Built-up Area,1575.0,3,2,0,16,27.06,Fully Furnished,North,2,1,0,3,3675000.0
P01453,Pune,Pune-Mid-5,Mid,Carpet Area,1935.6,3,2,2,23,13.56,Unfurnished,South-East,2,1,0,3,8649000.0
P01454,Chennai,Chennai-Mid-4,Mid,Carpet Area,2281.6,4,4,0,3,12.86,Unfurnished,East,1,1,0,0,12262000.0
P01455,Mumbai,Mumbai-Mid-7,Mid,Super built-up Area,2846.9,4,5,1,9,11.94,Semi-Furnished,West,2,1,2,2,49315000.0
P01456,Pune,Pune-Mid-6,Mid,Carpet Area,767.8,1,1,0,23,5.53,Unfurnished,West,2,0,5,2,3812000.0
P01457,Hyderabad,Hyderabad-Mid-8,Mid,Super built-up Area,1833.2,3,4,1,18,8.78,Fully Furnished,West,0,1,5,2,9614000.0
P01458,Delhi,Delhi-Mid-2,Mid,Carpet Area,1239.1,2,1,2,20,12.36,Fully Furnished,North,0,1,0,3,8631000.0
P01459,Pune,Pune-Emerging-7,Emerging,Super built-up Area,1155.1,2,1,0,13,12.18,Fully Furnished,East,0,1,3,3,4027000.0
P01460,Pune,Pune-Mid-8,Mid,Built-up Area,2218.8,4,5,1,20,12.91,Unfurnished,North,2,1,1,1,11400000.0
P01461,Bengaluru,Bengaluru-Mid-4,Mid,Plot Area,1228.8,2,3,1,22,5.28,Fully Furnished,North-East,2,1,5,1,6123000.0
P01462,Delhi,Delhi-Mid-5,Mid,Plot Area,1184.4,3,2,2,20,10.62,Unfurnished,North-East,2,1,3,1,8548000.0
P01463,Mumbai,Mumbai-Emerging-8,Emerging,Plot Area,2034.6,3,4,0,23,21.29,Semi-Furnished,South-East,0,1,4,3,13808000.0
P01464,Chennai,Chennai-Premium-3,Premium,Super built-up Area,1303.4,2,3,1,10,2.86,Semi-Furnished,South-East,0,1,5,2,10982000.0
P01465,Hyderabad,Hyderabad-Premium-1,Premium,Built-up Area,1540.9,2,2,2,19,3.46,Semi-Furnished,North-East,1,1,2,3,15807000.0
P01466,Hyderabad,Hyderabad-Emerging-1,Emerging,Super built-up Area,1418.0,3,4,1,21,27.12,Unfurnished,North,0,1,2,0,3099000.0
P01467,Delhi,Delhi-Emerging-4,Emerging,Plot Area,2963.8,4,3,3,0,22.94,Unfurnished,South-East,2,1,0,3,17378000.0
P01468,Pune,Pune-Mid-3,Mid,Super built-up Area,958.3,2,3,2,3,6.05,Fully Furnished,South,2,1,1,2,5334000.0
P01469,Hyderabad,Hyderabad-Premium-7,Premium,Super built-up Area,2226.9,4,3,0,17,2.22,Semi-Furnished,North,1,1,2,1,21005000.0
P01470,Hyderabad,Hyderabad-Mid-1,Mid,Carpet Area,939.2,2,3,0,4,13.47,Unfurnished,East,1,1,1,0,6412000.0
P01471,Pune,Pune-Premium-8,Premium,Plot Area,1575.4,3,4,2,11,1.8,Unfurnished,South-East,1,0,1,1,14965000.0
P01472,Mumbai,Mumbai-Mid-5,Mid,Plot Area,2191.7,4,4,4,7,10.43,Fully Furnished,West,2,0,5,3,32681000.0
P01473,Hyderabad,Hyderabad-Mid-5,Mid,Carpet Area,1359.0,3,4,0,7,11.61,Semi-Furnished,West,2,1,2,0,8197000.0
P01474,Bengaluru,Bengaluru-Emerging-4,Emerging,Super built-up Area,2665.5,5,6,2,0,12.43,Unfurnished,North-East,1,0,0,1,11524000.0
P01475,Pune,Pune-Mid-7,Mid,Plot Area,1887.6,4,4,3,6,9.43,Semi-Furnished,West,2,1,5,0,13121000.0
P01476,Hyderabad,Hyderabad-Emerging-2,Emerging,Carpet Area,1111.4,2,3,1,15,12.62,Unfurnished,North-East,2,1,2,0,3804000.0
P01477,Delhi,Delhi-Premium-1,Premium,Carpet Area,2172.0,4,5,0,5,5.0,Fully Furnished,East,0,1,4,3,35319000.0
P01478,Pune,Pune-Emerging-8,Emerging,Carpet Area,1831.5,4,4,1,17,22.88,Semi-Furnished,West,1,1,4,1,4595000.0
P01479,Delhi,Delhi-Emerging-3,Emerging,Carpet Area,1012.0,2,1,2,19,13.29,Unfurnished,South,1,1,1,0,4359000.0
P01480,Pune,Pune-Emerging-8,Emerging,Carpet Area,2188.9,3,4,2,2,12.68,Fully Furnished,North,0,1,0,2,6849000.0
P01481,Pune,Pune-Emerging-8,Emerging,Super built-up Area,2524.4,4,4,2,14,23.35,Unfurnished,North-East,2,0,3,1,7795000.0
P01482,Chennai,Chennai-Mid-8,Mid,Plot Area,649.1,1,1,0,14,12.95,Fully Furnished,North,1,1,3,0,3038000.0
P01483,Mumbai,Mumbai-Mid-6,Mid,Built-up Area,1805.3,3,2,0,24,8.78,Semi-Furnished,South-East,2,1,4,0,26136000.0
P01484,Delhi,Delhi-Premium-2,Premium,Super built-up Area,670.1,1,1,0,22,0.75,Unfurnished,North,0,0,3,1,9091000.0
P01485,Bengaluru,Bengaluru-Mid-2,Mid,Carpet Area,868.6,2,3,2,13,12.13,Unfurnished,South-East,2,1,0,2,4583000.0
P01486,Delhi,Delhi-Mid-3,Mid,Super built-up Area,809.2,2,1,1,14,5.44,Semi-Furnished,East,1,1,5,2,9714000.0
P01487,Delhi,Delhi-Mid-1,Mid,Super built-up Area,1980.7,3,3,0,10,13.03,Semi-Furnished,South,0,1,0,1,18043000.0
P01488,Hyderabad,Hyderabad-Mid-7,Mid,Built-up Area,931.4,2,2,0,15,10.96,Unfurnished,North,1,0,3,1,4038000.0
P01489,Mumbai,Mumbai-Mid-5,Mid,Carpet Area,591.9,1,1,1,16,9.68,Fully Furnished,North-East,1,1,3,3,8531000.0
P01490,Chennai,Chennai-Emerging-5,Emerging,Carpet Area,1682.8,3,4,2,6,13.68,Fully Furnished,North-East,2,1,5,1,3980000.0
P01491,Pune,Pune-Premium-8,Premium,Built-up Area,1312.5,2,1,1,4,3.15,Semi-Furnished,North,1,1,3,1,13059000.0
P01492,Bengaluru,Bengaluru-Emerging-1,Emerging,Carpet Area,1344.5,2,2,2,14,13.53,Semi-Furnished,South-East,2,1,4,3,5012000.0
P01493,Delhi,Delhi-Mid-5,Mid,Super built-up Area,2139.5,3,2,2,21,7.16,Fully Furnished,South-East,1,1,5,3,20314000.0
P01494,Delhi,Delhi-Emerging-7,Emerging,Carpet Area,880.2,2,3,2,11,23.84,Fully Furnished,North,1,1,3,2,3873000.0
P01495,Bengaluru,Bengaluru-Emerging-8,Emerging,Carpet Area,1155.2,2,1,1,6,17.18,Fully Furnished,North-East,0,1,3,2,3517000.0
P01496,Mumbai,Mumbai-Emerging-4,Emerging,Carpet Area,1599.2,3,4,3,21,13.07,Unfurnished,West,1,1,2,0,14153000.0
P01497,Chennai,Chennai-Mid-4,Mid,Carpet Area,1142.2,2,1,2,6,9.48,Unfurnished,East,1,1,2,3,6328000.0
P01498,Bengaluru,Bengaluru-Premium-5,Premium,Super built-up Area,1393.8,2,2,2,1,5.58,Semi-Furnished,South-East,1,1,4,0,16033000.0
P01499,Chennai,Chennai-Premium-2,Premium,Carpet Area,1554.4,3,2,3,9,0.46,Unfurnished,South,2,1,5,1,11208000.0
P01500,Chennai,Chennai-Mid-6,Mid,Built-up Area,2182.7,4,5,2,20,14.85,Fully Furnished,North,1,1,0,2,8707000.0
P01501,Mumbai,Mumbai-Emerging-1,Emerging,Built-up Area,1181.1,2,3,0,24,15.13,Unfurnished,North-East,2,1,0,1,7686000.0
P01502,Chennai,Chennai-Premium-3,Premium,Built-up Area,1579.8,3,4,1,10,1.44,Unfurnished,North-East,1,1,5,3,14920000.0
P01503,Mumbai,Mumbai-Emerging-7,Emerging,Built-up Area,1470.8,3,3,3,8,17.14,Semi-Furnished,North-East,0,0,3,0,13424000.0
P01504,Delhi,Delhi-Mid-8,Mid,Super built-up Area,2086.0,4,5,4,6,5.83,Unfurnished,West,1,0,1,3,22392000.0
P01505,Mumbai,Mumbai-Mid-2,Mid,Super built-up Area,1120.4,2,2,2,6,7.12,Unfurnished,South-East,0,1,3,0,19004000.0
P01506,Mumbai,Mumbai-Emerging-7,Emerging,Carpet Area,1326.4,3,4,0,17,12.79,Fully Furnished,West,0,0,1,2,12899000.0
P01507,Bengaluru,Bengaluru-Emerging-1,Emerging,Carpet Area,432.2,1,1,1,14,19.43,Semi-Furnished,East,0,1,0,0,1377000.0
P01508,Hyderabad,Hyderabad-Premium-4,Premium,Super built-up Area,1943.1,4,5,0,4,4.74,Semi-Furnished,North,0,1,2,2,17861000.0
P01509,Chennai,Chennai-Mid-1,Mid,Plot Area,1097.9,2,1,1,11,7.3,Unfurnished,East,0,1,2,0,6510000.0
P01510,Bengaluru,Bengaluru-Emerging-8,Emerging,Built-up Area,562.6,1,2,0,23,14.04,Unfurnished,West,1,1,4,1,1329000.0
P01511,Mumbai,Mumbai-Mid-4,Mid,Built-up Area,2897.1,5,4,1,10,10.46,Semi-Furnished,South-East,0,0,4,0,48965000.0
P01512,Chennai,Chennai-Emerging-5,Emerging,Carpet Area,1406.9,2,3,0,10,14.86,Unfurnished,East,0,1,5,1,3892000.0
P01513,Pune,Pune-Emerging-4,Emerging,Carpet Area,1286.9,2,2,0,19,25.45,Fully Furnished,East,0,1,1,2,3033000.0
P01514,Bengaluru,Bengaluru-Mid-7,Mid,Super built-up Area,1988.2,3,3,3,13,12.33,Semi-Furnished,East,2,1,1,0,10874000.0
P01515,Delhi,Delhi-Mid-1,Mid,Built-up Area,1531.9,3,3,2,9,5.74,Fully Furnished,West,1,1,2,3,14741000.0
P01516,Bengaluru,Bengaluru-Emerging-3,Emerging,Super built-up Area,1199.0,2,3,2,2,25.6,Semi-Furnished,North-East,1,0,5,3,4919000.0
P01517,Delhi,Delhi-Mid-4,Mid,Carpet Area,1031.5,2,3,1,21,10.1,Fully Furnished,North-East,2,0,0,3,8049000.0
P01518,Hyderabad,Hyderabad-Mid-5,Mid,Carpet Area,2331.3,4,4,1,23,10.41,Semi-Furnished,East,2,1,2,0,12219000.0
P01519,Bengaluru,Bengaluru-Mid-1,Mid,Carpet Area,1878.7,3,3,0,10,11.96,Unfurnished,South-East,2,1,1,2,8647000.0
P01520,Bengaluru,Bengaluru-Emerging-6,Emerging,Plot Area,951.4,2,2,2,1,20.75,Unfurnished,East,1,0,0,0,3567000.0
P01521,Hyderabad,Hyderabad-Emerging-4,Emerging,Built-up Area,2141.5,3,4,0,11,16.08,Fully Furnished,East,0,1,4,3,7878000.0
P01522,Delhi,Delhi-Premium-2,Premium,Carpet Area,1300.0,2,3,0,12,0.34,Semi-Furnished,South,1,1,2,0,23002000.0
P01523,Hyderabad,Hyderabad-Emerging-5,Emerging,Carpet Area,990.6,2,1,2,17,20.08,Semi-Furnished,East,2,1,2,3,3190000.0
P01524,Bengaluru,Bengaluru-Mid-8,Mid,Super built-up Area,1221.1,2,3,1,20,13.07,Semi-Furnished,North,2,1,3,0,7334000.0
P01525,Pune,Pune-Emerging-4,Emerging,Super built-up Area,1641.0,3,3,1,3,22.1,Semi-Furnished,South,2,1,0,2,4116000.0
P01526,Chennai,Chennai-Mid-7,Mid,Carpet Area,1330.4,2,3,1,23,13.34,Semi-Furnished,West,0,1,3,3,5952000.0
P01527,Mumbai,Mumbai-Emerging-3,Emerging,Carpet Area,466.7,1,1,1,22,13.59,Fully Furnished,West,0,1,1,0,3286000.0
P01528,Pune,Pune-Premium-6,Premium,Built-up Area,3346.7,5,5,4,16,1.53,Semi-Furnished,North,1,1,2,3,30608000.0
P01529,Chennai,Chennai-Mid-2,Mid,Plot Area,2092.2,4,5,1,13,8.37,Unfurnished,West,1,1,2,3,11551000.0
P01530,Pune,Pune-Premium-3,Premium,Carpet Area,1122.3,2,2,2,23,3.18,Semi-Furnished,West,1,1,2,3,9569000.0
P01531,Mumbai,Mumbai-Emerging-3,Emerging,Carpet Area,2617.7,4,5,4,22,22.45,Semi-Furnished,North,1,0,5,0,17859000.0
P01532,Mumbai,Mumbai-Mid-6,Mid,Super built-up Area,1046.6,2,1,1,7,5.4,Unfurnished,North-East,0,1,5,0,19672000.0
P01533,Mumbai,Mumbai-Mid-8,Mid,Carpet Area,1053.0,2,3,2,6,6.31,Unfurnished,North,0,1,5,2,15693000.0
P01534,Pune,Pune-Emerging-2,Emerging,Plot Area,720.7,1,2,1,1,22.98,Semi-Furnished,North,1,1,4,1,2742000.0
P01535,Hyderabad,Hyderabad-Mid-7,Mid,Built-up Area,2020.5,3,2,0,23,13.12,Unfurnished,East,1,1,3,0,10884000.0
P01536,Delhi,Delhi-Mid-7,Mid,Built-up Area,1086.3,2,2,1,11,8.46,Semi-Furnished,North,2,1,4,1,10851000.0
P01537,Mumbai,Mumbai-Mid-7,Mid,Built-up Area,984.8,2,2,2,11,9.79,Semi-Furnished,West,0,1,0,1,12815000.0
P01538,Chennai,Chennai-Mid-1,Mid,Super built-up Area,1410.0,3,2,0,0,14.35,Unfurnished,South-East,2,1,3,0,8936000.0
P01539,Pune,Pune-Premium-1,Premium,Super built-up Area,1195.6,3,2,0,9,4.45,Semi-Furnished,North,0,1,5,1,12657000.0
P01540,Delhi,Delhi-Mid-1,Mid,Carpet Area,2442.6,4,4,4,14,9.93,Unfurnished,North,0,1,0,1,20123000.0
P01541,Delhi,Delhi-Emerging-6,Emerging,Super built-up Area,1268.1,2,3,1,15,15.04,Unfurnished,East,1,1,0,1,7143000.0
P01542,Bengaluru,Bengaluru-Premium-2,Premium,Super built-up Area,1285.1,2,3,0,13,2.96,Semi-Furnished,South,2,1,0,3,12402000.0
P01543,Hyderabad,Hyderabad-Emerging-7,Emerging,Carpet Area,2558.5,4,5,2,4,25.75,Unfurnished,South,0,1,5,1,8506000.0
P01544,Delhi,Delhi-Emerging-2,Emerging,Plot Area,1672.1,3,3,0,2,25.63,Semi-Furnished,South-East,2,1,3,1,7694000.0
P01545,Hyderabad,Hyderabad-Mid-7,Mid,Carpet Area,1234.9,2,2,1,11,9.11,Unfurnished,South,0,0,1,3,6523000.0
P01546,Hyderabad,Hyderabad-Mid-6,Mid,Carpet Area,1785.3,3,3,0,14,11.17,Unfurnished,West,2,1,0,2,8266000.0
P01547,Hyderabad,Hyderabad-Emerging-1,Emerging,Plot Area,1555.0,3,4,3,7,20.33,Fully Furnished,West,0,1,4,3,5191000.0
P01548,Bengaluru,Bengaluru-Mid-8,Mid,Built-up Area,1549.4,3,2,3,10,5.74,Unfurnished,North-East,0,0,5,2,11097000.0
P01549,Delhi,Delhi-Mid-8,Mid,Super built-up Area,1215.8,2,3,0,20,9.53,Semi-Furnished,North,1,1,4,3,10428000.0
P01550,Bengaluru,Bengaluru-Emerging-7,Emerging,Plot Area,988.8,2,1,2,17,19.89,Unfurnished,West,0,0,4,2,2901000.0
P01551,Mumbai,Mumbai-Mid-2,Mid,Super built-up Area,1892.1,3,3,0,11,12.44,Semi-Furnished,West,1,0,5,0,25910000.0
P01552,Pune,Pune-Mid-7,Mid,Super built-up Area,1960.8,3,3,3,14,14.9,Unfurnished,North,1,1,3,0,7349000.0
P01553,Chennai,Chennai-Premium-1,Premium,Plot Area,1802.2,3,2,3,16,1.59,Semi-Furnished,West,2,1,5,3,15038000.0
P01554,Hyderabad,Hyderabad-Emerging-6,Emerging,Super built-up Area,1490.2,3,2,3,18,14.04,Fully Furnished,North-East,2,1,3,1,3699000.0
P01555,Bengaluru,Bengaluru-Emerging-2,Emerging,Plot Area,2271.7,4,3,4,22,25.89,Semi-Furnished,South-East,0,0,2,3,5678000.0
P01556,Chennai,Chennai-Mid-3,Mid,Super built-up Area,1335.9,3,2,3,11,14.04,Semi-Furnished,West,2,1,5,1,6527000.0
P01557,Mumbai,Mumbai-Emerging-6,Emerging,Built-up Area,861.2,2,3,1,13,26.08,Semi-Furnished,West,0,0,1,3,5937000.0
P01558,Mumbai,Mumbai-Emerging-2,Emerging,Carpet Area,1933.4,4,5,0,13,26.62,Unfurnished,South,1,1,5,0,14371000.0
P01559,Mumbai,Mumbai-Mid-6,Mid,Built-up Area,1115.5,2,3,0,10,10.33,Unfurnished,North,0,0,3,3,14467000.0
P01560,Bengaluru,Bengaluru-Premium-5,Premium,Built-up Area,954.3,2,1,2,14,3.22,Unfurnished,North,2,1,5,0,10476000.0
P01561,Pune,Pune-Mid-1,Mid,Super built-up Area,1753.1,3,4,2,24,13.26,Unfurnished,North,2,1,4,1,8419000.0
P01562,Chennai,Chennai-Premium-8,Premium,Super built-up Area,651.5,1,1,1,15,4.33,Unfurnished,West,0,1,0,0,5021000.0
P01563,Hyderabad,Hyderabad-Premium-6,Premium,Built-up Area,1055.4,2,1,0,21,1.19,Unfurnished,North-East,0,1,1,0,8697000.0
P01564,Bengaluru,Bengaluru-Mid-4,Mid,Super built-up Area,2556.3,5,4,0,22,6.38,Unfurnished,West,0,1,2,0,12409000.0
P01565,Chennai,Chennai-Mid-8,Mid,Built-up Area,1559.3,2,2,1,7,8.4,Semi-Furnished,South-East,1,1,5,3,7794000.0
P01566,Mumbai,Mumbai-Emerging-4,Emerging,Super built-up Area,924.3,2,2,0,24,20.16,Semi-Furnished,East,1,1,2,0,5270000.0
P01567,Mumbai,Mumbai-Emerging-8,Emerging,Carpet Area,1904.1,3,4,1,4,20.59,Fully Furnished,North,1,1,4,1,17289000.0
P01568,Chennai,Chennai-Emerging-5,Emerging,Built-up Area,989.5,2,1,0,6,12.34,Unfurnished,West,0,1,1,3,3863000.0
P01569,Bengaluru,Bengaluru-Mid-7,Mid,Carpet Area,661.5,2,2,0,6,13.14,Unfurnished,West,0,1,2,0,4300000.0
P01570,Hyderabad,Hyderabad-Mid-6,Mid,Built-up Area,2160.4,4,5,1,15,6.19,Semi-Furnished,South-East,1,0,3,2,13492000.0
P01571,Pune,Pune-Emerging-8,Emerging,Built-up Area,2302.2,3,2,1,8,17.3,Fully Furnished,North,1,0,4,3,5746000.0
P01572,Pune,Pune-Emerging-4,Emerging,Super built-up Area,1520.2,3,2,3,17,25.43,Semi-Furnished,South-East,0,0,5,2,3161000.0
P01573,Bengaluru,Bengaluru-Emerging-1,Emerging,Built-up Area,2072.5,3,2,0,24,22.77,Fully Furnished,South-East,2,1,0,2,4931000.0
P01574,Chennai,Chennai-Emerging-8,Emerging,Built-up Area,543.6,1,1,0,6,21.77,Unfurnished,South,1,1,5,0,1684000.0
P01575,Pune,Pune-Emerging-1,Emerging,Carpet Area,1063.1,2,3,1,21,26.98,Unfurnished,South,2,1,2,2,2253000.0
P01576,Bengaluru,Bengaluru-Emerging-6,Emerging,Super built-up Area,1843.6,4,4,1,18,12.02,Semi-Furnished,North,0,1,0,0,5957000.0
P01577,Delhi,Delhi-Mid-6,Mid,Built-up Area,1053.9,2,1,2,18,14.46,Unfurnished,North-East,0,1,2,3,8661000.0
P01578,Mumbai,Mumbai-Premium-2,Premium,Super built-up Area,1723.5,3,4,2,0,5.49,Semi-Furnished,South-East,0,1,2,2,42491000.0
P01579,Delhi,Delhi-Premium-2,Premium,Super built-up Area,572.7,1,1,1,8,0.56,Fully Furnished,North,0,1,4,0,10562000.0
P01580,Mumbai,Mumbai-Mid-7,Mid,Carpet Area,1539.2,3,4,0,17,6.86,Semi-Furnished,South-East,2,1,0,0,24536000.0
P01581,Pune,Pune-Mid-3,Mid,Built-up Area,1471.0,3,2,1,8,6.77,Fully Furnished,North-East,2,1,0,3,9460000.0
P01582,Mumbai,Mumbai-Mid-5,Mid,Super built-up Area,1127.6,2,1,1,15,9.45,Unfurnished,West,2,1,2,0,16475000.0
P01583,Hyderabad,Hyderabad-Emerging-3,Emerging,Carpet Area,2053.6,3,2,2,22,22.51,Unfurnished,North-East,0,1,1,2,5132000.0
P01584,Hyderabad,Hyderabad-Emerging-8,Emerging,Built-up Area,1552.7,3,4,2,4,19.99,Unfurnished,North-East,0,1,5,0,4765000.0
P01585,Hyderabad,Hyderabad-Mid-8,Mid,Carpet Area,2138.7,4,3,3,20,10.26,Unfurnished,South,2,1,0,0,11156000.0
P01586,Pune,Pune-Premium-7,Premium,Built-up Area,1507.5,3,2,1,1,4.96,Unfurnished,North-East,2,1,3,0,16819000.0
P01587,Bengaluru,Bengaluru-Emerging-4,Emerging,Carpet Area,1252.7,2,1,2,12,22.3,Unfurnished,North-East,2,1,5,1,4711000.0
P01588,Pune,Pune-Emerging-5,Emerging,Carpet Area,1058.5,2,2,1,3,25.86,Semi-Furnished,North,2,1,2,2,3691000.0
P01589,Chennai,Chennai-Mid-5,Mid,Built-up Area,1258.0,2,3,0,18,6.18,Fully Furnished,North,0,0,5,2,6584000.0
P01590,Bengaluru,Bengaluru-Emerging-8,Emerging,Carpet Area,1746.1,3,3,1,16,25.96,Unfurnished,North,2,1,4,2,4683000.0
P01591,Mumbai,Mumbai-Premium-8,Premium,Super built-up Area,1491.8,3,2,1,8,3.59,Unfurnished,North,1,1,5,1,40963000.0
P01592,Hyderabad,Hyderabad-Mid-6,Mid,Built-up Area,2427.6,4,4,1,8,9.71,Unfurnished,East,1,1,5,0,13352000.0
P01593,Pune,Pune-Mid-7,Mid,Super built-up Area,2025.7,4,3,3,18,12.2,Unfurnished,North,1,1,3,2,9909000.0
P01594,Hyderabad,Hyderabad-Mid-6,Mid,Built-up Area,1630.2,3,2,1,7,9.33,Fully Furnished,West,0,1,4,3,11133000.0
P01595,Hyderabad,Hyderabad-Premium-2,Premium,Plot Area,573.6,1,1,0,1,4.71,Fully Furnished,South,1,0,0,1,6344000.0
P01596,Delhi,Delhi-Emerging-7,Emerging,Super built-up Area,1786.3,3,3,1,21,12.75,Fully Furnished,South,1,0,4,1,8094000.0
P01597,Hyderabad,Hyderabad-Mid-2,Mid,Built-up Area,1825.1,4,5,1,5,5.03,Fully Furnished,North,0,1,1,0,11408000.0
P01598,Delhi,Delhi-Mid-8,Mid,Carpet Area,1853.6,3,4,0,2,13.07,Semi-Furnished,North-East,0,1,4,1,15215000.0
P01599,Bengaluru,Bengaluru-Emerging-2,Emerging,Built-up Area,1778.4,3,3,1,15,26.39,Fully Furnished,North-East,1,1,4,0,4950000.0
P01600,Chennai,Chennai-Emerging-5,Emerging,Plot Area,1925.5,3,4,3,13,27.81,Semi-Furnished,South-East,1,1,4,2,5796000.0
P01601,Chennai,Chennai-Premium-2,Premium,Carpet Area,1624.3,3,2,1,4,4.44,Fully Furnished,North,1,0,4,1,16452000.0
P01602,Hyderabad,Hyderabad-Mid-2,Mid,Carpet Area,1094.5,2,3,0,24,11.43,Semi-Furnished,North-East,2,1,4,0,4105000.0
P01603,Pune,Pune-Emerging-2,Emerging,Built-up Area,1652.2,3,2,3,8,23.1,Fully Furnished,West,0,0,2,2,4407000.0
P01604,Delhi,Delhi-Mid-3,Mid,Plot Area,1560.7,3,4,3,16,12.58,Semi-Furnished,North,0,1,2,2,13611000.0
P01605,Delhi,Delhi-Mid-8,Mid,Super built-up Area,2739.9,5,4,2,13,11.15,Unfurnished,South-East,2,1,1,1,21153000.0
P01606,Hyderabad,Hyderabad-Premium-4,Premium,Carpet Area,1237.3,2,2,1,11,0.02,Fully Furnished,South-East,2,0,4,0,12322000.0
P01607,Delhi,Delhi-Emerging-5,Emerging,Built-up Area,1284.8,3,2,0,4,12.45,Unfurnished,North-East,0,0,2,2,8416000.0
P01608,Delhi,Delhi-Emerging-6,Emerging,Plot Area,1622.9,3,3,1,23,15.29,Unfurnished,North,1,1,4,1,8660000.0
P01609,Hyderabad,Hyderabad-Emerging-7,Emerging,Plot Area,1914.3,3,3,0,0,21.23,Unfurnished,South-East,0,1,2,1,4955000.0
P01610,Mumbai,Mumbai-Mid-4,Mid,Built-up Area,1117.3,2,1,0,23,10.43,Semi-Furnished,North,1,0,1,3,13850000.0
P01611,Mumbai,Mumbai-Mid-4,Mid,Built-up Area,2646.9,5,6,4,4,7.29,Unfurnished,South,2,1,3,3,41133000.0
P01612,Chennai,Chennai-Premium-7,Premium,Plot Area,1136.1,2,3,2,10,4.85,Fully Furnished,North-East,1,0,5,1,9546000.0
P01613,Chennai,Chennai-Mid-5,Mid,Built-up Area,1081.1,2,3,0,15,8.54,Semi-Furnished,North-East,2,1,3,1,5509000.0
P01614,Pune,Pune-Mid-2,Mid,Plot Area,1916.2,4,3,0,2,12.08,Unfurnished,South,2,1,4,2,11703000.0
P01615,Hyderabad,Hyderabad-Premium-1,Premium,Plot Area,1993.3,4,3,0,3,4.44,Unfurnished,West,0,1,1,2,22311000.0
P01616,Mumbai,Mumbai-Premium-8,Premium,Built-up Area,1160.7,2,3,1,3,1.6,Semi-Furnished,South,0,1,5,3,32972000.0
P01617,Pune,Pune-Premium-5,Premium,Carpet Area,2870.8,4,5,0,9,1.08,Semi-Furnished,North,0,1,2,0,29791000.0
P01618,Pune,Pune-Mid-3,Mid,Plot Area,1529.5,3,4,3,16,9.47,Unfurnished,East,2,1,4,1,7239000.0
P01619,Hyderabad,Hyderabad-Premium-4,Premium,Built-up Area,1805.6,3,4,2,17,4.5,Semi-Furnished,East,1,1,5,3,17275000.0
P01620,Bengaluru,Bengaluru-Mid-8,Mid,Super built-up Area,1915.7,3,4,1,12,10.09,Semi-Furnished,North,0,1,0,0,10767000.0
P01621,Hyderabad,Hyderabad-Emerging-1,Emerging,Built-up Area,528.2,1,1,0,13,23.56,Fully Furnished,South-East,0,1,4,0,1528000.0
P01622,Mumbai,Mumbai-Emerging-1,Emerging,Plot Area,1865.4,3,2,0,19,17.61,Unfurnished,East,2,0,0,1,17712000.0
P01623,Delhi,Delhi-Emerging-4,Emerging,Plot Area,1580.6,3,4,3,4,14.91,Semi-Furnished,South,0,1,0,1,9720000.0
P01624,Bengaluru,Bengaluru-Mid-8,Mid,Super built-up Area,1606.9,3,3,1,20,12.9,Fully Furnished,South,0,0,2,0,8510000.0
P01625,Mumbai,Mumbai-Mid-1,Mid,Plot Area,1047.3,2,2,2,0,11.79,Fully Furnished,North-East,1,1,3,1,18741000.0
P01626,Mumbai,Mumbai-Mid-4,Mid,Carpet Area,1059.0,2,3,2,4,8.38,Fully Furnished,South,0,1,3,1,21754000.0
P01627,Bengaluru,Bengaluru-Mid-6,Mid,Carpet Area,1722.8,3,4,2,4,13.15,Unfurnished,West,0,0,2,1,10397000.0
P01628,Mumbai,Mumbai-Emerging-4,Emerging,Super built-up Area,805.1,2,3,1,18,13.04,Semi-Furnished,West,0,1,3,2,6952000.0
P01629,Pune,Pune-Mid-4,Mid,Super built-up Area,965.3,2,2,1,4,7.23,Unfurnished,East,1,1,2,1,5517000.0
P01630,Pune,Pune-Mid-3,Mid,Plot Area,1849.6,3,2,3,8,5.66,Unfurnished,South-East,0,0,1,0,12655000.0
P01631,Mumbai,Mumbai-Mid-7,Mid,Built-up Area,2082.1,3,3,2,10,10.35,Semi-Furnished,West,1,1,4,1,25870000.0
P01632,Chennai,Chennai-Premium-3,Premium,Super built-up Area,1448.7,3,3,0,17,3.42,Unfurnished,South,1,1,0,3,12227000.0
P01633,Chennai,Chennai-Emerging-7,Emerging,Plot Area,2146.9,4,5,2,20,15.18,Semi-Furnished,South,0,1,2,0,5296000.0
P01634,Chennai,Chennai-Mid-3,Mid,Super built-up Area,1507.3,3,4,1,7,9.05,Fully Furnished,North,1,1,5,1,8575000.0
P01635,Pune,Pune-Premium-1,Premium,Carpet Area,2278.6,4,5,3,5,5.38,Unfurnished,North,1,1,4,1,20058000.0
P01636,Pune,Pune-Premium-7,Premium,Built-up Area,1597.0,3,4,3,13,4.35,Unfurnished,North,0,1,0,3,16306000.0
P01637,Pune,Pune-Mid-7,Mid,Carpet Area,1717.9,3,2,0,21,12.23,Unfurnished,North-East,1,1,0,1,7471000.0
P01638,Pune,Pune-Mid-7,Mid,Super built-up Area,1577.0,3,3,1,24,12.46,Fully Furnished,North,2,1,5,0,7273000.0
P01639,Mumbai,Mumbai-Premium-5,Premium,Super built-up Area,2784.0,5,4,2,17,2.94,Semi-Furnished,South,2,1,3,1,56294000.0
P01640,Delhi,Delhi-Mid-7,Mid,Built-up Area,1505.6,2,3,2,11,10.86,Unfurnished,West,2,1,0,2,13012000.0
P01641,Delhi,Delhi-Emerging-7,Emerging,Carpet Area,1095.3,2,1,1,24,27.07,Unfurnished,South,2,0,2,3,4053000.0
P01642,Delhi,Delhi-Premium-4,Premium,Super built-up Area,1833.7,3,2,0,21,2.27,Semi-Furnished,North,0,1,3,1,30622000.0
P01643,Chennai,Chennai-Mid-1,Mid,Plot Area,1236.9,2,2,0,2,8.64,Semi-Furnished,East,2,1,3,2,6221000.0
P01644,Pune,Pune-Premium-1,Premium,Plot Area,592.4,1,1,0,0,1.98,Fully Furnished,North-East,0,1,5,0,5916000.0
P01645,Mumbai,Mumbai-Mid-8,Mid,Built-up Area,640.6,1,1,0,15,9.15,Fully Furnished,South-East,2,1,2,2,8155000.0
P01646,Pune,Pune-Mid-5,Mid,Plot Area,2205.4,3,4,0,11,10.92,Fully Furnished,South,0,1,0,3,11543000.0
P01647,Pune,Pune-Mid-6,Mid,Carpet Area,1031.3,2,1,2,14,13.62,Unfurnished,North,0,1,2,1,4423000.0
P01648,Chennai,Chennai-Mid-4,Mid,Super built-up Area,972.9,2,2,2,17,12.47,Semi-Furnished,West,1,1,1,3,3792000.0
P01649,Bengaluru,Bengaluru-Mid-1,Mid,Built-up Area,2157.4,4,3,1,3,13.58,Unfurnished,West,2,1,2,3,14443000.0
P01650,Hyderabad,Hyderabad-Mid-4,Mid,Built-up Area,1605.2,2,2,0,19,7.19,Semi-Furnished,North-East,2,1,3,2,7809000.0
P01651,Hyderabad,Hyderabad-Mid-7,Mid,Built-up Area,1525.3,3,4,3,2,11.12,Unfurnished,East,2,1,1,3,9488000.0
P01652,Bengaluru,Bengaluru-Mid-8,Mid,Super built-up Area,1215.6,2,2,2,15,7.36,Fully Furnished,North-East,0,1,3,2,6617000.0
P01653,Hyderabad,Hyderabad-Mid-8,Mid,Carpet Area,1645.8,3,3,2,20,11.37,Semi-Furnished,East,2,1,4,3,8867000.0
P01654,Mumbai,Mumbai-Emerging-7,Emerging,Super built-up Area,979.9,2,3,2,13,21.91,Unfurnished,East,2,0,4,1,6762000.0
P01655,Delhi,Delhi-Mid-7,Mid,Plot Area,1206.3,2,3,0,10,10.4,Unfurnished,North-East,2,0,0,3,10692000.0
P01656,Hyderabad,Hyderabad-Premium-5,Premium,Plot Area,2492.1,4,3,1,2,2.5,Unfurnished,South,0,1,0,0,26479000.0
P01657,Pune,Pune-Premium-2,Premium,Super built-up Area,1045.2,2,2,1,8,4.56,Semi-Furnished,South,2,1,3,3,9560000.0
P01658,Bengaluru,Bengaluru-Premium-3,Premium,Carpet Area,1113.2,2,1,1,13,3.03,Unfurnished,South-East,1,0,3,1,10011000.0
P01659,Hyderabad,Hyderabad-Mid-3,Mid,Super built-up Area,1017.7,2,3,0,1,10.85,Fully Furnished,South,0,1,4,3,5936000.0
P01660,Pune,Pune-Emerging-2,Emerging,Carpet Area,1573.1,3,2,1,18,12.92,Semi-Furnished,West,0,1,1,2,5444000.0
P01661,Delhi,Delhi-Emerging-1,Emerging,Plot Area,968.0,2,3,0,0,14.2,Fully Furnished,East,0,1,5,2,5210000.0
P01662,Delhi,Delhi-Mid-5,Mid,Plot Area,957.3,2,1,2,17,13.29,Fully Furnished,North,0,1,1,1,9321000.0
P01663,Bengaluru,Bengaluru-Mid-4,Mid,Built-up Area,1497.1,3,4,1,8,12.02,Unfurnished,North-East,0,0,4,0,9657000.0
P01664,Pune,Pune-Mid-6,Mid,Carpet Area,927.8,2,3,0,18,5.2,Unfurnished,North,1,1,3,1,4700000.0
P01665,Pune,Pune-Emerging-3,Emerging,Plot Area,671.3,1,1,0,19,18.21,Fully Furnished,North-East,1,1,0,1,1924000.0
P01666,Hyderabad,Hyderabad-Premium-7,Premium,Super built-up Area,476.5,1,1,1,4,0.05,Fully Furnished,North,0,1,1,0,5194000.0
P01667,Mumbai,Mumbai-Premium-4,Premium,Plot Area,1478.5,3,2,2,14,0.79,Semi-Furnished,North-East,1,1,4,1,30881000.0
P01668,Bengaluru,Bengaluru-Mid-8,Mid,Plot Area,1052.6,2,3,1,19,11.03,Unfurnished,South,2,1,1,1,5634000.0
P01669,Hyderabad,Hyderabad-Emerging-4,Emerging,Built-up Area,978.7,2,3,2,22,23.61,Semi-Furnished,South,2,1,3,2,1999000.0
P01670,Bengaluru,Bengaluru-Mid-2,Mid,Super built-up Area,2562.1,5,6,1,16,7.01,Unfurnished,North,2,0,4,1,12614000.0
P01671,Chennai,Chennai-Mid-4,Mid,Carpet Area,881.4,2,1,0,13,8.02,Unfurnished,South,0,1,5,1,3606000.0
P01672,Mumbai,Mumbai-Mid-4,Mid,Carpet Area,963.4,2,3,1,17,12.75,Semi-Furnished,North,2,0,1,2,14023000.0
P01673,Chennai,Chennai-Premium-4,Premium,Built-up Area,636.5,1,1,0,5,3.59,Unfurnished,South,1,0,2,1,6139000.0
P01674,Delhi,Delhi-Mid-7,Mid,Built-up Area,1330.3,3,2,3,15,12.57,Unfurnished,West,0,0,3,2,12860000.0
P01675,Delhi,Delhi-Mid-8,Mid,Super built-up Area,1439.9,3,2,2,5,11.81,Unfurnished,West,2,1,4,1,15982000.0
P01676,Mumbai,Mumbai-Emerging-5,Emerging,Built-up Area,1415.2,3,3,1,24,25.11,Fully Furnished,East,0,1,2,1,8131000.0
P01677,Chennai,Chennai-Premium-1,Premium,Super built-up Area,2911.0,5,6,4,19,5.02,Unfurnished,North,1,1,3,1,19473000.0
P01678,Delhi,Delhi-Mid-3,Mid,Super built-up Area,533.5,1,1,1,22,9.03,Unfurnished,South-East,1,0,4,0,4379000.0
P01679,Hyderabad,Hyderabad-Mid-5,Mid,Plot Area,2428.0,4,3,3,8,7.92,Unfurnished,South,0,1,5,3,14472000.0
P01680,Delhi,Delhi-Premium-8,Premium,Built-up Area,2036.0,4,5,3,15,5.27,Unfurnished,North,0,1,2,2,32572000.0
P01681,Pune,Pune-Emerging-4,Emerging,Built-up Area,717.5,1,2,0,4,23.48,Unfurnished,South-East,2,1,2,2,2839000.0
P01682,Hyderabad,Hyderabad-Emerging-5,Emerging,Built-up Area,753.8,1,2,0,3,18.42,Unfurnished,North,0,1,4,2,2377000.0
P01683,Pune,Pune-Mid-7,Mid,Built-up Area,1475.5,3,3,1,18,10.85,Semi-Furnished,North-East,1,1,3,2,9457000.0
P01684,Mumbai,Mumbai-Emerging-6,Emerging,Plot Area,1647.8,3,4,0,3,27.53,Semi-Furnished,North-East,0,1,1,0,14978000.0
P01685,Pune,Pune-Premium-8,Premium,Carpet Area,1667.3,3,4,0,14,1.99,Unfurnished,East,2,1,5,0,14695000.0
P01686,Hyderabad,Hyderabad-Mid-6,Mid,Built-up Area,1459.7,3,3,1,20,7.51,Unfurnished,East,2,1,5,0,7074000.0
P01687,Pune,Pune-Emerging-7,Emerging,Built-up Area,1712.5,3,2,3,21,13.1,Unfurnished,North-East,1,1,0,3,4246000.0
P01688,Mumbai,Mumbai-Mid-3,Mid,Built-up Area,3080.8,5,6,0,24,5.69,Semi-Furnished,North,1,1,4,2,37256000.0
P01689,Chennai,Chennai-Mid-8,Mid,Built-up Area,527.9,1,1,1,8,6.48,Unfurnished,North,0,1,0,2,3004000.0
P01690,Hyderabad,Hyderabad-Premium-8,Premium,Plot Area,1955.1,4,5,4,24,0.37,Semi-Furnished,North-East,0,1,3,1,14225000.0
P01691,Chennai,Chennai-Emerging-2,Emerging,Super built-up Area,1058.1,2,2,2,20,14.96,Unfurnished,West,0,1,4,2,2476000.0
P01692,Pune,Pune-Mid-2,Mid,Plot Area,1782.3,3,3,3,4,11.6,Unfurnished,North,0,0,0,0,11766000.0
P01693,Pune,Pune-Premium-5,Premium,Super built-up Area,1125.5,2,2,1,9,1.77,Semi-Furnished,South-East,1,1,2,1,11854000.0
P01694,Chennai,Chennai-Mid-7,Mid,Super built-up Area,434.8,1,1,1,5,8.64,Semi-Furnished,West,0,1,4,3,2359000.0
P01695,Bengaluru,Bengaluru-Mid-5,Mid,Plot Area,1046.5,2,1,1,4,9.41,Unfurnished,South,1,1,2,0,6618000.0
P01696,Chennai,Chennai-Mid-5,Mid,Carpet Area,1016.3,2,3,0,22,9.83,Unfurnished,East,1,1,5,0,4331000.0
P01697,Pune,Pune-Mid-4,Mid,Super built-up Area,413.9,1,1,0,7,9.02,Semi-Furnished,North-East,2,1,3,1,2694000.0
P01698,Mumbai,Mumbai-Mid-7,Mid,Built-up Area,2198.3,5,6,0,10,10.84,Fully Furnished,North-East,0,1,2,3,33345000.0
P01699,Bengaluru,Bengaluru-Emerging-7,Emerging,Built-up Area,1607.6,3,2,0,22,24.88,Unfurnished,North,2,1,0,2,3700000.0
P01700,Mumbai,Mumbai-Mid-2,Mid,Carpet Area,1269.6,2,1,2,7,7.94,Unfurnished,North,0,0,5,3,18744000.0
P01701,Chennai,Chennai-Emerging-2,Emerging,Carpet Area,2142.5,4,3,4,7,23.87,Fully Furnished,West,0,1,5,1,5294000.0
P01702,Pune,Pune-Premium-4,Premium,Plot Area,2233.9,4,5,1,5,4.68,Unfurnished,East,2,1,1,2,21867000.0
P01703,Hyderabad,Hyderabad-Mid-6,Mid,Built-up Area,1409.0,3,4,2,15,10.85,Unfurnished,North,1,1,1,0,7783000.0
P01704,Delhi,Delhi-Premium-6,Premium,Carpet Area,1673.8,3,3,1,4,3.28,Semi-Furnished,West,1,1,4,0,27999000.0
P01705,Bengaluru,Bengaluru-Mid-4,Mid,Plot Area,1881.0,4,4,2,5,11.35,Unfurnished,East,1,1,0,3,10101000.0
P01706,Pune,Pune-Emerging-1,Emerging,Plot Area,1099.5,2,3,0,8,19.42,Unfurnished,North-East,2,1,0,2,4082000.0
P01707,Chennai,Chennai-Emerging-7,Emerging,Carpet Area,1279.1,3,3,1,15,16.93,Semi-Furnished,South-East,0,1,2,1,3273000.0
P01708,Hyderabad,Hyderabad-Premium-3,Premium,Built-up Area,2096.6,4,4,4,4,5.82,Fully Furnished,South-East,2,1,5,1,18400000.0
P01709,Mumbai,Mumbai-Emerging-3,Emerging,Built-up Area,996.0,2,1,1,22,17.52,Unfurnished,North,1,1,3,3,7567000.0
P01710,Bengaluru,Bengaluru-Mid-5,Mid,Super built-up Area,1210.8,2,1,2,22,8.6,Unfurnished,East,2,1,3,3,5758000.0
P01711,Bengaluru,Bengaluru-Mid-1,Mid,Super built-up Area,1013.7,2,1,1,15,14.82,Unfurnished,West,1,0,1,0,5139000.0
P01712,Mumbai,Mumbai-Mid-6,Mid,Super built-up Area,826.7,2,1,1,19,5.06,Unfurnished,South-East,0,1,5,0,14521000.0
P01713,Delhi,Delhi-Mid-6,Mid,Carpet Area,748.0,2,2,1,21,10.46,Semi-Furnished,South,0,1,3,0,4701000.0
P01714,Pune,Pune-Premium-2,Premium,Carpet Area,2735.2,4,3,1,24,5.33,Fully Furnished,East,0,1,1,2,19525000.0
P01715,Hyderabad,Hyderabad-Emerging-4,Emerging,Super built-up Area,2170.3,3,4,2,17,17.47,Unfurnished,North,0,0,4,0,4389000.0
P01716,Hyderabad,Hyderabad-Mid-6,Mid,Carpet Area,2114.4,4,4,1,24,13.29,Unfurnished,West,0,1,5,3,8547000.0
P01717,Chennai,Chennai-Emerging-1,Emerging,Carpet Area,459.2,1,1,0,5,16.1,Fully Furnished,North-East,2,1,3,1,1652000.0
P01718,Delhi,Delhi-Mid-6,Mid,Super built-up Area,2118.8,3,3,1,2,14.68,Unfurnished,East,2,1,5,2,21769000.0
P01719,Bengaluru,Bengaluru-Mid-7,Mid,Super built-up Area,1227.5,2,1,1,20,14.53,Semi-Furnished,East,1,1,4,2,6554000.0
P01720,Delhi,Delhi-Premium-1,Premium,Plot Area,1052.8,2,2,2,10,5.91,Fully Furnished,East,0,1,0,3,16579000.0
P01721,Pune,Pune-Emerging-6,Emerging,Carpet Area,1122.8,2,2,1,4,18.58,Fully Furnished,South-East,0,1,2,3,3973000.0
P01722,Bengaluru,Bengaluru-Mid-5,Mid,Carpet Area,656.2,1,1,0,2,7.2,Fully Furnished,North-East,0,1,2,2,3801000.0
P01723,Delhi,Delhi-Mid-1,Mid,Plot Area,1667.5,3,3,0,17,13.02,Semi-Furnished,North,0,1,5,0,14719000.0
P01724,Hyderabad,Hyderabad-Premium-6,Premium,Built-up Area,1077.5,2,2,1,8,3.52,Unfurnished,West,2,1,5,1,11884000.0
P01725,Delhi,Delhi-Mid-1,Mid,Super built-up Area,1576.6,3,4,2,0,10.36,Unfurnished,South,1,1,3,1,18241000.0
P01726,Bengaluru,Bengaluru-Premium-7,Premium,Built-up Area,595.2,1,1,1,10,5.85,Semi-Furnished,West,1,1,4,3,5593000.0
P01727,Mumbai,Mumbai-Premium-2,Premium,Plot Area,1179.1,2,3,2,10,5.92,Unfurnished,East,2,1,0,0,28563000.0
P01728,Delhi,Delhi-Mid-4,Mid,Super built-up Area,1720.5,3,2,2,13,7.21,Semi-Furnished,North,1,0,2,0,15582000.0
P01729,Mumbai,Mumbai-Mid-6,Mid,Built-up Area,715.0,1,1,0,6,7.43,Semi-Furnished,North-East,2,0,0,1,13557000.0
P01730,Pune,Pune-Mid-5,Mid,Built-up Area,2312.5,4,5,3,3,7.55,Unfurnished,South-East,0,1,4,0,14236000.0
P01731,Mumbai,Mumbai-Mid-7,Mid,Super built-up Area,1614.2,3,2,3,10,11.63,Semi-Furnished,North-East,2,1,3,3,27548000.0
P01732,Hyderabad,Hyderabad-Emerging-1,Emerging,Super built-up Area,2846.7,5,6,5,10,17.34,Semi-Furnished,North-East,1,0,0,0,9797000.0
P01733,Delhi,Delhi-Mid-8,Mid,Carpet Area,1364.0,4,3,4,9,5.1,Unfurnished,South-East,2,0,2,2,15128000.0
P01734,Mumbai,Mumbai-Premium-1,Premium,Super built-up Area,1179.8,2,3,0,22,4.35,Semi-Furnished,West,0,1,4,1,22503000.0
P01735,Bengaluru,Bengaluru-Premium-6,Premium,Built-up Area,1101.8,2,2,0,5,0.64,Semi-Furnished,South,1,1,3,0,11452000.0
P01736,Pune,Pune-Emerging-7,Emerging,Built-up Area,2668.7,5,5,4,16,13.02,Fully Furnished,South,2,1,0,1,8022000.0
P01737,Hyderabad,Hyderabad-Mid-7,Mid,Plot Area,1705.7,3,3,1,3,13.08,Unfurnished,East,2,1,5,2,11346000.0
P01738,Pune,Pune-Mid-2,Mid,Built-up Area,2428.1,4,5,0,16,6.39,Semi-Furnished,South,0,1,1,0,11349000.0
P01739,Delhi,Delhi-Premium-4,Premium,Carpet Area,917.8,2,3,1,5,5.5,Fully Furnished,North,2,1,4,0,16202000.0
P01740,Hyderabad,Hyderabad-Emerging-6,Emerging,Plot Area,2189.6,4,5,3,4,12.75,Unfurnished,South,1,1,4,3,7367000.0
P01741,Mumbai,Mumbai-Mid-4,Mid,Plot Area,1363.2,2,2,1,12,10.4,Fully Furnished,West,0,0,5,1,22080000.0
P01742,Delhi,Delhi-Mid-3,Mid,Carpet Area,1284.7,2,3,1,13,5.84,Semi-Furnished,North-East,1,1,0,2,12188000.0
P01743,Mumbai,Mumbai-Premium-2,Premium,Carpet Area,1599.2,2,3,1,13,5.89,Semi-Furnished,East,0,0,0,1,35958000.0
P01744,Delhi,Delhi-Emerging-6,Emerging,Carpet Area,2229.9,4,4,1,12,22.59,Unfurnished,South-East,1,0,2,3,13202000.0
P01745,Delhi,Delhi-Mid-7,Mid,Plot Area,1112.5,2,2,2,10,8.92,Semi-Furnished,South-East,0,1,0,1,11051000.0
P01746,Mumbai,Mumbai-Emerging-3,Emerging,Plot Area,929.5,2,2,1,13,22.93,Semi-Furnished,West,2,1,4,0,6148000.0
P01747,Delhi,Delhi-Premium-8,Premium,Carpet Area,2012.0,5,5,0,6,1.53,Semi-Furnished,North-East,2,1,3,0,32945000.0
P01748,Hyderabad,Hyderabad-Mid-5,Mid,Carpet Area,1082.6,2,1,0,16,9.46,Unfurnished,North-East,0,1,0,3,5390000.0
P01749,Chennai,Chennai-Premium-6,Premium,Built-up Area,1297.9,3,3,3,4,0.35,Semi-Furnished,South,0,1,3,3,10167000.0
P01750,Chennai,Chennai-Mid-7,Mid,Built-up Area,1338.6,3,2,1,0,6.0,Unfurnished,West,0,0,5,1,7525000.0
P01751,Pune,Pune-Premium-4,Premium,Carpet Area,1109.7,2,3,0,24,2.86,Unfurnished,West,1,1,3,0,8683000.0
P01752,Mumbai,Mumbai-Mid-2,Mid,Plot Area,494.1,1,1,0,1,5.27,Semi-Furnished,North-East,2,1,2,0,9366000.0
P01753,Bengaluru,Bengaluru-Mid-4,Mid,Built-up Area,1990.0,4,4,4,10,11.42,Unfurnished,West,2,1,0,3,11612000.0
P01754,Chennai,Chennai-Emerging-8,Emerging,Carpet Area,400.9,1,1,1,4,24.79,Unfurnished,East,2,1,3,0,1106000.0
P01755,Bengaluru,Bengaluru-Premium-6,Premium,Plot Area,1268.9,2,1,0,24,5.1,Unfurnished,North-East,0,1,1,2,10104000.0
P01756,Delhi,Delhi-Emerging-2,Emerging,Built-up Area,1604.1,3,4,2,3,20.62,Fully Furnished,West,2,1,5,0,10069000.0
P01757,Hyderabad,Hyderabad-Premium-1,Premium,Super built-up Area,1620.2,3,2,3,22,4.35,Unfurnished,North,2,0,5,0,12169000.0
P01758,Chennai,Chennai-Mid-3,Mid,Built-up Area,1424.9,3,4,3,1,13.57,Fully Furnished,East,1,1,2,1,7608000.0
P01759,Chennai,Chennai-Premium-6,Premium,Super built-up Area,1566.0,2,3,0,20,5.17,Fully Furnished,East,2,1,5,2,11529000.0
P01760,Pune,Pune-Mid-3,Mid,Plot Area,1625.8,3,4,1,22,6.1,Unfurnished,North,2,1,4,2,8847000.0
P01761,Chennai,Chennai-Premium-5,Premium,Super built-up Area,1207.5,2,2,2,9,0.66,Unfurnished,East,2,1,5,3,12692000.0
P01762,Hyderabad,Hyderabad-Emerging-1,Emerging,Plot Area,1162.1,2,1,2,2,12.95,Unfurnished,South-East,0,0,5,0,4980000.0
P01763,Delhi,Delhi-Emerging-2,Emerging,Built-up Area,1625.7,3,4,0,16,17.35,Unfurnished,South,0,1,1,3,8275000.0
P01764,Pune,Pune-Emerging-7,Emerging,Super built-up Area,2606.3,5,4,3,8,21.73,Unfurnished,South,1,1,4,1,6343000.0
P01765,Bengaluru,Bengaluru-Emerging-1,Emerging,Carpet Area,1045.9,3,2,0,22,15.68,Semi-Furnished,North-East,0,1,2,1,3584000.0
P01766,Bengaluru,Bengaluru-Emerging-3,Emerging,Carpet Area,1623.0,3,3,0,24,18.82,Unfurnished,North,2,1,3,0,3721000.0
P01767,Hyderabad,Hyderabad-Premium-7,Premium,Plot Area,574.3,1,1,1,21,1.48,Semi-Furnished,West,1,1,1,1,4475000.0
P01768,Mumbai,Mumbai-Premium-7,Premium,Super built-up Area,2008.1,4,4,2,23,2.16,Semi-Furnished,East,1,1,5,0,51499000.0
P01769,Pune,Pune-Mid-6,Mid,Built-up Area,2576.6,4,3,3,20,6.56,Unfurnished,East,2,1,3,1,12123000.0
P01770,Bengaluru,Bengaluru-Emerging-8,Emerging,Built-up Area,431.3,1,1,0,14,27.15,Fully Furnished,South-East,0,1,1,3,1345000.0
P01771,Chennai,Chennai-Premium-2,Premium,Built-up Area,1317.4,2,1,2,24,3.73,Semi-Furnished,South,2,1,1,0,7270000.0
P01772,Chennai,Chennai-Emerging-1,Emerging,Built-up Area,1260.9,2,2,1,12,12.8,Unfurnished,South,1,1,5,2,4047000.0
P01773,Hyderabad,Hyderabad-Premium-6,Premium,Plot Area,1239.4,2,2,0,20,0.51,Unfurnished,East,1,1,1,0,11196000.0
P01774,Hyderabad,Hyderabad-Mid-8,Mid,Plot Area,682.7,1,1,1,23,12.8,Fully Furnished,North,1,1,1,0,3419000.0
P01775,Bengaluru,Bengaluru-Premium-3,Premium,Built-up Area,529.3,1,2,0,6,4.98,Semi-Furnished,North-East,1,1,1,1,5265000.0
P01776,Hyderabad,Hyderabad-Premium-5,Premium,Plot Area,1163.2,2,2,1,17,4.36,Fully Furnished,West,0,1,0,1,8280000.0
P01777,Chennai,Chennai-Mid-8,Mid,Plot Area,1091.4,2,3,0,6,12.94,Semi-Furnished,West,1,0,0,2,5198000.0
P01778,Chennai,Chennai-Emerging-6,Emerging,Built-up Area,1109.6,2,2,2,24,12.28,Unfurnished,South,1,1,1,2,2415000.0
P01779,Mumbai,Mumbai-Emerging-8,Emerging,Super built-up Area,2038.7,4,3,2,20,25.67,Unfurnished,South,0,0,4,0,14985000.0
P01780,Pune,Pune-Mid-1,Mid,Carpet Area,2067.4,3,2,3,17,9.76,Semi-Furnished,South-East,1,0,3,3,12497000.0
P01781,Hyderabad,Hyderabad-Premium-3,Premium,Super built-up Area,2419.5,4,3,2,1,4.13,Unfurnished,North-East,0,1,3,1,27161000.0
P01782,Delhi,Delhi-Mid-6,Mid,Carpet Area,543.6,1,1,0,4,11.53,Semi-Furnished,West,0,1,4,3,4531000.0
P01783,Mumbai,Mumbai-Emerging-3,Emerging,Super built-up Area,693.0,1,1,1,16,14.68,Unfurnished,West,0,0,5,0,6338000.0
P01784,Delhi,Delhi-Mid-3,Mid,Built-up Area,1149.3,2,3,1,4,6.16,Unfurnished,North-East,0,1,1,3,14180000.0
P01785,Mumbai,Mumbai-Emerging-6,Emerging,Plot Area,1272.1,2,2,0,19,12.08,Semi-Furnished,East,2,1,1,1,9830000.0
P01786,Chennai,Chennai-Emerging-3,Emerging,Built-up Area,1902.0,3,3,0,8,23.18,Unfurnished,North-East,1,1,2,1,6239000.0
P01787,Hyderabad,Hyderabad-Mid-5,Mid,Built-up Area,1296.8,2,3,1,2,7.08,Fully Furnished,South-East,2,0,3,0,7419000.0
P01788,Mumbai,Mumbai-Mid-1,Mid,Built-up Area,2041.9,3,2,3,24,10.78,Semi-Furnished,West,2,0,5,3,27882000.0
P01789,Pune,Pune-Mid-4,Mid,Super built-up Area,2265.8,4,5,2,9,9.57,Unfurnished,East,0,1,1,1,15297000.0
P01790,Hyderabad,Hyderabad-Premium-6,Premium,Carpet Area,877.8,2,2,2,13,4.58,Fully Furnished,South,1,1,0,2,7790000.0
P01791,Hyderabad,Hyderabad-Mid-3,Mid,Super built-up Area,655.0,1,2,1,7,10.9,Unfurnished,East,1,1,2,0,3780000.0
P01792,Bengaluru,Bengaluru-Mid-1,Mid,Carpet Area,1927.7,4,5,3,17,6.72,Unfurnished,South,2,0,5,2,9355000.0
P01793,Pune,Pune-Emerging-3,Emerging,Plot Area,1144.7,2,2,2,20,21.99,Unfurnished,West,2,0,2,2,3223000.0
P01794,Mumbai,Mumbai-Emerging-1,Emerging,Plot Area,1113.9,2,1,0,3,21.8,Semi-Furnished,South-East,1,1,0,0,8899000.0
P01795,Delhi,Delhi-Emerging-7,Emerging,Carpet Area,1516.3,2,2,0,9,19.99,Unfurnished,West,2,1,1,0,7327000.0
P01796,Hyderabad,Hyderabad-Emerging-5,Emerging,Super built-up Area,2236.7,4,5,1,0,25.15,Unfurnished,North-East,2,0,2,2,7943000.0
P01797,Pune,Pune-Mid-8,Mid,Plot Area,1142.3,2,2,0,4,8.37,Semi-Furnished,North,2,1,5,3,5576000.0
P01798,Delhi,Delhi-Emerging-8,Emerging,Carpet Area,1917.3,3,4,1,0,18.64,Fully Furnished,South-East,2,0,2,2,10813000.0
P01799,Mumbai,Mumbai-Emerging-5,Emerging,Plot Area,1285.7,2,2,1,1,25.05,Semi-Furnished,South,2,1,4,2,8993000.0
P01800,Chennai,Chennai-Mid-7,Mid,Plot Area,1297.3,2,3,1,11,10.71,Unfurnished,West,2,0,3,2,7072000.0
P01801,Bengaluru,Bengaluru-Emerging-6,Emerging,Plot Area,2207.9,4,5,0,4,18.9,Fully Furnished,East,0,0,3,3,6590000.0
P01802,Chennai,Chennai-Premium-6,Premium,Super built-up Area,2330.5,4,3,3,23,4.25,Fully Furnished,South,1,0,4,3,18603000.0
P01803,Mumbai,Mumbai-Emerging-1,Emerging,Super built-up Area,2803.6,4,5,1,24,15.33,Unfurnished,East,2,1,4,3,20509000.0
P01804,Pune,Pune-Premium-2,Premium,Built-up Area,1967.0,3,4,3,19,2.84,Semi-Furnished,North-East,1,1,5,1,18236000.0
P01805,Chennai,Chennai-Mid-4,Mid,Carpet Area,2254.0,4,3,4,19,5.28,Unfurnished,North,1,1,1,3,10474000.0
P01806,Bengaluru,Bengaluru-Premium-4,Premium,Plot Area,2750.5,5,5,0,4,2.97,Semi-Furnished,South,2,1,3,2,27853000.0
P01807,Hyderabad,Hyderabad-Mid-2,Mid,Built-up Area,1179.5,2,2,1,20,10.58,Unfurnished,South,2,1,2,1,5135000.0
P01808,Bengaluru,Bengaluru-Emerging-7,Emerging,Carpet Area,1420.8,3,3,3,6,24.2,Semi-Furnished,South-East,1,1,0,2,4889000.0
P01809,Mumbai,Mumbai-Emerging-3,Emerging,Plot Area,1711.8,3,3,1,16,17.92,Unfurnished,South,0,1,1,2,10996000.0
P01810,Pune,Pune-Emerging-6,Emerging,Super built-up Area,637.9,1,1,1,19,15.29,Semi-Furnished,West,1,0,5,1,1549000.0
P01811,Bengaluru,Bengaluru-Mid-3,Mid,Super built-up Area,550.0,1,1,0,13,11.79,Semi-Furnished,North,2,1,5,2,3438000.0
P01812,Delhi,Delhi-Emerging-2,Emerging,Super built-up Area,515.1,1,2,1,5,24.66,Unfurnished,East,0,0,3,0,2865000.0
P01813,Mumbai,Mumbai-Premium-3,Premium,Super built-up Area,543.8,1,1,0,0,0.23,Semi-Furnished,East,0,1,1,2,13202000.0
P01814,Delhi,Delhi-Mid-6,Mid,Super built-up Area,2676.7,5,6,0,0,14.75,Fully Furnished,West,2,1,4,3,28098000.0
P01815,Mumbai,Mumbai-Premium-4,Premium,Carpet Area,1551.8,3,3,1,24,2.79,Unfurnished,West,0,0,1,3,35288000.0
P01816,Pune,Pune-Premium-3,Premium,Super built-up Area,531.9,1,1,1,8,0.49,Unfurnished,North-East,0,1,3,0,5679000.0
P01817,Bengaluru,Bengaluru-Emerging-1,Emerging,Built-up Area,1096.4,2,1,0,16,25.84,Unfurnished,North-East,0,1,3,2,2875000.0
P01818,Delhi,Delhi-Emerging-4,Emerging,Plot Area,1168.2,2,1,0,24,12.9,Semi-Furnished,South,2,1,3,0,5361000.0
P01819,Chennai,Chennai-Premium-4,Premium,Super built-up Area,931.2,2,1,1,2,1.79,Semi-Furnished,South,0,1,1,3,8998000.0
P01820,Delhi,Delhi-Premium-4,Premium,Plot Area,1675.7,3,4,3,16,0.97,Semi-Furnished,West,2,1,4,3,26999000.0
P01821,Mumbai,Mumbai-Premium-5,Premium,Super built-up Area,2437.2,4,5,2,24,0.68,Semi-Furnished,North-East,2,0,3,0,55350000.0
P01822,Hyderabad,Hyderabad-Emerging-7,Emerging,Carpet Area,1122.9,2,3,2,13,19.58,Fully Furnished,East,1,0,1,3,3543000.0
P01823,Chennai,Chennai-Emerging-3,Emerging,Super built-up Area,1267.6,3,3,2,7,15.7,Unfurnished,South,2,1,3,2,4023000.0
P01824,Chennai,Chennai-Emerging-2,Emerging,Plot Area,1013.3,2,1,2,3,19.78,Semi-Furnished,West,1,1,0,2,2338000.0
P01825,Bengaluru,Bengaluru-Mid-4,Mid,Carpet Area,1389.0,3,3,1,14,12.96,Semi-Furnished,East,2,1,3,1,6799000.0
P01826,Chennai,Chennai-Emerging-3,Emerging,Carpet Area,1107.6,2,3,2,4,19.62,Fully Furnished,South,1,1,0,3,3369000.0
P01827,Mumbai,Mumbai-Emerging-1,Emerging,Plot Area,696.7,2,2,2,11,17.21,Semi-Furnished,West,1,1,5,1,5258000.0
P01828,Bengaluru,Bengaluru-Emerging-8,Emerging,Built-up Area,825.5,2,2,1,11,25.99,Fully Furnished,South,2,1,3,2,2390000.0
P01829,Chennai,Chennai-Premium-6,Premium,Super built-up Area,1956.0,3,3,0,6,1.86,Unfurnished,South-East,1,1,5,2,21162000.0
P01830,Pune,Pune-Mid-2,Mid,Carpet Area,1606.7,3,3,1,10,11.84,Unfurnished,East,0,1,5,3,8942000.0
P01831,Mumbai,Mumbai-Mid-7,Mid,Carpet Area,2196.1,3,3,0,1,10.44,Unfurnished,North-East,0,1,0,0,39128000.0
P01832,Chennai,Chennai-Mid-4,Mid,Plot Area,1316.4,3,3,0,4,5.49,Unfurnished,South-East,2,0,3,0,6589000.0
P01833,Pune,Pune-Premium-8,Premium,Built-up Area,2781.2,5,6,2,7,4.79,Unfurnished,North,2,1,5,2,22968000.0
P01834,Hyderabad,Hyderabad-Premium-7,Premium,Built-up Area,515.1,1,2,1,12,5.23,Unfurnished,North-East,0,0,0,2,4842000.0
P01835,Hyderabad,Hyderabad-Emerging-6,Emerging,Carpet Area,506.3,1,2,1,21,19.76,Semi-Furnished,West,1,0,1,1,976000.0
P01836,Hyderabad,Hyderabad-Emerging-3,Emerging,Built-up Area,1655.9,3,4,2,5,25.56,Semi-Furnished,South-East,0,1,3,2,5206000.0
P01837,Bengaluru,Bengaluru-Mid-7,Mid,Plot Area,1141.2,2,3,0,3,12.02,Fully Furnished,East,0,1,3,0,6479000.0
P01838,Bengaluru,Bengaluru-Emerging-6,Emerging,Built-up Area,1804.3,3,2,1,10,22.67,Semi-Furnished,North-East,1,1,4,2,6092000.0
P01839,Chennai,Chennai-Emerging-6,Emerging,Carpet Area,1043.1,2,1,0,5,27.51,Unfurnished,South-East,2,0,4,2,3883000.0
P01840,Mumbai,Mumbai-Mid-1,Mid,Plot Area,531.5,1,1,0,24,11.21,Fully Furnished,North,1,0,5,1,5724000.0
P01841,Pune,Pune-Emerging-5,Emerging,Built-up Area,1034.5,2,1,1,8,27.96,Semi-Furnished,North-East,2,1,1,0,2245000.0
P01842,Hyderabad,Hyderabad-Emerging-7,Emerging,Carpet Area,881.6,2,2,0,3,26.75,Fully Furnished,South,2,0,0,1,2377000.0
P01843,Chennai,Chennai-Premium-8,Premium,Built-up Area,1442.4,3,3,2,10,2.73,Unfurnished,North,0,0,1,3,12708000.0
P01844,Bengaluru,Bengaluru-Mid-5,Mid,Built-up Area,1664.5,3,2,2,1,13.73,Unfurnished,South-East,2,0,0,1,10127000.0
P01845,Mumbai,Mumbai-Mid-1,Mid,Super built-up Area,1246.1,2,2,0,9,9.39,Unfurnished,West,1,1,1,3,19636000.0
P01846,Bengaluru,Bengaluru-Mid-3,Mid,Built-up Area,1991.0,3,2,2,17,8.18,Unfurnished,South,1,0,3,3,11577000.0
P01847,Pune,Pune-Mid-3,Mid,Super built-up Area,2836.3,5,6,0,8,7.94,Unfurnished,North,2,0,1,3,18225000.0
P01848,Bengaluru,Bengaluru-Mid-4,Mid,Plot Area,2686.2,5,5,1,7,6.07,Semi-Furnished,North,2,0,5,3,16890000.0
P01849,Delhi,Delhi-Emerging-5,Emerging,Carpet Area,1905.3,3,2,2,15,18.29,Semi-Furnished,South-East,1,0,5,2,8623000.0
P01850,Mumbai,Mumbai-Mid-1,Mid,Carpet Area,422.7,1,1,0,16,6.13,Unfurnished,North-East,2,1,2,2,6944000.0
P01851,Hyderabad,Hyderabad-Emerging-7,Emerging,Plot Area,731.4,2,3,1,16,17.83,Unfurnished,North-East,2,1,3,0,2051000.0
P01852,Mumbai,Mumbai-Premium-4,Premium,Super built-up Area,1596.9,3,4,0,9,3.56,Semi-Furnished,North-East,1,1,5,1,40624000.0
P01853,Chennai,Chennai-Mid-3,Mid,Carpet Area,2605.7,5,4,4,24,9.68,Fully Furnished,South-East,1,1,3,1,10528000.0
P01854,Chennai,Chennai-Emerging-4,Emerging,Super built-up Area,521.7,1,1,1,20,26.45,Unfurnished,East,1,1,1,1,1100000.0
P01855,Bengaluru,Bengaluru-Mid-2,Mid,Plot Area,3218.5,4,3,4,15,5.31,Unfurnished,West,0,1,4,1,18958000.0
P01856,Chennai,Chennai-Premium-1,Premium,Built-up Area,2021.8,3,2,3,8,0.78,Semi-Furnished,East,0,0,3,3,15677000.0
P01857,Pune,Pune-Emerging-3,Emerging,Super built-up Area,2044.9,3,3,2,18,12.15,Unfurnished,West,0,0,1,1,7450000.0
P01858,Bengaluru,Bengaluru-Mid-2,Mid,Carpet Area,1173.3,2,3,2,3,6.24,Unfurnished,South,2,1,4,3,7841000.0
P01859,Chennai,Chennai-Emerging-3,Emerging,Built-up Area,1185.4,2,1,1,2,12.2,Fully Furnished,West,2,1,2,1,4222000.0
P01860,Mumbai,Mumbai-Mid-3,Mid,Super built-up Area,1166.5,2,3,0,0,6.26,Unfurnished,South,0,1,1,2,20594000.0
P01861,Pune,Pune-Premium-8,Premium,Plot Area,1011.3,2,3,1,12,3.28,Unfurnished,West,1,1,4,0,10207000.0
P01862,Pune,Pune-Mid-8,Mid,Plot Area,2057.2,4,3,4,7,8.61,Semi-Furnished,North,2,1,1,3,13722000.0
P01863,Delhi,Delhi-Mid-4,Mid,Super built-up Area,1595.4,3,2,2,21,7.65,Unfurnished,West,1,0,2,1,10358000.0
P01864,Chennai,Chennai-Mid-8,Mid,Built-up Area,1151.2,2,3,2,15,13.22,Unfurnished,West,1,1,5,3,4929000.0
P01865,Chennai,Chennai-Mid-2,Mid,Super built-up Area,1763.3,3,4,2,5,12.73,Unfurnished,East,1,0,2,3,8418000.0
P01866,Mumbai,Mumbai-Emerging-8,Emerging,Super built-up Area,571.7,1,1,1,16,27.64,Fully Furnished,South-East,0,1,4,2,3758000.0
P01867,Bengaluru,Bengaluru-Mid-8,Mid,Plot Area,1255.5,2,1,0,7,9.78,Semi-Furnished,South,1,1,3,1,9319000.0
P01868,Chennai,Chennai-Premium-5,Premium,Plot Area,1337.5,2,1,0,23,4.74,Unfurnished,South-East,2,1,2,1,8022000.0
P01869,Pune,Pune-Mid-6,Mid,Plot Area,1460.8,2,3,2,19,13.36,Semi-Furnished,South-East,0,0,1,3,5800000.0
P01870,Mumbai,Mumbai-Mid-8,Mid,Super built-up Area,1186.0,2,2,2,13,13.18,Unfurnished,South-East,1,1,0,3,16962000.0
P01871,Pune,Pune-Mid-2,Mid,Plot Area,1095.8,2,3,2,19,14.14,Unfurnished,East,1,1,1,0,5469000.0
P01872,Bengaluru,Bengaluru-Premium-5,Premium,Plot Area,1360.3,3,3,1,2,2.2,Unfurnished,East,1,1,3,3,12559000.0
P01873,Bengaluru,Bengaluru-Premium-2,Premium,Super built-up Area,1268.4,2,2,1,11,4.74,Semi-Furnished,East,2,1,0,3,11014000.0
P01874,Mumbai,Mumbai-Mid-7,Mid,Plot Area,1843.0,4,4,3,3,10.39,Fully Furnished,North,0,1,2,2,32270000.0
P01875,Delhi,Delhi-Mid-8,Mid,Built-up Area,885.0,2,1,0,1,6.03,Unfurnished,West,2,1,3,2,10333000.0
P01876,Bengaluru,Bengaluru-Mid-7,Mid,Built-up Area,1495.5,3,2,2,23,9.64,Unfurnished,North-East,1,1,3,2,7497000.0
P01877,Delhi,Delhi-Emerging-8,Emerging,Carpet Area,1362.1,2,2,2,12,19.89,Fully Furnished,South-East,1,0,5,2,6164000.0
P01878,Hyderabad,Hyderabad-Mid-8,Mid,Plot Area,2251.4,4,3,4,5,12.43,Semi-Furnished,West,2,1,2,3,12830000.0
P01879,Chennai,Chennai-Mid-8,Mid,Plot Area,1366.8,2,3,1,16,11.86,Unfurnished,South-East,2,0,4,1,6346000.0
P01880,Chennai,Chennai-Mid-8,Mid,Carpet Area,755.2,2,3,0,14,10.18,Semi-Furnished,East,1,1,5,1,3689000.0
P01881,Hyderabad,Hyderabad-Mid-5,Mid,Plot Area,2155.9,4,3,0,13,14.04,Semi-Furnished,North-East,2,1,2,1,9419000.0
P01882,Delhi,Delhi-Emerging-2,Emerging,Carpet Area,1279.7,3,3,2,22,15.82,Unfurnished,West,2,1,1,1,4405000.0
P01883,Chennai,Chennai-Mid-7,Mid,Carpet Area,1750.8,3,4,2,10,12.6,Semi-Furnished,West,0,0,4,0,8488000.0
P01884,Bengaluru,Bengaluru-Mid-3,Mid,Carpet Area,1534.2,3,3,3,23,9.7,Unfurnished,East,0,1,4,2,8134000.0
P01885,Bengaluru,Bengaluru-Mid-6,Mid,Carpet Area,1103.4,2,2,0,11,14.5,Fully Furnished,North-East,2,1,4,3,7147000.0
P01886,Delhi,Delhi-Mid-5,Mid,Built-up Area,516.1,1,2,1,23,11.17,Semi-Furnished,East,1,1,5,3,4339000.0
P01887,Delhi,Delhi-Emerging-2,Emerging,Plot Area,821.1,2,2,2,8,24.36,Unfurnished,South-East,0,1,0,2,4548000.0
P01888,Delhi,Delhi-Emerging-3,Emerging,Super built-up Area,756.8,2,2,2,7,26.5,Unfurnished,East,2,0,1,2,3899000.0
P01889,Pune,Pune-Mid-3,Mid,Carpet Area,1341.1,2,1,1,0,9.64,Unfurnished,North-East,0,1,1,1,9907000.0
P01890,Hyderabad,Hyderabad-Emerging-7,Emerging,Built-up Area,1895.4,3,4,0,15,22.73,Fully Furnished,North,0,1,0,1,4168000.0
P01891,Bengaluru,Bengaluru-Premium-2,Premium,Plot Area,1290.1,2,1,1,14,4.41,Semi-Furnished,North-East,0,1,4,0,13268000.0
P01892,Chennai,Chennai-Mid-7,Mid,Super built-up Area,1105.6,2,3,1,3,13.97,Semi-Furnished,North,2,1,0,3,5784000.0
P01893,Delhi,Delhi-Mid-7,Mid,Carpet Area,1502.5,3,4,0,11,7.09,Unfurnished,South-East,0,1,0,0,15752000.0
P01894,Pune,Pune-Mid-2,Mid,Plot Area,628.9,1,2,1,1,8.95,Fully Furnished,North,0,1,4,0,4769000.0
P01895,Delhi,Delhi-Premium-3,Premium,Carpet Area,2322.5,4,4,4,21,1.33,Fully Furnished,South-East,1,1,2,2,29128000.0
P01896,Pune,Pune-Premium-7,Premium,Carpet Area,871.8,2,1,0,6,4.0,Unfurnished,West,2,1,3,3,7576000.0
P01897,Pune,Pune-Emerging-5,Emerging,Built-up Area,2536.0,5,4,2,21,17.11,Unfurnished,East,0,1,0,0,6655000.0
P01898,Bengaluru,Bengaluru-Mid-3,Mid,Built-up Area,1750.7,3,2,3,18,6.32,Fully Furnished,North,2,1,0,3,10861000.0
P01899,Delhi,Delhi-Mid-4,Mid,Plot Area,1081.2,2,2,0,18,8.35,Semi-Furnished,South-East,2,0,0,0,8494000.0
P01900,Bengaluru,Bengaluru-Mid-5,Mid,Built-up Area,1732.4,4,3,3,4,11.82,Semi-Furnished,East,2,1,2,0,12958000.0
P01901,Mumbai,Mumbai-Mid-7,Mid,Super built-up Area,1522.5,3,2,3,2,13.88,Unfurnished,East,1,1,1,1,25344000.0
P01902,Pune,Pune-Mid-3,Mid,Plot Area,1302.9,2,3,1,4,7.77,Semi-Furnished,North-East,2,0,3,3,9481000.0
P01903,Pune,Pune-Mid-1,Mid,Super built-up Area,2232.3,4,5,3,4,9.01,Unfurnished,West,2,0,4,2,16150000.0
P01904,Bengaluru,Bengaluru-Premium-4,Premium,Super built-up Area,2627.2,4,4,3,15,3.81,Semi-Furnished,West,0,1,2,2,27288000.0
P01905,Chennai,Chennai-Mid-5,Mid,Built-up Area,2242.0,4,5,1,6,9.61,Unfurnished,North-East,0,1,4,1,11244000.0
P01906,Chennai,Chennai-Mid-4,Mid,Built-up Area,2316.0,3,4,0,6,5.9,Semi-Furnished,South,1,1,1,1,10883000.0
P01907,Pune,Pune-Premium-8,Premium,Built-up Area,416.8,1,1,1,13,0.02,Unfurnished,North,1,1,4,1,4441000.0
P01908,Chennai,Chennai-Emerging-6,Emerging,Super built-up Area,1662.1,3,2,3,6,18.37,Semi-Furnished,South-East,0,1,4,1,3803000.0
P01909,Mumbai,Mumbai-Mid-7,Mid,Plot Area,1230.3,2,2,0,18,11.31,Unfurnished,South,0,1,2,1,16879000.0
P01910,Delhi,Delhi-Mid-7,Mid,Carpet Area,1117.2,2,1,2,22,9.21,Fully Furnished,East,0,1,4,1,8130000.0
P01911,Chennai,Chennai-Mid-1,Mid,Super built-up Area,1635.9,4,4,1,16,14.55,Fully Furnished,East,1,1,0,2,7888000.0
P01912,Bengaluru,Bengaluru-Emerging-6,Emerging,Plot Area,1332.5,3,3,0,20,20.31,Semi-Furnished,West,2,1,4,1,3652000.0
P01913,Delhi,Delhi-Premium-1,Premium,Carpet Area,1132.9,2,3,0,15,2.25,Semi-Furnished,South,1,1,4,1,18294000.0
P01914,Delhi,Delhi-Emerging-6,Emerging,Carpet Area,1718.5,3,4,3,8,18.6,Unfurnished,North,0,1,4,3,8630000.0
P01915,Mumbai,Mumbai-Emerging-1,Emerging,Super built-up Area,2628.4,4,5,4,5,27.26,Unfurnished,North-East,2,0,2,1,21261000.0
P01916,Pune,Pune-Mid-5,Mid,Super built-up Area,2511.3,4,4,2,20,14.41,Semi-Furnished,South,2,1,2,0,14000000.0
P01917,Bengaluru,Bengaluru-Mid-6,Mid,Super built-up Area,1659.2,3,3,0,20,7.37,Fully Furnished,North-East,1,1,2,1,8580000.0
P01918,Mumbai,Mumbai-Emerging-4,Emerging,Plot Area,1116.7,2,3,1,4,24.42,Fully Furnished,East,1,1,1,1,8999000.0
P01919,Pune,Pune-Mid-5,Mid,Built-up Area,1205.3,2,3,0,14,13.31,Semi-Furnished,North,0,1,3,3,6001000.0
P01920,Bengaluru,Bengaluru-Mid-6,Mid,Built-up Area,1758.4,3,3,0,24,13.93,Semi-Furnished,East,2,1,4,1,7213000.0
P01921,Hyderabad,Hyderabad-Mid-4,Mid,Plot Area,1938.1,4,4,3,17,5.87,Unfurnished,South,1,1,5,0,11994000.0
P01922,Chennai,Chennai-Mid-1,Mid,Super built-up Area,1916.5,3,4,2,4,9.32,Unfurnished,South-East,2,0,5,3,12100000.0
P01923,Delhi,Delhi-Mid-6,Mid,Carpet Area,2201.5,4,3,4,11,12.46,Semi-Furnished,North-East,2,1,0,2,17106000.0
P01924,Pune,Pune-Mid-8,Mid,Plot Area,810.4,2,3,0,22,14.54,Semi-Furnished,North-East,1,1,1,2,3130000.0
P01925,Mumbai,Mumbai-Mid-8,Mid,Built-up Area,1795.7,3,3,3,22,6.11,Semi-Furnished,East,2,0,2,3,19970000.0
P01926,Hyderabad,Hyderabad-Emerging-4,Emerging,Built-up Area,2522.3,4,5,4,7,13.93,Semi-Furnished,South-East,2,0,5,0,8249000.0
P01927,Bengaluru,Bengaluru-Mid-8,Mid,Built-up Area,1886.2,3,4,1,16,5.63,Fully Furnished,North-East,0,1,2,2,10545000.0
P01928,Bengaluru,Bengaluru-Mid-6,Mid,Plot Area,2171.0,5,4,5,19,10.77,Unfurnished,South,0,0,2,3,11529000.0
P01929,Pune,Pune-Mid-2,Mid,Carpet Area,1703.8,3,4,1,1,12.6,Semi-Furnished,East,0,1,0,3,9793000.0
P01930,Chennai,Chennai-Emerging-6,Emerging,Built-up Area,857.1,2,2,0,10,18.9,Fully Furnished,South,0,0,3,0,2868000.0
P01931,Chennai,Chennai-Mid-6,Mid,Super built-up Area,2002.7,3,2,0,12,10.2,Semi-Furnished,South-East,1,0,1,1,11315000.0
P01932,Delhi,Delhi-Mid-8,Mid,Built-up Area,2625.8,5,5,4,18,8.09,Semi-Furnished,North-East,0,0,3,1,24098000.0
P01933,Pune,Pune-Premium-1,Premium,Built-up Area,446.5,1,2,0,10,5.2,Semi-Furnished,North,0,0,0,0,3811000.0
P01934,Delhi,Delhi-Mid-1,Mid,Super built-up Area,570.0,1,1,0,17,11.44,Unfurnished,West,2,1,5,2,5178000.0
P01935,Chennai,Chennai-Mid-3,Mid,Built-up Area,990.7,2,1,0,16,14.01,Fully Furnished,East,0,1,3,3,4471000.0
P01936,Mumbai,Mumbai-Mid-3,Mid,Carpet Area,2020.8,4,3,2,23,9.55,Unfurnished,South-East,2,0,5,1,24275000.0
P01937,Bengaluru,Bengaluru-Emerging-6,Emerging,Plot Area,1840.2,3,3,2,10,21.78,Unfurnished,North-East,0,1,2,0,5452000.0
P01938,Bengaluru,Bengaluru-Mid-1,Mid,Built-up Area,2695.6,5,4,4,16,5.29,Semi-Furnished,West,0,1,0,0,16991000.0
P01939,Pune,Pune-Mid-3,Mid,Plot Area,1249.0,2,2,2,21,13.14,Unfurnished,East,2,1,3,1,6186000.0
P01940,Chennai,Chennai-Emerging-6,Emerging,Plot Area,1827.8,3,4,0,7,18.44,Fully Furnished,South-East,0,1,3,0,4731000.0
P01941,Hyderabad,Hyderabad-Premium-4,Premium,Built-up Area,1897.7,3,3,0,24,3.85,Unfurnished,South-East,0,1,3,2,13187000.0
P01942,Pune,Pune-Mid-4,Mid,Built-up Area,2408.9,4,5,2,6,9.42,Semi-Furnished,South-East,0,1,3,3,14010000.0
P01943,Bengaluru,Bengaluru-Mid-4,Mid,Plot Area,1953.9,3,4,2,17,5.06,Semi-Furnished,West,0,0,1,3,10487000.0
P01944,Chennai,Chennai-Premium-8,Premium,Carpet Area,1630.7,3,3,1,24,3.44,Fully Furnished,North-East,1,1,4,2,11480000.0
P01945,Delhi,Delhi-Mid-6,Mid,Carpet Area,919.9,2,1,2,13,8.94,Semi-Furnished,North-East,0,1,2,2,8255000.0
P01946,Pune,Pune-Emerging-4,Emerging,Carpet Area,3411.9,5,5,2,14,26.96,Unfurnished,North,1,1,1,2,9731000.0
P01947,Hyderabad,Hyderabad-Emerging-7,Emerging,Carpet Area,1181.2,2,3,0,24,25.9,Fully Furnished,East,2,1,4,3,2535000.0
P01948,Delhi,Delhi-Premium-5,Premium,Built-up Area,1420.1,3,3,0,12,3.52,Unfurnished,East,2,1,3,3,23486000.0
P01949,Pune,Pune-Premium-7,Premium,Carpet Area,2021.9,5,5,1,2,1.83,Unfurnished,South-East,0,0,4,1,21311000.0
P01950,Hyderabad,Hyderabad-Emerging-5,Emerging,Super built-up Area,1541.7,3,3,2,10,20.73,Unfurnished,South,2,1,5,0,4346000.0
P01951,Delhi,Delhi-Mid-8,Mid,Super built-up Area,2109.2,4,3,1,3,6.91,Unfurnished,North-East,2,1,4,1,19219000.0
P01952,Mumbai,Mumbai-Mid-1,Mid,Built-up Area,1341.7,3,3,2,24,13.95,Unfurnished,East,1,1,5,0,14054000.0
P01953,Delhi,Delhi-Mid-5,Mid,Built-up Area,1435.7,2,1,2,22,7.23,Semi-Furnished,West,2,1,3,0,10693000.0
P01954,Mumbai,Mumbai-Emerging-7,Emerging,Plot Area,1388.4,2,1,1,11,13.72,Fully Furnished,North,1,1,3,0,8986000.0
P01955,Chennai,Chennai-Mid-4,Mid,Built-up Area,1370.8,2,2,0,2,12.34,Unfurnished,South-East,1,0,0,2,6602000.0
P01956,Chennai,Chennai-Premium-1,Premium,Super built-up Area,1244.1,2,1,1,17,5.57,Unfurnished,South-East,1,1,2,1,11786000.0
P01957,Hyderabad,Hyderabad-Mid-2,Mid,Built-up Area,2150.5,3,3,0,15,13.0,Semi-Furnished,West,2,1,2,0,10805000.0
P01958,Hyderabad,Hyderabad-Mid-8,Mid,Built-up Area,2363.6,4,3,0,9,10.98,Semi-Furnished,South,1,1,5,1,13307000.0
P01959,Pune,Pune-Emerging-8,Emerging,Plot Area,1965.7,3,2,3,13,12.21,Semi-Furnished,South,0,1,0,2,8114000.0
P01960,Mumbai,Mumbai-Premium-4,Premium,Super built-up Area,2283.1,4,4,3,7,5.98,Unfurnished,North,1,1,3,1,53680000.0
P01961,Chennai,Chennai-Mid-5,Mid,Plot Area,1280.4,2,2,0,23,8.37,Semi-Furnished,North,1,1,4,2,5329000.0
P01962,Hyderabad,Hyderabad-Premium-6,Premium,Built-up Area,715.2,2,1,0,19,3.23,Unfurnished,North-East,0,1,3,2,5567000.0
P01963,Mumbai,Mumbai-Mid-8,Mid,Super built-up Area,1552.5,3,2,2,16,9.6,Semi-Furnished,West,1,1,0,3,23952000.0
P01964,Bengaluru,Bengaluru-Mid-8,Mid,Super built-up Area,1041.2,2,3,2,15,12.24,Semi-Furnished,West,0,1,4,1,6012000.0
P01965,Hyderabad,Hyderabad-Premium-1,Premium,Carpet Area,1266.5,2,2,0,24,0.57,Unfurnished,West,1,1,2,2,9900000.0
P01966,Hyderabad,Hyderabad-Mid-6,Mid,Plot Area,970.1,2,2,2,24,7.89,Semi-Furnished,North-East,2,1,5,3,4627000.0
P01967,Pune,Pune-Premium-2,Premium,Built-up Area,1667.4,3,2,3,21,5.1,Semi-Furnished,South,1,0,4,2,13416000.0
P01968,Delhi,Delhi-Emerging-3,Emerging,Built-up Area,1598.1,3,2,1,8,15.13,Fully Furnished,South-East,0,0,4,1,10618000.0
P01969,Hyderabad,Hyderabad-Emerging-3,Emerging,Built-up Area,1582.8,3,3,0,15,25.74,Unfurnished,North-East,1,0,4,3,4296000.0
P01970,Mumbai,Mumbai-Premium-3,Premium,Built-up Area,487.7,1,2,0,14,4.65,Fully Furnished,South,1,1,4,3,11195000.0
P01971,Bengaluru,Bengaluru-Emerging-2,Emerging,Carpet Area,1483.0,3,4,1,21,25.39,Semi-Furnished,South-East,1,1,4,2,4653000.0
P01972,Bengaluru,Bengaluru-Mid-6,Mid,Carpet Area,1241.9,2,3,1,11,13.64,Fully Furnished,North-East,2,1,4,2,5954000.0
P01973,Bengaluru,Bengaluru-Mid-7,Mid,Carpet Area,667.2,1,2,0,8,9.15,Fully Furnished,South-East,2,1,4,1,4439000.0
P01974,Chennai,Chennai-Emerging-8,Emerging,Built-up Area,1746.6,3,2,2,7,19.95,Fully Furnished,South-East,1,1,3,1,4282000.0
P01975,Delhi,Delhi-Emerging-2,Emerging,Plot Area,1727.1,3,3,0,4,15.25,Semi-Furnished,West,2,1,0,1,8834000.0
P01976,Bengaluru,Bengaluru-Emerging-8,Emerging,Super built-up Area,1889.5,3,2,2,22,15.24,Unfurnished,North,0,1,4,3,5452000.0
P01977,Pune,Pune-Premium-8,Premium,Super built-up Area,1322.2,2,2,2,13,3.89,Unfurnished,North,1,1,3,3,10216000.0
P01978,Bengaluru,Bengaluru-Premium-4,Premium,Super built-up Area,1148.7,3,3,3,16,3.53,Semi-Furnished,East,1,1,2,2,11076000.0
P01979,Bengaluru,Bengaluru-Emerging-5,Emerging,Built-up Area,1260.6,2,3,1,12,20.67,Unfurnished,North,1,1,4,1,4035000.0
P01980,Mumbai,Mumbai-Mid-3,Mid,Super built-up Area,1854.2,5,6,5,1,7.82,Fully Furnished,North,2,1,1,3,31786000.0
P01981,Mumbai,Mumbai-Mid-6,Mid,Super built-up Area,1074.1,2,3,1,0,12.99,Fully Furnished,South-East,1,0,5,2,20286000.0
P01982,Pune,Pune-Emerging-6,Emerging,Super built-up Area,1980.9,4,4,2,12,22.78,Unfurnished,South,0,1,2,3,5941000.0
P01983,Bengaluru,Bengaluru-Mid-2,Mid,Carpet Area,2054.3,3,4,1,21,14.41,Semi-Furnished,West,1,1,3,1,9562000.0
P01984,Bengaluru,Bengaluru-Mid-6,Mid,Built-up Area,2074.2,4,4,4,0,5.83,Semi-Furnished,North-East,1,1,0,0,12038000.0
P01985,Pune,Pune-Mid-4,Mid,Plot Area,1151.7,2,3,1,23,10.58,Unfurnished,North-East,2,1,3,2,4376000.0
P01986,Delhi,Delhi-Mid-7,Mid,Built-up Area,539.3,1,1,0,17,9.2,Semi-Furnished,South-East,1,1,4,3,5126000.0
P01987,Chennai,Chennai-Mid-1,Mid,Carpet Area,600.3,1,1,1,21,9.98,Unfurnished,South,1,1,5,2,2206000.0
P01988,Chennai,Chennai-Premium-2,Premium,Built-up Area,1138.5,2,1,0,21,1.49,Unfurnished,East,0,1,0,0,8643000.0
P01989,Bengaluru,Bengaluru-Mid-8,Mid,Built-up Area,946.6,2,3,1,11,13.25,Semi-Furnished,South,0,1,3,0,5909000.0
P01990,Delhi,Delhi-Premium-2,Premium,Super built-up Area,1795.3,4,3,0,22,1.32,Unfurnished,North,0,1,5,3,24176000.0
P01991,Chennai,Chennai-Emerging-1,Emerging,Carpet Area,1432.1,3,2,2,3,14.53,Fully Furnished,West,1,0,3,2,4498000.0
P01992,Hyderabad,Hyderabad-Emerging-6,Emerging,Carpet Area,1588.7,3,4,0,2,25.17,Unfurnished,West,0,1,0,2,5136000.0
P01993,Pune,Pune-Mid-8,Mid,Plot Area,1306.5,2,1,1,21,9.08,Semi-Furnished,South-East,1,0,2,3,6297000.0
P01994,Hyderabad,Hyderabad-Premium-5,Premium,Super built-up Area,486.6,1,1,1,8,0.87,Semi-Furnished,West,0,1,2,3,4320000.0
P01995,Bengaluru,Bengaluru-Premium-4,Premium,Plot Area,1660.4,3,3,0,18,2.04,Unfurnished,South-East,2,1,5,1,17625000.0
P01996,Mumbai,Mumbai-Mid-3,Mid,Built-up Area,2335.9,4,3,4,5,5.36,Semi-Furnished,South,0,1,4,2,36976000.0
P01997,Bengaluru,Bengaluru-Premium-6,Premium,Carpet Area,1186.4,2,1,0,5,5.28,Semi-Furnished,North,2,0,1,2,11085000.0
P01998,Bengaluru,Bengaluru-Premium-4,Premium,Carpet Area,1567.3,3,2,0,12,5.8,Fully Furnished,North,1,0,2,2,13212000.0
P01999,Chennai,Chennai-Mid-3,Mid,Built-up Area,1690.9,3,4,2,7,9.22,Semi-Furnished,North-East,0,0,1,3,7742000.0
P02000,Pune,Pune-Emerging-5,Emerging,Built-up Area,2557.8,4,5,0,3,17.3,Unfurnished,South,1,1,2,2,9414000.0
P02001,Bengaluru,Bengaluru-Premium-3,Premium,Carpet Area,429.5,1,1,1,0,3.0,Unfurnished,North,2,1,4,1,5201000.0
P02002,Bengaluru,Bengaluru-Emerging-3,Emerging,Carpet Area,1703.3,3,4,1,5,25.27,Unfurnished,South,2,1,4,1,5129000.0
P02003,Pune,Pune-Premium-6,Premium,Super built-up Area,564.8,1,1,1,17,3.19,Fully Furnished,North-East,0,1,0,3,4623000.0
P02004,Bengaluru,Bengaluru-Emerging-2,Emerging,Carpet Area,1106.5,2,1,0,23,27.03,Semi-Furnished,North-East,1,1,2,0,3263000.0
P02005,Pune,Pune-Mid-4,Mid,Plot Area,1609.7,3,4,0,24,11.61,Semi-Furnished,West,0,1,2,3,5606000.0
P02006,Mumbai,Mumbai-Premium-4,Premium,Carpet Area,1787.4,3,3,3,17,3.7,Fully Furnished,West,0,1,2,3,44715000.0
P02007,Hyderabad,Hyderabad-Mid-8,Mid,Built-up Area,1875.1,3,2,0,1,9.18,Fully Furnished,South-East,2,1,3,0,14100000.0
P02008,Chennai,Chennai-Mid-4,Mid,Built-up Area,2174.9,3,3,1,2,12.59,Semi-Furnished,West,1,1,1,1,12141000.0
P02009,Pune,Pune-Premium-8,Premium,Built-up Area,1139.6,2,2,2,3,5.0,Semi-Furnished,North-East,2,0,1,2,12667000.0
P02010,Pune,Pune-Premium-2,Premium,Carpet Area,1002.3,2,3,2,15,1.08,Unfurnished,West,2,1,3,0,10042000.0
P02011,Chennai,Chennai-Emerging-8,Emerging,Super built-up Area,2501.5,4,3,1,3,27.53,Unfurnished,North,1,1,5,0,6779000.0
P02012,Delhi,Delhi-Emerging-2,Emerging,Plot Area,1764.1,3,4,2,23,19.39,Fully Furnished,North,2,1,2,0,7381000.0
P02013,Bengaluru,Bengaluru-Premium-2,Premium,Plot Area,1210.9,2,3,1,8,5.83,Semi-Furnished,North,1,1,3,3,10443000.0
P02014,Hyderabad,Hyderabad-Mid-2,Mid,Built-up Area,1851.7,4,3,0,20,5.41,Fully Furnished,West,1,1,1,3,10845000.0
P02015,Mumbai,Mumbai-Emerging-3,Emerging,Plot Area,1153.5,2,2,0,18,20.65,Semi-Furnished,North,0,1,4,3,6915000.0
P02016,Bengaluru,Bengaluru-Mid-6,Mid,Super built-up Area,2838.8,5,5,3,8,6.74,Semi-Furnished,South-East,1,1,4,2,21060000.0
P02017,Pune,Pune-Mid-1,Mid,Super built-up Area,1687.1,3,2,2,8,7.33,Unfurnished,North-East,1,1,0,1,9331000.0
P02018,Bengaluru,Bengaluru-Emerging-4,Emerging,Plot Area,1279.0,2,1,0,12,26.02,Unfurnished,West,0,0,2,2,3643000.0
P02019,Hyderabad,Hyderabad-Emerging-6,Emerging,Built-up Area,1714.1,3,4,2,7,21.87,Semi-Furnished,East,0,1,0,1,4718000.0
P02020,Hyderabad,Hyderabad-Emerging-5,Emerging,Super built-up Area,1565.1,3,4,2,8,19.41,Fully Furnished,West,1,1,5,1,4920000.0
P02021,Mumbai,Mumbai-Mid-6,Mid,Plot Area,948.5,2,2,1,24,7.61,Fully Furnished,North-East,0,0,3,3,13119000.0
P02022,Pune,Pune-Emerging-8,Emerging,Plot Area,1475.0,3,2,2,10,13.04,Semi-Furnished,North,1,0,3,0,5508000.0
P02023,Mumbai,Mumbai-Mid-2,Mid,Plot Area,1164.3,2,1,2,24,7.1,Semi-Furnished,South-East,2,1,5,2,13909000.0
P02024,Pune,Pune-Premium-8,Premium,Carpet Area,2731.6,5,4,2,16,5.45,Unfurnished,North-East,0,1,0,2,23790000.0
P02025,Hyderabad,Hyderabad-Mid-3,Mid,Carpet Area,888.3,2,2,0,3,7.88,Semi-Furnished,North-East,0,1,1,2,5735000.0
P02026,Pune,Pune-Mid-3,Mid,Built-up Area,1007.1,2,3,0,10,10.76,Unfurnished,North-East,1,0,0,0,6583000.0
P02027,Mumbai,Mumbai-Emerging-7,Emerging,Built-up Area,1186.6,2,3,0,14,17.25,Semi-Furnished,North-East,2,1,2,1,9410000.0
P02028,Chennai,Chennai-Emerging-1,Emerging,Super built-up Area,427.8,1,1,1,7,21.72,Semi-Furnished,West,2,1,3,2,1010000.0
P02029,Chennai,Chennai-Mid-2,Mid,Plot Area,2298.0,5,4,0,7,10.21,Fully Furnished,West,2,0,2,0,12036000.0
P02030,Bengaluru,Bengaluru-Mid-8,Mid,Super built-up Area,333.3,1,1,1,5,10.48,Fully Furnished,South-East,1,1,3,2,1978000.0
P02031,Pune,Pune-Mid-7,Mid,Super built-up Area,1218.8,2,2,0,18,6.24,Semi-Furnished,North,2,0,1,2,7267000.0
P02032,Hyderabad,Hyderabad-Emerging-6,Emerging,Super built-up Area,1084.4,2,3,2,10,16.84,Fully Furnished,East,2,1,3,2,3911000.0
P02033,Mumbai,Mumbai-Premium-6,Premium,Super built-up Area,997.7,2,2,2,20,5.07,Unfurnished,North-East,2,1,2,2,22060000.0
P02034,Delhi,Delhi-Mid-5,Mid,Super built-up Area,1306.6,3,2,1,4,9.2,Semi-Furnished,South,0,1,5,3,13736000.0
P02035,Delhi,Delhi-Mid-5,Mid,Built-up Area,2229.0,3,3,2,21,8.91,Unfurnished,West,2,1,3,0,18232000.0
P02036,Pune,Pune-Mid-3,Mid,Super built-up Area,1444.2,3,4,3,12,11.13,Fully Furnished,South-East,2,1,2,0,7026000.0
P02037,Chennai,Chennai-Premium-7,Premium,Plot Area,2297.3,4,4,0,11,1.13,Unfurnished,East,1,1,1,2,18766000.0
P02038,Hyderabad,Hyderabad-Mid-3,Mid,Super built-up Area,1637.1,3,4,0,22,5.49,Fully Furnished,North-East,2,1,2,1,8293000.0
P02039,Mumbai,Mumbai-Mid-5,Mid,Super built-up Area,959.3,2,3,2,16,5.04,Fully Furnished,North,1,0,3,3,15711000.0
P02040,Pune,Pune-Emerging-8,Emerging,Built-up Area,1461.0,3,3,2,16,20.94,Unfurnished,South-East,1,1,4,3,3348000.0
P02041,Pune,Pune-Emerging-5,Emerging,Carpet Area,2922.3,5,6,1,24,19.91,Semi-Furnished,East,0,1,0,3,6090000.0
P02042,Mumbai,Mumbai-Mid-1,Mid,Carpet Area,1422.0,3,3,0,10,11.77,Unfurnished,North-East,0,1,0,3,18651000.0
P02043,Pune,Pune-Mid-4,Mid,Super built-up Area,1025.0,2,2,1,18,11.3,Semi-Furnished,North,1,0,4,1,4501000.0
P02044,Chennai,Chennai-Mid-2,Mid,Built-up Area,1700.9,3,3,0,23,14.61,Unfurnished,West,0,1,5,2,5333000.0
P02045,Chennai,Chennai-Mid-1,Mid,Built-up Area,640.3,1,1,0,16,10.0,Semi-Furnished,South,0,1,2,0,3117000.0
P02046,Delhi,Delhi-Premium-6,Premium,Built-up Area,2030.6,4,3,1,10,4.36,Fully Furnished,West,1,0,0,0,30621000.0
P02047,Chennai,Chennai-Mid-5,Mid,Super built-up Area,1244.1,3,2,3,12,6.05,Semi-Furnished,South-East,1,1,5,3,5444000.0
P02048,Mumbai,Mumbai-Mid-8,Mid,Super built-up Area,1096.4,2,1,1,3,12.59,Semi-Furnished,South,1,1,3,0,18966000.0
P02049,Pune,Pune-Mid-1,Mid,Built-up Area,946.3,2,3,2,8,13.39,Semi-Furnished,West,0,1,5,3,5022000.0
P02050,Mumbai,Mumbai-Premium-3,Premium,Super built-up Area,1065.8,2,2,2,19,4.52,Unfurnished,West,0,1,4,2,22017000.0
P02051,Delhi,Delhi-Mid-3,Mid,Carpet Area,1871.8,3,2,1,9,14.42,Semi-Furnished,South-East,2,1,2,0,20461000.0
P02052,Pune,Pune-Emerging-8,Emerging,Plot Area,774.2,1,1,0,1,13.89,Fully Furnished,South-East,1,1,0,0,2662000.0
P02053,Hyderabad,Hyderabad-Emerging-2,Emerging,Super built-up Area,1026.8,2,3,1,17,27.57,Unfurnished,East,0,1,5,1,2201000.0
P02054,Chennai,Chennai-Mid-6,Mid,Carpet Area,1064.8,2,2,2,16,11.17,Unfurnished,West,0,0,2,1,5710000.0
P02055,Chennai,Chennai-Mid-7,Mid,Carpet Area,610.8,1,1,0,24,11.44,Unfurnished,South-East,2,1,2,2,2104000.0
P02056,Bengaluru,Bengaluru-Premium-4,Premium,Super built-up Area,1685.6,3,4,2,2,1.23,Semi-Furnished,East,0,1,4,2,20982000.0
P02057,Bengaluru,Bengaluru-Mid-8,Mid,Super built-up Area,1397.1,3,4,3,1,12.14,Unfurnished,North-East,0,1,4,0,8415000.0
P02058,Hyderabad,Hyderabad-Premium-1,Premium,Super built-up Area,351.5,1,1,1,7,2.25,Unfurnished,South-East,1,1,2,2,3256000.0
P02059,Pune,Pune-Premium-4,Premium,Carpet Area,502.1,1,1,1,4,3.25,Unfurnished,North,1,1,0,0,4257000.0
P02060,Mumbai,Mumbai-Mid-1,Mid,Carpet Area,1392.2,3,3,1,2,12.84,Unfurnished,West,0,1,2,0,22811000.0
P02061,Delhi,Delhi-Mid-7,Mid,Plot Area,518.1,1,1,0,9,13.1,Unfurnished,East,1,0,0,1,5010000.0
P02062,Hyderabad,Hyderabad-Emerging-7,Emerging,Carpet Area,1784.5,3,2,2,5,12.38,Unfurnished,North-East,2,1,1,2,5538000.0
P02063,Delhi,Delhi-Mid-5,Mid,Built-up Area,1328.9,3,2,3,2,7.98,Unfurnished,East,1,1,1,3,14413000.0
P02064,Pune,Pune-Emerging-5,Emerging,Carpet Area,1244.4,3,2,0,13,26.15,Semi-Furnished,South,1,0,2,0,3622000.0
P02065,Pune,Pune-Emerging-7,Emerging,Super built-up Area,1575.6,3,3,3,5,16.98,Semi-Furnished,West,1,1,3,1,5997000.0
P02066,Hyderabad,Hyderabad-Mid-8,Mid,Carpet Area,1534.7,2,3,1,7,9.55,Fully Furnished,North-East,0,1,2,1,8548000.0
P02067,Bengaluru,Bengaluru-Mid-8,Mid,Built-up Area,1723.8,3,2,3,14,12.11,Unfurnished,South,0,1,5,3,10590000.0
P02068,Hyderabad,Hyderabad-Mid-7,Mid,Carpet Area,2106.2,4,5,0,18,6.6,Unfurnished,East,1,1,2,3,9727000.0
P02069,Mumbai,Mumbai-Mid-8,Mid,Carpet Area,1868.4,4,5,0,10,10.86,Unfurnished,West,2,1,5,1,23247000.0
P02070,Mumbai,Mumbai-Emerging-1,Emerging,Plot Area,1035.5,2,1,0,1,27.39,Unfurnished,North-East,0,1,5,0,10799000.0
P02071,Bengaluru,Bengaluru-Mid-1,Mid,Plot Area,2864.3,5,5,0,10,10.81,Unfurnished,West,1,1,1,0,20535000.0
P02072,Pune,Pune-Mid-8,Mid,Plot Area,2284.8,4,5,4,24,6.16,Unfurnished,South-East,2,0,4,0,12725000.0
P02073,Pune,Pune-Mid-4,Mid,Plot Area,1464.5,3,2,0,10,10.34,Semi-Furnished,North-East,0,1,1,3,7672000.0
P02074,Bengaluru,Bengaluru-Mid-3,Mid,Plot Area,2305.7,5,6,1,17,11.42,Unfurnished,North-East,1,0,2,2,11966000.0
P02075,Bengaluru,Bengaluru-Mid-1,Mid,Carpet Area,1767.4,3,3,3,22,14.24,Semi-Furnished,North-East,1,1,2,0,7464000.0
P02076,Pune,Pune-Emerging-2,Emerging,Built-up Area,1936.5,3,4,0,12,13.79,Unfurnished,North,1,0,1,2,7002000.0
P02077,Bengaluru,Bengaluru-Emerging-1,Emerging,Built-up Area,513.6,1,1,0,3,12.1,Unfurnished,West,0,1,4,2,1722000.0
P02078,Bengaluru,Bengaluru-Emerging-7,Emerging,Built-up Area,1865.2,3,2,3,8,27.92,Semi-Furnished,North,0,0,3,1,6123000.0
P02079,Bengaluru,Bengaluru-Mid-6,Mid,Super built-up Area,668.6,1,1,0,23,13.1,Fully Furnished,North-East,2,1,1,3,3527000.0
P02080,Pune,Pune-Emerging-1,Emerging,Carpet Area,1655.7,3,4,1,15,23.37,Semi-Furnished,North,0,1,4,0,4775000.0
P02081,Delhi,Delhi-Emerging-2,Emerging,Super built-up Area,1175.9,2,2,2,4,13.33,Semi-Furnished,East,1,1,0,0,8224000.0
P02082,Mumbai,Mumbai-Mid-3,Mid,Super built-up Area,1529.3,3,4,2,1,12.95,Unfurnished,North,2,0,3,2,27822000.0
P02083,Hyderabad,Hyderabad-Emerging-4,Emerging,Carpet Area,1430.1,2,1,2,22,26.93,Unfurnished,West,1,1,1,0,2679000.0
P02084,Pune,Pune-Mid-4,Mid,Plot Area,1223.0,2,3,2,24,12.16,Unfurnished,East,1,1,0,0,6124000.0
P02085,Pune,Pune-Premium-8,Premium,Carpet Area,3013.3,5,5,1,17,4.94,Semi-Furnished,East,0,1,1,3,21087000.0
P02086,Hyderabad,Hyderabad-Premium-6,Premium,Built-up Area,1720.6,3,3,0,11,1.43,Semi-Furnished,South,1,0,2,0,19384000.0
P02087,Mumbai,Mumbai-Emerging-7,Emerging,Carpet Area,844.2,2,3,1,18,25.48,Unfurnished,North-East,1,1,1,2,5266000.0
P02088,Chennai,Chennai-Emerging-5,Emerging,Built-up Area,435.2,1,1,0,8,26.42,Semi-Furnished,East,2,1,1,1,1170000.0
P02089,Delhi,Delhi-Premium-3,Premium,Built-up Area,1013.9,2,3,2,24,1.45,Semi-Furnished,East,2,1,4,2,16042000.0
P02090,Delhi,Delhi-Emerging-4,Emerging,Plot Area,1527.8,3,3,0,16,13.42,Semi-Furnished,West,1,1,4,1,8671000.0
P02091,Mumbai,Mumbai-Mid-4,Mid,Plot Area,2402.9,4,5,4,2,8.28,Unfurnished,West,0,1,1,0,40429000.0
P02092,Mumbai,Mumbai-Emerging-5,Emerging,Carpet Area,1839.8,5,5,4,5,25.97,Unfurnished,East,0,1,4,3,17146000.0
P02093,Chennai,Chennai-Emerging-8,Emerging,Super built-up Area,2064.5,4,4,3,4,24.71,Semi-Furnished,North,2,0,1,1,6344000.0
P02094,Hyderabad,Hyderabad-Premium-7,Premium,Super built-up Area,1057.2,2,1,2,11,4.42,Unfurnished,West,0,1,5,3,11219000.0
P02095,Bengaluru,Bengaluru-Mid-3,Mid,Built-up Area,2201.6,5,6,5,10,7.73,Unfurnished,North,0,1,3,2,11309000.0
P02096,Bengaluru,Bengaluru-Mid-7,Mid,Super built-up Area,1682.7,3,3,2,5,9.48,Fully Furnished,South-East,0,1,3,3,9950000.0
P02097,Bengaluru,Bengaluru-Emerging-8,Emerging,Plot Area,1023.8,2,2,1,3,24.91,Unfurnished,West,0,0,4,1,2767000.0
P02098,Mumbai,Mumbai-Mid-4,Mid,Carpet Area,645.6,1,1,0,16,12.86,Semi-Furnished,South,1,0,0,1,10393000.0
P02099,Pune,Pune-Mid-1,Mid,Super built-up Area,455.4,1,1,1,13,6.38,Semi-Furnished,North,2,1,0,2,2497000.0
P02100,Mumbai,Mumbai-Premium-4,Premium,Built-up Area,1595.3,3,2,2,7,1.01,Semi-Furnished,North-East,0,0,5,1,42306000.0
P02101,Chennai,Chennai-Premium-1,Premium,Built-up Area,2047.7,4,4,4,8,3.28,Unfurnished,South-East,2,1,5,3,16945000.0
P02102,Delhi,Delhi-Mid-1,Mid,Super built-up Area,1111.7,2,1,2,3,7.01,Unfurnished,East,2,0,3,3,10914000.0
P02103,Chennai,Chennai-Mid-6,Mid,Super built-up Area,1964.6,3,2,3,23,6.27,Unfurnished,West,2,1,2,1,9618000.0
P02104,Delhi,Delhi-Mid-8,Mid,Carpet Area,1957.5,3,4,0,3,10.6,Semi-Furnished,East,1,1,5,0,25596000.0
P02105,Mumbai,Mumbai-Emerging-4,Emerging,Plot Area,2274.1,5,4,0,20,15.2,Fully Furnished,North,2,1,3,2,17402000.0
P02106,Chennai,Chennai-Mid-3,Mid,Carpet Area,1068.9,2,2,2,24,8.0,Fully Furnished,South-East,0,1,4,1,5044000.0
P02107,Mumbai,Mumbai-Premium-3,Premium,Super built-up Area,1318.7,3,2,1,5,4.6,Unfurnished,South-East,1,1,2,3,31570000.0
P02108,Hyderabad,Hyderabad-Premium-6,Premium,Carpet Area,850.6,2,3,0,23,4.43,Semi-Furnished,South,0,1,4,3,5986000.0
P02109,Mumbai,Mumbai-Mid-2,Mid,Built-up Area,1917.4,3,4,1,17,9.86,Unfurnished,East,1,1,1,2,25083000.0
P02110,Delhi,Delhi-Emerging-6,Emerging,Plot Area,1553.0,3,4,3,10,25.86,Fully Furnished,North,2,1,3,1,8672000.0
P02111,Chennai,Chennai-Emerging-3,Emerging,Plot Area,546.9,1,1,0,23,24.08,Semi-Furnished,South,2,1,4,2,1563000.0
P02112,Pune,Pune-Emerging-7,Emerging,Plot Area,1620.2,3,4,2,2,20.74,Semi-Furnished,North-East,0,1,5,0,4122000.0
P02113,Hyderabad,Hyderabad-Emerging-2,Emerging,Super built-up Area,1531.8,3,2,1,20,12.05,Unfurnished,East,2,1,2,0,3449000.0
P02114,Mumbai,Mumbai-Mid-7,Mid,Carpet Area,894.6,2,3,1,21,8.54,Semi-Furnished,West,2,0,3,2,12888000.0
P02115,Delhi,Delhi-Mid-6,Mid,Plot Area,1175.1,2,3,2,16,14.37,Unfurnished,West,1,1,5,1,7836000.0
P02116,Hyderabad,Hyderabad-Mid-6,Mid,Super built-up Area,1526.1,3,4,3,8,7.73,Unfurnished,South,1,1,1,2,10632000.0
P02117,Chennai,Chennai-Emerging-6,Emerging,Carpet Area,927.5,2,2,0,22,27.17,Semi-Furnished,North-East,2,1,5,2,2374000.0
P02118,Chennai,Chennai-Premium-3,Premium,Plot Area,2783.7,4,3,0,8,0.52,Unfurnished,North,2,1,1,1,28944000.0
P02119,Bengaluru,Bengaluru-Premium-7,Premium,Carpet Area,1276.0,2,1,1,20,1.62,Semi-Furnished,South,1,0,4,0,10936000.0
P02120,Bengaluru,Bengaluru-Emerging-7,Emerging,Built-up Area,1884.8,3,4,1,0,15.86,Semi-Furnished,South-East,2,1,0,1,6981000.0
P02121,Delhi,Delhi-Mid-4,Mid,Built-up Area,810.9,2,1,2,22,7.83,Unfurnished,South,2,1,4,1,6408000.0
P02122,Bengaluru,Bengaluru-Mid-8,Mid,Super built-up Area,1160.4,2,3,1,23,13.11,Fully Furnished,South,2,1,1,0,4546000.0
P02123,Bengaluru,Bengaluru-Emerging-3,Emerging,Super built-up Area,1447.8,3,2,3,15,17.32,Semi-Furnished,South,1,0,4,0,5198000.0
P02124,Pune,Pune-Mid-1,Mid,Built-up Area,1876.9,4,4,3,9,8.19,Unfurnished,West,0,1,5,3,9085000.0
P02125,Chennai,Chennai-Emerging-2,Emerging,Super built-up Area,1848.6,4,3,1,17,23.35,Fully Furnished,North-East,2,1,0,0,4404000.0
P02126,Delhi,Delhi-Emerging-8,Emerging,Carpet Area,1616.7,3,4,0,12,23.01,Semi-Furnished,South-East,0,1,0,0,7642000.0
P02127,Mumbai,Mumbai-Premium-2,Premium,Carpet Area,1076.2,2,1,1,20,5.18,Semi-Furnished,South,2,1,0,1,26345000.0
P02128,Mumbai,Mumbai-Emerging-4,Emerging,Super built-up Area,1723.7,3,2,2,12,17.18,Fully Furnished,North-East,0,1,5,2,14728000.0
P02129,Bengaluru,Bengaluru-Mid-2,Mid,Plot Area,996.9,2,2,1,18,7.16,Unfurnished,South,2,1,1,3,5804000.0
P02130,Hyderabad,Hyderabad-Mid-7,Mid,Plot Area,537.5,1,2,1,13,5.02,Unfurnished,North,2,1,5,2,3624000.0
P02131,Delhi,Delhi-Premium-8,Premium,Plot Area,602.4,1,2,0,10,4.74,Unfurnished,South-East,2,1,2,0,10292000.0
P02132,Chennai,Chennai-Emerging-1,Emerging,Super built-up Area,2217.6,4,3,3,15,26.38,Unfurnished,South,0,1,4,2,5174000.0
P02133,Delhi,Delhi-Mid-4,Mid,Super built-up Area,1152.1,2,1,1,17,13.08,Unfurnished,North-East,1,1,5,0,7285000.0
P02134,Hyderabad,Hyderabad-Mid-4,Mid,Super built-up Area,997.2,2,3,0,18,8.65,Unfurnished,South,2,1,4,1,5780000.0
P02135,Pune,Pune-Emerging-8,Emerging,Built-up Area,2108.0,3,3,0,2,18.74,Unfurnished,West,1,1,1,2,8162000.0
P02136,Chennai,Chennai-Emerging-3,Emerging,Plot Area,1852.6,3,2,0,11,21.68,Semi-Furnished,West,1,1,3,0,4412000.0
P02137,Chennai,Chennai-Emerging-2,Emerging,Carpet Area,651.8,1,1,1,3,23.55,Unfurnished,South-East,2,1,5,1,2204000.0
P02138,Bengaluru,Bengaluru-Emerging-3,Emerging,Super built-up Area,1753.8,3,2,0,19,27.66,Unfurnished,West,2,1,5,3,3656000.0
P02139,Mumbai,Mumbai-Emerging-6,Emerging,Super built-up Area,1688.2,3,4,2,8,16.9,Semi-Furnished,West,0,1,5,0,14923000.0
P02140,Bengaluru,Bengaluru-Emerging-3,Emerging,Super built-up Area,1239.6,2,2,0,23,13.63,Unfurnished,East,2,1,2,0,3631000.0
P02141,Mumbai,Mumbai-Premium-3,Premium,Super built-up Area,1476.1,3,3,0,14,3.78,Semi-Furnished,North,2,1,0,1,29580000.0
P02142,Bengaluru,Bengaluru-Emerging-4,Emerging,Plot Area,1228.2,2,1,2,19,23.47,Fully Furnished,South,0,1,3,3,3570000.0
P02143,Bengaluru,Bengaluru-Emerging-6,Emerging,Built-up Area,1829.7,3,3,2,18,12.04,Unfurnished,East,2,0,3,3,5419000.0
P02144,Pune,Pune-Emerging-8,Emerging,Built-up Area,2323.8,4,3,4,12,23.47,Unfurnished,East,2,1,5,1,7407000.0
P02145,Delhi,Delhi-Mid-5,Mid,Built-up Area,1501.4,3,3,3,8,14.62,Semi-Furnished,West,1,1,0,2,15313000.0
P02146,Delhi,Delhi-Premium-2,Premium,Plot Area,764.7,1,1,0,6,5.24,Unfurnished,East,1,1,3,1,11178000.0
P02147,Delhi,Delhi-Premium-1,Premium,Plot Area,1508.3,3,2,3,16,2.02,Fully Furnished,East,1,1,3,0,22058000.0
P02148,Hyderabad,Hyderabad-Mid-3,Mid,Super built-up Area,1219.4,3,3,1,20,8.73,Semi-Furnished,South-East,0,0,2,3,6880000.0
P02149,Mumbai,Mumbai-Emerging-2,Emerging,Carpet Area,1683.7,3,2,0,12,19.64,Unfurnished,South,2,1,5,1,15699000.0
P02150,Chennai,Chennai-Emerging-6,Emerging,Carpet Area,1516.9,3,2,2,15,22.46,Unfurnished,South,1,1,1,3,3820000.0
P02151,Mumbai,Mumbai-Mid-8,Mid,Carpet Area,1334.5,3,4,1,14,10.64,Fully Furnished,East,0,0,1,3,16437000.0
P02152,Pune,Pune-Mid-5,Mid,Carpet Area,559.9,1,1,1,22,6.55,Unfurnished,South-East,1,0,4,1,2765000.0
P02153,Bengaluru,Bengaluru-Mid-2,Mid,Plot Area,423.4,1,2,0,17,12.97,Fully Furnished,North-East,0,1,3,0,2297000.0
P02154,Delhi,Delhi-Emerging-3,Emerging,Built-up Area,1951.1,3,2,3,4,20.56,Semi-Furnished,West,1,1,4,1,9106000.0
P02155,Hyderabad,Hyderabad-Mid-6,Mid,Super built-up Area,1963.1,4,4,0,17,10.26,Unfurnished,North,1,1,1,1,8655000.0
P02156,Chennai,Chennai-Premium-8,Premium,Carpet Area,1716.3,3,4,0,18,4.3,Unfurnished,North-East,0,0,1,3,13300000.0
P02157,Pune,Pune-Premium-2,Premium,Super built-up Area,1066.8,2,3,1,0,5.54,Fully Furnished,South,2,1,3,3,9248000.0
P02158,Chennai,Chennai-Premium-1,Premium,Built-up Area,1025.5,2,3,1,24,4.7,Unfurnished,South,2,1,2,3,7038000.0
P02159,Mumbai,Mumbai-Emerging-7,Emerging,Built-up Area,1530.7,3,2,2,5,15.13,Semi-Furnished,West,2,1,4,1,15438000.0
P02160,Bengaluru,Bengaluru-Mid-2,Mid,Built-up Area,1850.3,3,2,2,2,5.24,Unfurnished,North,0,1,4,2,11565000.0
P02161,Delhi,Delhi-Mid-7,Mid,Plot Area,1241.5,3,4,2,19,5.99,Unfurnished,South-East,0,1,5,3,10930000.0
P02162,Hyderabad,Hyderabad-Emerging-1,Emerging,Carpet Area,1348.6,2,2,2,1,27.38,Semi-Furnished,South-East,0,1,0,2,5150000.0
P02163,Chennai,Chennai-Emerging-2,Emerging,Super built-up Area,1237.5,2,2,0,11,21.4,Unfurnished,East,2,1,3,0,3069000.0
P02164,Bengaluru,Bengaluru-Emerging-1,Emerging,Super built-up Area,1798.2,3,4,1,22,15.66,Semi-Furnished,East,0,1,1,0,5595000.0
P02165,Pune,Pune-Emerging-4,Emerging,Carpet Area,1461.3,3,3,0,6,20.25,Semi-Furnished,North,1,1,4,1,5349000.0
P02166,Bengaluru,Bengaluru-Mid-2,Mid,Plot Area,2745.2,5,4,5,5,9.89,Fully Furnished,North-East,2,1,2,3,14972000.0
P02167,Chennai,Chennai-Mid-3,Mid,Carpet Area,907.9,2,3,0,3,9.6,Semi-Furnished,North-East,2,1,2,1,4053000.0
P02168,Bengaluru,Bengaluru-Mid-4,Mid,Super built-up Area,1887.0,3,3,0,23,14.37,Semi-Furnished,North-East,1,1,3,0,8873000.0
P02169,Mumbai,Mumbai-Emerging-7,Emerging,Built-up Area,1067.0,2,2,2,15,16.97,Semi-Furnished,East,1,1,2,2,7102000.0
P02170,Hyderabad,Hyderabad-Emerging-8,Emerging,Plot Area,1920.6,3,3,3,6,17.81,Semi-Furnished,East,0,1,1,0,6391000.0
P02171,Delhi,Delhi-Premium-2,Premium,Carpet Area,1473.1,3,3,1,6,5.3,Semi-Furnished,West,2,1,5,2,24865000.0
P02172,Mumbai,Mumbai-Emerging-2,Emerging,Plot Area,1439.0,3,4,2,19,25.88,Fully Furnished,North,2,0,0,2,11152000.0
P02173,Pune,Pune-Premium-7,Premium,Plot Area,1274.5,2,2,2,19,2.77,Semi-Furnished,South-East,1,1,0,2,10981000.0
P02174,Chennai,Chennai-Mid-7,Mid,Carpet Area,1224.1,2,2,1,13,11.17,Unfurnished,South-East,0,1,0,2,5264000.0
P02175,Pune,Pune-Mid-6,Mid,Carpet Area,1703.4,3,3,3,6,7.88,Unfurnished,East,1,1,4,2,12625000.0
P02176,Mumbai,Mumbai-Mid-5,Mid,Built-up Area,824.2,2,2,1,17,11.2,Semi-Furnished,North-East,1,1,0,3,14013000.0
P02177,Bengaluru,Bengaluru-Mid-8,Mid,Built-up Area,1079.4,2,3,0,24,6.53,Unfurnished,South-East,2,0,4,0,5612000.0
P02178,Delhi,Delhi-Mid-8,Mid,Built-up Area,1734.0,3,3,0,17,12.43,Unfurnished,West,0,0,0,0,16659000.0
P02179,Bengaluru,Bengaluru-Premium-8,Premium,Carpet Area,614.2,1,2,0,13,3.27,Unfurnished,East,2,0,3,3,5177000.0
P02180,Chennai,Chennai-Mid-5,Mid,Super built-up Area,1122.7,2,2,0,17,14.88,Fully Furnished,East,2,1,4,3,5730000.0
P02181,Pune,Pune-Mid-8,Mid,Plot Area,2065.8,3,4,2,20,8.05,Fully Furnished,East,0,1,5,0,12074000.0
P02182,Hyderabad,Hyderabad-Premium-6,Premium,Super built-up Area,1662.5,4,3,3,3,0.55,Fully Furnished,South-East,0,1,2,0,16261000.0
P02183,Chennai,Chennai-Mid-3,Mid,Super built-up Area,1873.5,4,4,2,16,7.76,Unfurnished,North-East,0,1,1,3,10986000.0
P02184,Mumbai,Mumbai-Emerging-4,Emerging,Built-up Area,1229.1,2,3,0,17,15.06,Unfurnished,North-East,1,1,0,2,12415000.0
P02185,Bengaluru,Bengaluru-Mid-1,Mid,Carpet Area,511.8,1,1,1,2,8.09,Semi-Furnished,South,1,1,1,0,3229000.0
P02186,Chennai,Chennai-Emerging-6,Emerging,Built-up Area,606.7,1,1,0,10,23.69,Unfurnished,West,1,1,5,1,1914000.0
P02187,Mumbai,Mumbai-Mid-4,Mid,Built-up Area,513.1,1,2,1,17,11.72,Unfurnished,South,0,1,2,0,5083000.0
P02188,Chennai,Chennai-Mid-2,Mid,Super built-up Area,1295.0,2,1,1,11,9.98,Unfurnished,South-East,0,1,1,1,7003000.0
P02189,Chennai,Chennai-Emerging-5,Emerging,Plot Area,1210.5,2,2,0,14,15.43,Unfurnished,North,0,1,1,3,3807000.0
P02190,Mumbai,Mumbai-Emerging-1,Emerging,Plot Area,905.8,2,3,2,6,12.34,Semi-Furnished,North,2,1,3,3,8665000.0
P02191,Chennai,Chennai-Emerging-2,Emerging,Plot Area,2287.7,4,5,2,14,12.16,Fully Furnished,North,2,1,5,3,5973000.0
P02192,Hyderabad,Hyderabad-Emerging-7,Emerging,Plot Area,583.2,1,1,1,16,25.12,Semi-Furnished,North,1,1,0,1,1789000.0
P02193,Chennai,Chennai-Emerging-8,Emerging,Carpet Area,1423.8,3,4,3,22,27.96,Unfurnished,South,2,1,3,3,3234000.0
P02194,Bengaluru,Bengaluru-Emerging-1,Emerging,Carpet Area,1707.0,3,3,2,22,23.23,Fully Furnished,North,2,1,1,0,4766000.0
P02195,Pune,Pune-Mid-7,Mid,Carpet Area,3103.0,5,5,1,6,11.51,Fully Furnished,South-East,1,1,5,3,21015000.0
P02196,Mumbai,Mumbai-Mid-5,Mid,Built-up Area,1370.4,2,2,1,7,12.46,Unfurnished,South-East,1,1,5,2,20879000.0
P02197,Mumbai,Mumbai-Mid-3,Mid,Carpet Area,1752.0,3,4,2,16,10.23,Unfurnished,East,2,1,4,0,24602000.0
P02198,Hyderabad,Hyderabad-Mid-6,Mid,Carpet Area,2146.1,4,4,3,18,8.79,Semi-Furnished,West,0,1,0,1,9991000.0
P02199,Chennai,Chennai-Mid-7,Mid,Plot Area,1365.2,2,3,2,24,5.02,Unfurnished,North-East,1,1,1,1,5354000.0
P02200,Delhi,Delhi-Premium-6,Premium,Carpet Area,3541.9,5,4,2,15,5.61,Fully Furnished,North,1,1,5,1,45375000.0
P02201,Pune,Pune-Mid-7,Mid,Plot Area,2328.5,3,3,1,14,11.4,Unfurnished,South,0,1,5,0,13318000.0
P02202,Chennai,Chennai-Mid-5,Mid,Plot Area,1084.4,2,3,0,4,7.86,Semi-Furnished,South,2,0,4,3,7207000.0
P02203,Mumbai,Mumbai-Mid-2,Mid,Super built-up Area,1528.2,3,3,2,20,6.68,Fully Furnished,North,2,1,4,0,22323000.0
P02204,Mumbai,Mumbai-Mid-4,Mid,Built-up Area,1638.6,3,2,2,18,10.04,Semi-Furnished,East,1,1,5,2,20273000.0
P02205,Hyderabad,Hyderabad-Premium-6,Premium,Built-up Area,1428.3,3,2,2,12,4.48,Semi-Furnished,South,1,1,3,1,13096000.0
P02206,Mumbai,Mumbai-Mid-2,Mid,Carpet Area,1739.8,3,4,2,2,10.58,Fully Furnished,South-East,2,0,4,1,31684000.0
P02207,Mumbai,Mumbai-Mid-8,Mid,Super built-up Area,626.6,1,1,0,14,8.74,Semi-Furnished,South,1,1,2,2,9921000.0
P02208,Hyderabad,Hyderabad-Emerging-3,Emerging,Carpet Area,3168.2,4,4,4,6,26.36,Unfurnished,North,0,1,5,0,10325000.0
P02209,Chennai,Chennai-Mid-1,Mid,Super built-up Area,1616.2,3,3,3,20,5.21,Semi-Furnished,South-East,0,1,5,3,8132000.0
P02210,Bengaluru,Bengaluru-Mid-3,Mid,Carpet Area,1469.8,3,4,0,7,12.02,Unfurnished,South-East,0,1,1,3,7011000.0
P02211,Chennai,Chennai-Mid-8,Mid,Built-up Area,2192.2,3,4,0,11,9.21,Semi-Furnished,East,2,1,4,2,10576000.0
P02212,Pune,Pune-Emerging-5,Emerging,Plot Area,569.7,1,1,1,9,18.17,Semi-Furnished,West,2,0,3,2,1937000.0
P02213,Bengaluru,Bengaluru-Emerging-2,Emerging,Built-up Area,1038.0,2,3,0,1,14.91,Semi-Furnished,West,0,1,2,0,4569000.0
P02214,Bengaluru,Bengaluru-Premium-7,Premium,Plot Area,2026.3,4,3,2,0,0.17,Unfurnished,West,2,1,5,1,26228000.0
P02215,Pune,Pune-Mid-5,Mid,Super built-up Area,1263.9,2,3,1,8,5.56,Semi-Furnished,North-East,0,1,5,3,8278000.0
P02216,Hyderabad,Hyderabad-Mid-2,Mid,Plot Area,461.4,1,1,0,24,8.97,Unfurnished,North,1,1,1,0,2121000.0
P02217,Hyderabad,Hyderabad-Premium-1,Premium,Built-up Area,951.5,2,1,1,11,1.15,Fully Furnished,West,0,1,5,3,8924000.0
P02218,Delhi,Delhi-Premium-3,Premium,Built-up Area,1930.3,4,5,0,23,1.56,Semi-Furnished,South,2,0,2,0,27894000.0
P02219,Mumbai,Mumbai-Mid-5,Mid,Super built-up Area,1873.6,3,2,2,1,10.45,Semi-Furnished,North-East,1,1,5,3,31265000.0
P02220,Hyderabad,Hyderabad-Emerging-3,Emerging,Carpet Area,2010.6,3,3,2,20,13.95,Unfurnished,North,0,1,4,0,6606000.0
P02221,Delhi,Delhi-Premium-1,Premium,Plot Area,2844.5,5,6,3,9,5.29,Fully Furnished,North-East,2,1,0,3,44104000.0
P02222,Bengaluru,Bengaluru-Mid-5,Mid,Super built-up Area,1186.7,2,2,0,12,13.49,Semi-Furnished,East,2,1,4,1,6859000.0
P02223,Hyderabad,Hyderabad-Mid-4,Mid,Super built-up Area,1852.2,3,2,0,20,8.51,Semi-Furnished,West,1,1,0,1,7168000.0
P02224,Pune,Pune-Mid-2,Mid,Plot Area,1167.1,2,1,0,4,12.08,Unfurnished,East,1,1,2,1,6645000.0
P02225,Pune,Pune-Emerging-4,Emerging,Plot Area,1268.6,2,2,1,11,20.69,Unfurnished,South-East,1,1,2,3,4130000.0
P02226,Delhi,Delhi-Premium-7,Premium,Carpet Area,1858.0,3,3,1,21,4.43,Semi-Furnished,North,2,1,4,3,21818000.0
P02227,Chennai,Chennai-Mid-4,Mid,Super built-up Area,1936.5,3,2,2,4,6.75,Unfurnished,South,1,0,4,2,8022000.0
P02228,Pune,Pune-Premium-6,Premium,Built-up Area,1130.8,2,1,2,17,3.46,Fully Furnished,North-East,1,1,1,0,9949000.0
P02229,Bengaluru,Bengaluru-Emerging-6,Emerging,Plot Area,838.8,2,3,2,11,26.84,Unfurnished,South-East,2,0,2,2,2530000.0
P02230,Delhi,Delhi-Mid-6,Mid,Plot Area,1292.2,2,1,2,18,10.62,Unfurnished,North,0,1,0,3,10620000.0
P02231,Chennai,Chennai-Premium-8,Premium,Carpet Area,1864.7,4,5,3,6,2.28,Unfurnished,North,0,1,0,2,17869000.0
P02232,Pune,Pune-Mid-2,Mid,Built-up Area,1729.7,4,4,0,11,6.81,Semi-Furnished,West,0,1,3,3,9766000.0
P02233,Pune,Pune-Mid-8,Mid,Super built-up Area,1531.1,3,4,3,4,11.7,Semi-Furnished,North-East,2,1,2,2,8734000.0
P02234,Mumbai,Mumbai-Emerging-5,Emerging,Plot Area,1629.2,3,4,0,1,14.37,Fully Furnished,North-East,0,1,2,0,18232000.0
P02235,Delhi,Delhi-Premium-7,Premium,Plot Area,1076.2,3,2,1,19,1.02,Semi-Furnished,South-East,0,0,2,1,13779000.0
P02236,Hyderabad,Hyderabad-Mid-6,Mid,Carpet Area,1273.8,2,3,1,4,6.75,Fully Furnished,South-East,2,1,5,2,9823000.0
P02237,Delhi,Delhi-Premium-8,Premium,Plot Area,1503.3,2,1,0,24,5.5,Unfurnished,East,0,1,2,1,20254000.0
P02238,Delhi,Delhi-Premium-6,Premium,Plot Area,1058.0,2,3,1,23,5.92,Fully Furnished,East,2,1,5,2,13954000.0
P02239,Pune,Pune-Premium-4,Premium,Built-up Area,2023.3,3,4,3,0,5.7,Unfurnished,South,2,1,5,3,21586000.0
P02240,Pune,Pune-Premium-1,Premium,Plot Area,1376.8,2,3,1,19,1.74,Fully Furnished,West,2,1,2,1,12717000.0
P02241,Delhi,Delhi-Emerging-6,Emerging,Plot Area,1641.6,3,4,1,5,21.75,Unfurnished,South-East,2,1,0,3,7842000.0
P02242,Pune,Pune-Mid-5,Mid,Carpet Area,1066.4,2,3,1,0,9.79,Semi-Furnished,East,0,1,4,0,6129000.0
P02243,Chennai,Chennai-Mid-4,Mid,Carpet Area,1324.5,3,2,1,15,10.12,Unfurnished,East,2,1,3,3,6684000.0
P02244,Mumbai,Mumbai-Premium-5,Premium,Carpet Area,1038.5,2,1,0,7,2.14,Semi-Furnished,West,1,1,3,3,28649000.0
P02245,Bengaluru,Bengaluru-Premium-1,Premium,Carpet Area,1051.8,2,3,1,13,0.98,Semi-Furnished,South,2,1,1,1,11363000.0
P02246,Mumbai,Mumbai-Premium-5,Premium,Plot Area,1738.9,3,4,1,19,5.86,Unfurnished,West,2,1,1,0,34452000.0
P02247,Chennai,Chennai-Mid-5,Mid,Carpet Area,381.8,1,1,0,23,6.59,Unfurnished,South-East,1,1,4,0,1424000.0
P02248,Bengaluru,Bengaluru-Mid-8,Mid,Super built-up Area,1323.0,2,1,0,15,13.81,Semi-Furnished,North,2,1,0,3,6654000.0
P02249,Mumbai,Mumbai-Premium-3,Premium,Super built-up Area,1822.3,3,4,2,11,1.21,Semi-Furnished,North,2,1,5,1,48469000.0
P02250,Chennai,Chennai-Mid-3,Mid,Super built-up Area,493.1,1,1,1,14,5.6,Semi-Furnished,South-East,2,0,5,1,2414000.0
P02251,Mumbai,Mumbai-Emerging-1,Emerging,Built-up Area,1911.9,3,2,1,1,21.54,Semi-Furnished,East,2,1,5,2,13563000.0
P02252,Mumbai,Mumbai-Premium-7,Premium,Plot Area,1088.4,3,2,3,7,4.53,Semi-Furnished,West,0,0,1,0,27179000.0
P02253,Hyderabad,Hyderabad-Emerging-1,Emerging,Super built-up Area,440.9,1,1,1,6,17.96,Unfurnished,South,2,1,2,3,1089000.0
P02254,Delhi,Delhi-Mid-6,Mid,Super built-up Area,1075.1,2,3,1,21,12.13,Fully Furnished,East,0,1,3,0,7087000.0
P02255,Mumbai,Mumbai-Mid-3,Mid,Built-up Area,3365.0,5,4,4,19,14.28,Fully Furnished,West,1,1,1,2,44213000.0
P02256,Pune,Pune-Premium-2,Premium,Built-up Area,1209.8,2,1,0,18,1.41,Unfurnished,South-East,0,1,2,1,11283000.0
P02257,Chennai,Chennai-Premium-7,Premium,Plot Area,1198.1,2,3,0,7,4.14,Fully Furnished,North,0,1,1,2,8969000.0
P02258,Delhi,Delhi-Emerging-3,Emerging,Super built-up Area,589.0,1,1,1,24,21.61,Fully Furnished,North-East,2,1,4,3,1780000.0
P02259,Hyderabad,Hyderabad-Mid-3,Mid,Plot Area,1961.1,3,2,2,13,9.36,Unfurnished,South-East,1,1,0,3,11853000.0
P02260,Bengaluru,Bengaluru-Mid-3,Mid,Built-up Area,1616.9,3,3,0,10,12.5,Semi-Furnished,North-East,1,1,3,1,10612000.0
P02261,Bengaluru,Bengaluru-Premium-1,Premium,Super built-up Area,1702.5,3,4,3,4,4.2,Fully Furnished,South-East,2,1,3,2,17928000.0
P02262,Mumbai,Mumbai-Mid-7,Mid,Plot Area,1442.1,3,4,0,2,8.77,Semi-Furnished,North,2,1,3,0,23931000.0
P02263,Mumbai,Mumbai-Mid-6,Mid,Built-up Area,968.2,2,2,0,2,5.21,Semi-Furnished,North-East,2,1,0,2,19619000.0
P02264,Pune,Pune-Emerging-7,Emerging,Carpet Area,1461.8,3,3,0,22,18.43,Semi-Furnished,North-East,1,1,5,1,3884000.0
P02265,Bengaluru,Bengaluru-Premium-1,Premium,Plot Area,2466.5,4,4,4,19,3.69,Unfurnished,North-East,2,1,2,0,22070000.0
P02266,Pune,Pune-Premium-7,Premium,Built-up Area,1782.5,3,3,0,17,4.53,Unfurnished,East,0,1,2,2,16003000.0
P02267,Chennai,Chennai-Premium-1,Premium,Super built-up Area,609.5,1,1,1,12,3.04,Unfurnished,North,0,1,1,2,4789000.0
P02268,Pune,Pune-Mid-6,Mid,Super built-up Area,1878.4,3,4,0,5,7.2,Semi-Furnished,North,1,1,5,2,13083000.0
P02269,Pune,Pune-Premium-6,Premium,Carpet Area,2752.9,5,4,3,5,5.47,Unfurnished,South,1,1,2,0,27275000.0
P02270,Delhi,Delhi-Mid-4,Mid,Carpet Area,1563.9,3,3,1,23,9.81,Unfurnished,West,2,1,4,1,13316000.0
P02271,Pune,Pune-Mid-1,Mid,Built-up Area,1889.9,3,3,1,21,14.66,Semi-Furnished,North-East,0,0,5,1,7479000.0
P02272,Bengaluru,Bengaluru-Mid-6,Mid,Super built-up Area,1536.8,3,3,3,13,9.43,Semi-Furnished,East,1,1,5,3,7654000.0
P02273,Bengaluru,Bengaluru-Emerging-8,Emerging,Built-up Area,1298.4,2,3,0,11,19.35,Semi-Furnished,South,2,1,0,1,3665000.0
P02274,Bengaluru,Bengaluru-Premium-1,Premium,Built-up Area,3211.5,5,5,2,1,3.27,Unfurnished,North,2,0,4,0,45436000.0
P02275,Delhi,Delhi-Mid-6,Mid,Plot Area,1666.5,3,4,3,6,6.97,Semi-Furnished,North,2,1,5,0,17813000.0
P02276,Pune,Pune-Emerging-7,Emerging,Super built-up Area,2179.5,3,4,0,4,16.65,Fully Furnished,East,0,1,2,2,7848000.0
P02277,Chennai,Chennai-Mid-2,Mid,Super built-up Area,3168.0,5,5,3,12,9.69,Semi-Furnished,South,0,0,1,2,14329000.0
P02278,Pune,Pune-Emerging-2,Emerging,Super built-up Area,1509.4,3,2,1,4,24.85,Fully Furnished,South-East,2,0,4,3,4033000.0
P02279,Mumbai,Mumbai-Emerging-8,Emerging,Built-up Area,1311.2,2,2,1,16,17.27,Unfurnished,South-East,0,1,3,1,7914000.0
P02280,Hyderabad,Hyderabad-Premium-4,Premium,Carpet Area,1403.3,3,4,3,3,5.79,Unfurnished,North-East,0,1,5,1,13618000.0
P02281,Bengaluru,Bengaluru-Premium-8,Premium,Built-up Area,1957.9,3,3,0,7,1.35,Semi-Furnished,South,0,1,2,0,21670000.0
P02282,Delhi,Delhi-Premium-4,Premium,Built-up Area,1620.7,3,4,2,10,4.96,Unfurnished,North-East,2,1,0,2,31682000.0
P02283,Delhi,Delhi-Mid-7,Mid,Built-up Area,2321.0,4,5,3,2,6.31,Unfurnished,East,2,1,1,3,25786000.0
P02284,Chennai,Chennai-Mid-3,Mid,Super built-up Area,1093.3,2,1,2,23,6.33,Semi-Furnished,North,1,1,3,2,5140000.0
P02285,Delhi,Delhi-Mid-6,Mid,Super built-up Area,874.6,2,2,0,14,13.92,Fully Furnished,North,2,1,0,1,6973000.0
P02286,Chennai,Chennai-Emerging-7,Emerging,Plot Area,1901.7,4,3,2,24,19.34,Unfurnished,North-East,0,1,5,2,3307000.0
P02287,Mumbai,Mumbai-Mid-5,Mid,Super built-up Area,1871.5,3,2,2,20,10.82,Fully Furnished,East,0,1,1,3,26602000.0
P02288,Mumbai,Mumbai-Mid-6,Mid,Super built-up Area,1946.5,3,4,2,5,6.24,Fully Furnished,East,0,1,3,2,37015000.0
P02289,Pune,Pune-Mid-6,Mid,Built-up Area,1135.4,2,1,1,19,7.99,Fully Furnished,South-East,0,1,5,3,5200000.0
P02290,Delhi,Delhi-Mid-3,Mid,Plot Area,1364.3,3,3,3,14,11.67,Fully Furnished,East,2,0,2,0,10498000.0
P02291,Pune,Pune-Premium-7,Premium,Plot Area,1861.1,3,3,1,5,5.37,Semi-Furnished,East,0,1,4,0,16431000.0
P02292,Mumbai,Mumbai-Mid-2,Mid,Plot Area,2369.9,5,4,0,16,9.51,Semi-Furnished,South-East,0,0,3,3,38720000.0
P02293,Hyderabad,Hyderabad-Emerging-3,Emerging,Super built-up Area,1143.7,2,1,1,11,14.55,Semi-Furnished,North,0,1,1,2,2924000.0
P02294,Chennai,Chennai-Emerging-6,Emerging,Plot Area,524.6,1,2,0,5,12.07,Unfurnished,North-East,0,1,4,3,1973000.0
P02295,Chennai,Chennai-Mid-1,Mid,Built-up Area,1019.3,2,3,0,9,11.12,Semi-Furnished,North-East,2,1,4,2,5338000.0
P02296,Mumbai,Mumbai-Mid-2,Mid,Plot Area,1670.7,3,3,3,18,13.37,Semi-Furnished,North,1,1,4,3,23914000.0
P02297,Delhi,Delhi-Mid-7,Mid,Super built-up Area,1795.4,3,3,1,8,7.01,Fully Furnished,West,0,1,3,1,18906000.0
P02298,Pune,Pune-Premium-2,Premium,Super built-up Area,516.8,1,1,1,0,0.15,Semi-Furnished,East,1,1,2,3,4679000.0
P02299,Bengaluru,Bengaluru-Emerging-2,Emerging,Plot Area,1783.1,3,2,0,12,19.74,Unfurnished,South,2,1,2,0,6366000.0
P02300,Mumbai,Mumbai-Mid-2,Mid,Super built-up Area,1035.0,2,2,0,14,11.71,Semi-Furnished,North,2,1,4,3,13399000.0
P02301,Delhi,Delhi-Mid-7,Mid,Super built-up Area,1363.1,3,4,2,3,7.22,Unfurnished,East,0,1,3,3,17300000.0
P02302,Hyderabad,Hyderabad-Emerging-4,Emerging,Carpet Area,921.0,2,3,0,5,15.08,Unfurnished,South,2,1,1,2,3195000.0
P02303,Bengaluru,Bengaluru-Mid-8,Mid,Super built-up Area,844.4,2,2,2,19,7.84,Unfurnished,North,0,1,3,3,4370000.0
P02304,Pune,Pune-Premium-4,Premium,Super built-up Area,434.9,1,1,0,9,5.88,Semi-Furnished,West,0,1,1,1,3918000.0
P02305,Delhi,Delhi-Emerging-5,Emerging,Super built-up Area,1011.1,2,1,2,14,26.33,Semi-Furnished,South,2,1,5,0,4434000.0
P02306,Bengaluru,Bengaluru-Emerging-8,Emerging,Super built-up Area,1482.9,3,3,3,16,24.12,Semi-Furnished,South-East,0,1,2,3,3830000.0
P02307,Bengaluru,Bengaluru-Mid-8,Mid,Super built-up Area,1010.3,2,1,0,9,5.85,Fully Furnished,West,2,1,2,2,5567000.0
P02308,Hyderabad,Hyderabad-Emerging-4,Emerging,Plot Area,2427.2,4,4,0,9,26.45,Unfurnished,North,0,1,5,0,7637000.0
P02309,Pune,Pune-Mid-1,Mid,Plot Area,460.6,1,2,0,5,12.57,Semi-Furnished,West,1,1,2,3,2927000.0
P02310,Hyderabad,Hyderabad-Mid-7,Mid,Super built-up Area,1195.5,2,3,2,21,5.95,Unfurnished,North-East,2,1,0,3,6190000.0
P02311,Chennai,Chennai-Mid-7,Mid,Carpet Area,1373.5,2,1,0,1,13.03,Semi-Furnished,West,2,0,2,0,7104000.0
P02312,Mumbai,Mumbai-Emerging-2,Emerging,Plot Area,590.7,1,1,0,2,24.29,Fully Furnished,East,2,0,0,3,4046000.0
P02313,Pune,Pune-Mid-7,Mid,Super built-up Area,1880.8,4,4,1,18,12.96,Fully Furnished,West,0,1,1,3,9734000.0
P02314,Mumbai,Mumbai-Mid-8,Mid,Built-up Area,3388.1,5,5,5,19,5.31,Unfurnished,South,0,1,4,2,45222000.0
P02315,Bengaluru,Bengaluru-Mid-2,Mid,Plot Area,1168.2,2,3,2,11,11.84,Unfurnished,North-East,0,1,3,2,7591000.0
P02316,Delhi,Delhi-Premium-7,Premium,Super built-up Area,2687.9,5,4,3,23,2.11,Fully Furnished,North,1,1,3,1,32498000.0
P02317,Mumbai,Mumbai-Premium-5,Premium,Super built-up Area,413.8,1,2,1,7,3.91,Semi-Furnished,North-East,1,1,0,3,11147000.0
P02318,Hyderabad,Hyderabad-Premium-8,Premium,Plot Area,1760.0,3,3,0,0,4.36,Semi-Furnished,South,0,1,3,2,16644000.0
P02319,Mumbai,Mumbai-Premium-3,Premium,Carpet Area,592.9,1,2,1,2,5.81,Semi-Furnished,South,0,0,1,2,16934000.0
P02320,Bengaluru,Bengaluru-Emerging-2,Emerging,Carpet Area,1083.0,3,4,1,16,19.38,Semi-Furnished,South,0,1,0,1,2740000.0
P02321,Delhi,Delhi-Mid-2,Mid,Super built-up Area,1342.5,2,1,1,20,9.21,Unfurnished,East,2,1,5,3,10605000.0
P02322,Delhi,Delhi-Emerging-8,Emerging,Built-up Area,1668.3,3,4,0,12,25.73,Fully Furnished,South,0,0,4,3,8419000.0
P02323,Chennai,Chennai-Premium-2,Premium,Built-up Area,3446.3,5,6,2,2,3.9,Semi-Furnished,North,1,1,2,3,32621000.0
P02324,Mumbai,Mumbai-Mid-5,Mid,Built-up Area,2183.3,3,2,3,18,14.2,Semi-Furnished,North-East,0,1,3,2,34761000.0
P02325,Bengaluru,Bengaluru-Premium-3,Premium,Super built-up Area,1631.2,3,3,2,18,0.68,Fully Furnished,South,0,1,0,0,14433000.0
P02326,Hyderabad,Hyderabad-Premium-6,Premium,Carpet Area,1662.5,4,3,0,18,0.91,Semi-Furnished,South-East,2,1,0,3,14218000.0
P02327,Bengaluru,Bengaluru-Mid-3,Mid,Plot Area,2167.0,3,4,2,15,6.51,Unfurnished,South,0,1,4,0,11793000.0
P02328,Chennai,Chennai-Emerging-4,Emerging,Carpet Area,1705.5,3,3,2,4,16.67,Semi-Furnished,North-East,0,1,1,0,4893000.0
P02329,Mumbai,Mumbai-Mid-2,Mid,Super built-up Area,2917.5,4,3,2,22,9.62,Unfurnished,East,2,0,0,0,37636000.0
P02330,Pune,Pune-Premium-8,Premium,Plot Area,2126.7,4,5,2,0,5.06,Fully Furnished,North-East,1,1,4,0,23969000.0
P02331,Delhi,Delhi-Mid-7,Mid,Built-up Area,1148.4,2,2,0,23,8.8,Semi-Furnished,East,0,0,3,3,8193000.0
P02332,Bengaluru,Bengaluru-Mid-2,Mid,Carpet Area,764.4,2,2,1,7,12.76,Fully Furnished,North,1,1,0,3,4501000.0
P02333,Chennai,Chennai-Mid-8,Mid,Carpet Area,1375.3,3,3,3,7,6.15,Unfurnished,East,2,1,2,3,7264000.0
P02334,Mumbai,Mumbai-Mid-5,Mid,Plot Area,1537.9,3,3,1,15,9.44,Semi-Furnished,West,0,1,2,1,19964000.0
P02335,Chennai,Chennai-Premium-4,Premium,Super built-up Area,573.7,1,1,0,23,1.5,Unfurnished,South,1,1,5,1,3717000.0
P02336,Hyderabad,Hyderabad-Mid-6,Mid,Carpet Area,1708.6,3,3,2,20,9.34,Fully Furnished,South-East,0,1,4,1,8090000.0
P02337,Pune,Pune-Emerging-6,Emerging,Carpet Area,1451.2,3,4,0,10,17.2,Semi-Furnished,West,1,1,5,2,3745000.0
P02338,Mumbai,Mumbai-Mid-1,Mid,Carpet Area,2328.6,4,3,0,18,13.61,Unfurnished,South-East,1,0,4,1,28682000.0
P02339,Hyderabad,Hyderabad-Mid-1,Mid,Super built-up Area,1754.4,3,2,3,17,6.58,Semi-Furnished,North-East,2,0,4,1,8241000.0
P02340,Bengaluru,Bengaluru-Mid-3,Mid,Built-up Area,1002.4,2,1,1,18,5.87,Fully Furnished,North-East,0,0,1,2,6425000.0
P02341,Bengaluru,Bengaluru-Premium-2,Premium,Plot Area,1286.3,2,1,0,17,3.68,Semi-Furnished,South,0,1,3,1,10492000.0
P02342,Delhi,Delhi-Mid-8,Mid,Plot Area,2052.0,3,4,3,12,13.64,Semi-Furnished,East,1,0,2,2,15899000.0
P02343,Mumbai,Mumbai-Emerging-6,Emerging,Super built-up Area,1555.7,3,4,2,11,23.19,Fully Furnished,West,2,0,2,0,14559000.0
P02344,Hyderabad,Hyderabad-Mid-4,Mid,Built-up Area,1561.0,3,2,0,7,12.18,Semi-Furnished,West,2,0,2,0,7867000.0
P02345,Hyderabad,Hyderabad-Mid-4,Mid,Built-up Area,1534.1,4,4,3,23,9.06,Unfurnished,South-East,1,0,5,0,7978000.0
P02346,Delhi,Delhi-Mid-1,Mid,Plot Area,1700.0,3,2,3,15,5.3,Unfurnished,East,2,1,1,0,15403000.0
P02347,Delhi,Delhi-Premium-2,Premium,Built-up Area,1155.7,2,2,0,24,5.58,Semi-Furnished,East,0,1,0,3,15061000.0
P02348,Chennai,Chennai-Mid-7,Mid,Carpet Area,2032.7,3,4,0,7,5.42,Unfurnished,South,2,1,3,3,10746000.0
P02349,Chennai,Chennai-Premium-2,Premium,Built-up Area,1134.7,3,3,1,3,0.57,Semi-Furnished,South,1,1,2,2,11994000.0
P02350,Hyderabad,Hyderabad-Mid-1,Mid,Carpet Area,2071.4,3,3,3,11,14.29,Unfurnished,North,2,0,5,0,11489000.0
P02351,Bengaluru,Bengaluru-Emerging-5,Emerging,Plot Area,979.1,2,3,1,14,12.97,Fully Furnished,North-East,0,0,0,1,3437000.0
P02352,Mumbai,Mumbai-Premium-6,Premium,Super built-up Area,1834.8,3,4,2,2,5.64,Fully Furnished,West,0,0,3,1,50664000.0
P02353,Mumbai,Mumbai-Emerging-5,Emerging,Super built-up Area,453.8,1,2,1,19,12.35,Fully Furnished,North,2,1,1,3,3151000.0
P02354,Delhi,Delhi-Mid-7,Mid,Built-up Area,1133.6,2,2,2,8,7.66,Fully Furnished,North-East,2,1,0,2,11189000.0
P02355,Pune,Pune-Mid-1,Mid,Plot Area,2109.0,4,3,1,23,12.05,Fully Furnished,East,0,1,3,0,8644000.0
P02356,Mumbai,Mumbai-Premium-7,Premium,Carpet Area,996.1,2,1,2,4,3.88,Semi-Furnished,East,0,1,0,0,27606000.0
P02357,Bengaluru,Bengaluru-Mid-6,Mid,Built-up Area,1721.9,3,2,1,12,15.0,Semi-Furnished,North-East,0,0,3,0,7830000.0
P02358,Chennai,Chennai-Mid-7,Mid,Built-up Area,968.8,2,1,1,13,10.85,Fully Furnished,North,1,1,1,0,5040000.0
P02359,Hyderabad,Hyderabad-Mid-2,Mid,Super built-up Area,1004.0,2,3,2,16,6.58,Unfurnished,North-East,0,1,1,1,4849000.0
P02360,Chennai,Chennai-Mid-4,Mid,Plot Area,1061.6,2,3,1,9,14.06,Unfurnished,North-East,2,1,5,1,5740000.0
P02361,Chennai,Chennai-Mid-6,Mid,Super built-up Area,549.5,1,1,0,6,11.23,Unfurnished,North-East,2,1,4,1,2973000.0
P02362,Delhi,Delhi-Premium-5,Premium,Plot Area,980.5,2,3,1,11,5.33,Semi-Furnished,North,1,1,1,3,15512000.0
P02363,Hyderabad,Hyderabad-Premium-1,Premium,Super built-up Area,1158.2,2,3,1,16,3.65,Semi-Furnished,West,2,1,3,2,10718000.0
P02364,Bengaluru,Bengaluru-Emerging-6,Emerging,Plot Area,2535.0,4,3,4,12,17.93,Semi-Furnished,South,0,1,0,3,8697000.0
P02365,Bengaluru,Bengaluru-Mid-8,Mid,Carpet Area,966.3,2,1,1,12,7.97,Unfurnished,North,1,1,5,3,6452000.0
P02366,Chennai,Chennai-Emerging-5,Emerging,Super built-up Area,600.0,1,1,0,17,16.74,Unfurnished,South-East,1,0,5,3,1577000.0
P02367,Delhi,Delhi-Premium-2,Premium,Carpet Area,1030.8,2,2,0,8,2.41,Unfurnished,South,0,1,2,2,19704000.0
P02368,Mumbai,Mumbai-Emerging-4,Emerging,Built-up Area,1711.7,3,3,1,18,16.0,Unfurnished,East,2,1,5,0,14815000.0
P02369,Chennai,Chennai-Mid-5,Mid,Super built-up Area,1158.0,2,1,2,18,7.34,Fully Furnished,South-East,0,1,1,3,4723000.0
P02370,Delhi,Delhi-Mid-3,Mid,Built-up Area,340.3,1,2,1,23,13.21,Fully Furnished,North,0,0,2,3,2889000.0
P02371,Delhi,Delhi-Mid-5,Mid,Built-up Area,1886.5,4,3,2,11,6.13,Fully Furnished,South,2,1,0,2,17941000.0
P02372,Chennai,Chennai-Mid-5,Mid,Built-up Area,2552.0,4,3,4,3,14.77,Unfurnished,West,2,0,0,0,15339000.0
P02373,Mumbai,Mumbai-Mid-4,Mid,Super built-up Area,1185.1,2,3,2,11,11.22,Fully Furnished,South,2,1,4,0,17573000.0
P02374,Delhi,Delhi-Mid-3,Mid,Plot Area,539.6,1,1,0,10,14.33,Semi-Furnished,East,1,0,2,1,4699000.0
P02375,Mumbai,Mumbai-Emerging-3,Emerging,Super built-up Area,1508.4,3,3,1,2,24.08,Semi-Furnished,East,1,1,3,3,11162000.0
P02376,Hyderabad,Hyderabad-Emerging-6,Emerging,Super built-up Area,953.7,2,3,1,15,15.51,Unfurnished,South,0,1,1,2,3427000.0
P02377,Hyderabad,Hyderabad-Emerging-2,Emerging,Carpet Area,589.5,1,1,0,24,26.69,Semi-Furnished,South-East,0,0,1,2,1348000.0
P02378,Chennai,Chennai-Mid-7,Mid,Built-up Area,1095.4,2,2,1,10,14.56,Unfurnished,West,2,1,4,0,4369000.0
P02379,Hyderabad,Hyderabad-Mid-1,Mid,Carpet Area,1207.7,3,4,2,17,6.22,Semi-Furnished,North,2,1,0,2,6818000.0
P02380,Hyderabad,Hyderabad-Premium-7,Premium,Carpet Area,1617.9,3,2,1,4,0.24,Unfurnished,South-East,1,1,4,1,16583000.0
P02381,Pune,Pune-Emerging-1,Emerging,Super built-up Area,1961.2,4,3,1,16,23.76,Fully Furnished,North-East,2,1,4,2,5319000.0
P02382,Delhi,Delhi-Mid-4,Mid,Built-up Area,1188.7,2,3,0,17,12.26,Unfurnished,South,2,1,3,1,9976000.0
P02383,Mumbai,Mumbai-Premium-2,Premium,Built-up Area,1267.3,2,2,2,4,0.94,Semi-Furnished,North,1,1,4,0,29201000.0
P02384,Bengaluru,Bengaluru-Emerging-4,Emerging,Plot Area,2099.9,3,2,1,9,23.05,Unfurnished,South-East,0,1,1,1,7113000.0
P02385,Bengaluru,Bengaluru-Mid-6,Mid,Super built-up Area,1650.0,3,3,0,9,12.79,Unfurnished,South-East,1,0,0,3,8349000.0
P02386,Mumbai,Mumbai-Mid-1,Mid,Built-up Area,712.3,1,1,0,20,14.43,Unfurnished,North,0,1,5,2,7479000.0
P02387,Pune,Pune-Mid-8,Mid,Plot Area,1056.7,3,2,2,14,12.9,Semi-Furnished,North-East,2,1,5,1,4339000.0
P02388,Hyderabad,Hyderabad-Emerging-7,Emerging,Carpet Area,622.2,1,1,1,23,14.73,Semi-Furnished,East,2,1,3,3,1248000.0
P02389,Hyderabad,Hyderabad-Mid-5,Mid,Super built-up Area,2374.9,5,6,1,3,11.06,Unfurnished,South-East,1,1,2,3,11831000.0
P02390,Pune,Pune-Emerging-5,Emerging,Built-up Area,1534.0,3,3,0,9,20.75,Unfurnished,West,1,1,5,3,4955000.0
P02391,Pune,Pune-Mid-8,Mid,Plot Area,1191.4,2,2,2,0,14.37,Unfurnished,South,2,0,2,2,6098000.0
P02392,Chennai,Chennai-Premium-6,Premium,Plot Area,1196.3,2,1,0,16,4.19,Unfurnished,South,1,0,2,1,7863000.0
P02393,Bengaluru,Bengaluru-Emerging-1,Emerging,Plot Area,1101.1,2,1,2,2,12.0,Unfurnished,North,1,1,3,3,4353000.0
P02394,Hyderabad,Hyderabad-Mid-1,Mid,Plot Area,1864.6,4,4,3,13,10.1,Unfurnished,North-East,1,1,0,0,11427000.0
P02395,Mumbai,Mumbai-Mid-2,Mid,Super built-up Area,1343.3,2,3,1,8,5.14,Semi-Furnished,South-East,2,1,1,2,24108000.0
P02396,Pune,Pune-Premium-8,Premium,Built-up Area,2341.1,4,5,4,16,5.03,Unfurnished,South-East,1,1,4,0,21459000.0
P02397,Bengaluru,Bengaluru-Emerging-6,Emerging,Built-up Area,1954.7,3,3,1,1,24.34,Unfurnished,South-East,0,1,2,0,7583000.0
P02398,Mumbai,Mumbai-Emerging-5,Emerging,Super built-up Area,2224.1,5,4,3,7,18.26,Unfurnished,South,0,0,5,1,16437000.0
P02399,Pune,Pune-Mid-2,Mid,Built-up Area,1831.4,4,3,4,3,10.05,Unfurnished,North,1,1,3,3,10933000.0
P02400,Mumbai,Mumbai-Emerging-3,Emerging,Built-up Area,2310.2,4,4,1,19,16.39,Semi-Furnished,East,2,1,0,0,16719000.0
P02401,Mumbai,Mumbai-Mid-1,Mid,Built-up Area,2672.7,5,4,5,3,10.61,Unfurnished,South,2,0,5,3,55553000.0
P02402,Mumbai,Mumbai-Emerging-7,Emerging,Carpet Area,2310.0,3,2,0,21,17.75,Semi-Furnished,South-East,0,1,2,0,17054000.0
P02403,Mumbai,Mumbai-Mid-1,Mid,Super built-up Area,3260.8,5,6,4,20,7.24,Semi-Furnished,North,0,1,4,0,47497000.0
P02404,Pune,Pune-Mid-7,Mid,Plot Area,1406.4,2,1,1,9,7.86,Unfurnished,West,0,1,1,2,9543000.0
P02405,Mumbai,Mumbai-Premium-8,Premium,Built-up Area,1955.8,4,4,2,15,1.08,Semi-Furnished,South,0,1,1,1,46015000.0
P02406,Mumbai,Mumbai-Emerging-6,Emerging,Plot Area,676.1,1,1,1,20,19.41,Fully Furnished,West,2,1,3,2,5471000.0
P02407,Bengaluru,Bengaluru-Mid-4,Mid,Built-up Area,1633.3,3,2,3,19,7.46,Semi-Furnished,West,0,1,3,0,8471000.0
P02408,Hyderabad,Hyderabad-Emerging-2,Emerging,Plot Area,1778.1,3,4,2,12,17.38,Unfurnished,South-East,2,1,4,0,5606000.0
P02409,Pune,Pune-Emerging-2,Emerging,Built-up Area,528.4,1,1,0,8,13.76,Fully Furnished,West,1,1,0,0,1711000.0
P02410,Mumbai,Mumbai-Emerging-6,Emerging,Super built-up Area,1104.2,2,1,0,11,17.54,Unfurnished,South,0,1,1,2,9714000.0
P02411,Chennai,Chennai-Mid-6,Mid,Built-up Area,1287.2,3,4,3,20,11.53,Unfurnished,North,2,0,3,2,4657000.0
P02412,Pune,Pune-Premium-6,Premium,Super built-up Area,2413.2,4,4,0,14,3.38,Semi-Furnished,North,2,1,4,2,18733000.0
P02413,Hyderabad,Hyderabad-Premium-5,Premium,Plot Area,1131.0,2,2,1,9,3.01,Semi-Furnished,West,0,0,5,2,11432000.0
P02414,Bengaluru,Bengaluru-Mid-5,Mid,Super built-up Area,715.3,2,2,1,7,12.62,Unfurnished,North,1,1,4,2,3892000.0
P02415,Hyderabad,Hyderabad-Mid-5,Mid,Plot Area,2154.4,5,6,4,0,11.59,Unfurnished,North-East,0,0,5,0,15717000.0
P02416,Bengaluru,Bengaluru-Emerging-5,Emerging,Carpet Area,1106.4,3,4,1,4,21.16,Unfurnished,North,1,1,2,2,3824000.0
P02417,Delhi,Delhi-Premium-7,Premium,Built-up Area,1306.9,2,1,1,7,0.43,Fully Furnished,East,2,1,1,3,24414000.0
P02418,Delhi,Delhi-Premium-7,Premium,Built-up Area,894.1,2,3,2,22,4.79,Semi-Furnished,South-East,1,1,3,2,9903000.0
P02419,Pune,Pune-Premium-6,Premium,Super built-up Area,1024.4,2,2,2,16,3.42,Semi-Furnished,North,1,1,5,0,10741000.0
P02420,Chennai,Chennai-Mid-3,Mid,Super built-up Area,1352.3,2,1,1,15,8.01,Unfurnished,West,1,1,0,1,5338000.0
P02421,Mumbai,Mumbai-Mid-7,Mid,Built-up Area,1521.5,3,2,1,17,14.21,Unfurnished,North-East,1,1,0,1,17482000.0
P02422,Mumbai,Mumbai-Mid-8,Mid,Carpet Area,988.2,2,1,0,2,10.78,Unfurnished,South-East,0,1,5,0,15162000.0
P02423,Bengaluru,Bengaluru-Emerging-1,Emerging,Carpet Area,1861.3,3,4,0,21,18.63,Unfurnished,South-East,2,1,1,3,4958000.0
P02424,Mumbai,Mumbai-Premium-1,Premium,Carpet Area,603.3,1,2,1,1,3.17,Semi-Furnished,North-East,2,1,3,1,15851000.0
P02425,Bengaluru,Bengaluru-Premium-3,Premium,Super built-up Area,1395.5,3,2,0,11,0.41,Fully Furnished,South-East,1,1,4,2,13879000.0
P02426,Delhi,Delhi-Mid-6,Mid,Carpet Area,1098.1,2,1,0,4,5.42,Unfurnished,East,2,1,1,1,10357000.0
P02427,Pune,Pune-Premium-7,Premium,Super built-up Area,433.7,1,1,1,3,3.83,Unfurnished,South,0,1,0,1,4512000.0
P02428,Chennai,Chennai-Premium-4,Premium,Plot Area,1150.2,2,2,1,24,3.3,Unfurnished,North,2,1,2,2,7679000.0
P02429,Hyderabad,Hyderabad-Mid-5,Mid,Super built-up Area,1714.5,3,4,0,18,6.89,Fully Furnished,North-East,1,1,4,3,10325000.0
P02430,Chennai,Chennai-Emerging-2,Emerging,Carpet Area,852.8,2,1,0,20,25.18,Semi-Furnished,East,1,1,1,3,2184000.0
P02431,Delhi,Delhi-Mid-4,Mid,Super built-up Area,2104.3,5,5,1,13,10.93,Unfurnished,East,0,0,3,1,19352000.0
P02432,Pune,Pune-Premium-5,Premium,Carpet Area,2394.4,4,5,1,23,5.35,Unfurnished,North-East,0,1,1,2,18025000.0
P02433,Bengaluru,Bengaluru-Emerging-5,Emerging,Super built-up Area,879.7,2,1,2,4,14.56,Unfurnished,West,2,1,5,3,3656000.0
P02434,Hyderabad,Hyderabad-Mid-2,Mid,Built-up Area,1268.8,2,3,1,12,5.15,Unfurnished,South,0,0,3,0,6939000.0
P02435,Hyderabad,Hyderabad-Premium-8,Premium,Carpet Area,2536.3,5,6,1,16,1.7,Semi-Furnished,North,2,1,2,2,23556000.0
P02436,Chennai,Chennai-Mid-7,Mid,Plot Area,921.0,2,3,0,4,6.48,Semi-Furnished,South,2,0,5,0,5748000.0
P02437,Hyderabad,Hyderabad-Mid-3,Mid,Super built-up Area,1152.1,2,1,0,21,7.6,Unfurnished,North-East,0,0,2,2,4686000.0
P02438,Delhi,Delhi-Emerging-8,Emerging,Plot Area,1549.0,3,2,2,12,22.82,Unfurnished,West,2,0,3,3,6344000.0
P02439,Pune,Pune-Mid-3,Mid,Carpet Area,1516.8,3,3,2,2,8.09,Semi-Furnished,South,2,1,4,1,8624000.0
P02440,Mumbai,Mumbai-Emerging-6,Emerging,Carpet Area,1090.4,2,1,0,4,14.69,Unfurnished,South-East,0,1,1,3,9425000.0
P02441,Bengaluru,Bengaluru-Mid-8,Mid,Carpet Area,1206.2,3,2,0,11,6.66,Semi-Furnished,East,0,1,3,0,6477000.0
P02442,Mumbai,Mumbai-Premium-8,Premium,Built-up Area,1201.1,2,3,2,10,3.75,Fully Furnished,North-East,0,1,2,3,35182000.0
P02443,Pune,Pune-Emerging-8,Emerging,Carpet Area,1453.8,3,3,3,22,13.56,Unfurnished,North,1,1,4,2,4159000.0
P02444,Delhi,Delhi-Mid-1,Mid,Plot Area,1638.5,3,4,1,10,12.12,Fully Furnished,East,0,1,2,3,16045000.0
P02445,Hyderabad,Hyderabad-Premium-7,Premium,Built-up Area,2098.6,4,4,3,12,5.57,Semi-Furnished,South-East,2,1,0,1,19517000.0
P02446,Mumbai,Mumbai-Emerging-2,Emerging,Super built-up Area,1003.7,2,3,0,8,15.17,Unfurnished,West,0,1,4,3,7528000.0
P02447,Delhi,Delhi-Premium-1,Premium,Carpet Area,1618.4,3,4,0,13,3.47,Semi-Furnished,North-East,0,1,3,2,28510000.0
P02448,Chennai,Chennai-Mid-1,Mid,Carpet Area,1165.1,2,1,2,23,11.01,Unfurnished,North-East,1,0,1,3,5757000.0
P02449,Pune,Pune-Emerging-8,Emerging,Plot Area,1224.5,2,1,1,14,13.08,Unfurnished,North-East,1,1,5,2,3661000.0
P02450,Hyderabad,Hyderabad-Premium-6,Premium,Carpet Area,1487.0,3,4,3,22,3.13,Unfurnished,South-East,0,1,5,3,9481000.0
P02451,Chennai,Chennai-Emerging-2,Emerging,Plot Area,1602.5,3,4,1,14,16.43,Unfurnished,North-East,0,1,0,0,3917000.0
P02452,Bengaluru,Bengaluru-Premium-4,Premium,Carpet Area,1011.6,2,3,2,1,5.24,Unfurnished,North-East,2,0,4,2,11528000.0
P02453,Bengaluru,Bengaluru-Premium-5,Premium,Carpet Area,928.5,2,1,1,19,4.8,Unfurnished,South,1,1,3,3,7866000.0
P02454,Mumbai,Mumbai-Premium-3,Premium,Built-up Area,1100.2,2,2,0,20,2.56,Fully Furnished,North-East,1,1,4,0,26662000.0
P02455,Pune,Pune-Premium-1,Premium,Carpet Area,1869.4,3,4,1,22,3.03,Unfurnished,North,0,0,5,2,13863000.0
P02456,Hyderabad,Hyderabad-Emerging-3,Emerging,Carpet Area,1082.5,2,1,1,21,12.36,Unfurnished,North-East,2,1,2,1,2667000.0
P02457,Mumbai,Mumbai-Emerging-8,Emerging,Super built-up Area,2131.6,4,3,1,10,26.43,Semi-Furnished,North,2,1,2,0,21401000.0
P02458,Chennai,Chennai-Mid-1,Mid,Carpet Area,1965.5,4,4,3,22,14.44,Fully Furnished,West,1,1,2,0,9048000.0
P02459,Hyderabad,Hyderabad-Premium-4,Premium,Carpet Area,2149.3,4,3,4,13,4.55,Unfurnished,East,2,0,2,1,19885000.0
P02460,Chennai,Chennai-Premium-3,Premium,Plot Area,1788.9,3,4,1,1,3.81,Unfurnished,North,1,1,3,3,15547000.0
P02461,Pune,Pune-Emerging-3,Emerging,Built-up Area,1085.0,2,3,0,11,14.04,Semi-Furnished,South-East,2,1,5,1,3634000.0
P02462,Bengaluru,Bengaluru-Premium-6,Premium,Super built-up Area,944.7,2,3,2,24,0.63,Unfurnished,West,0,1,0,0,6761000.0
P02463,Bengaluru,Bengaluru-Mid-7,Mid,Super built-up Area,1717.1,3,3,3,1,9.39,Semi-Furnished,North-East,1,1,1,1,10707000.0
P02464,Hyderabad,Hyderabad-Mid-4,Mid,Plot Area,1816.2,4,4,1,0,7.25,Unfurnished,North,2,1,5,0,12423000.0
P02465,Delhi,Delhi-Emerging-8,Emerging,Carpet Area,2142.2,3,3,2,11,25.1,Fully Furnished,East,0,0,0,1,11028000.0
P02466,Chennai,Chennai-Premium-2,Premium,Super built-up Area,1670.8,3,2,3,16,3.69,Semi-Furnished,North-East,2,1,5,2,12749000.0
P02467,Bengaluru,Bengaluru-Mid-2,Mid,Built-up Area,541.9,1,1,1,8,11.31,Fully Furnished,South-East,1,1,0,2,2784000.0
P02468,Delhi,Delhi-Mid-2,Mid,Built-up Area,678.8,1,1,0,17,7.61,Fully Furnished,South-East,0,1,0,1,5781000.0
P02469,Chennai,Chennai-Emerging-5,Emerging,Carpet Area,1313.3,3,3,3,2,12.57,Semi-Furnished,North,0,1,5,2,4079000.0
P02470,Delhi,Delhi-Emerging-8,Emerging,Plot Area,1981.1,4,3,0,24,26.67,Unfurnished,South,0,1,4,1,9343000.0
P02471,Chennai,Chennai-Emerging-3,Emerging,Super built-up Area,617.6,1,1,0,18,14.95,Semi-Furnished,West,2,1,5,2,1549000.0
P02472,Hyderabad,Hyderabad-Mid-6,Mid,Plot Area,1156.8,2,1,1,8,13.28,Semi-Furnished,East,2,1,3,3,5562000.0
P02473,Delhi,Delhi-Premium-7,Premium,Super built-up Area,1045.4,2,2,0,10,0.33,Semi-Furnished,North,0,1,1,1,17187000.0
P02474,Pune,Pune-Mid-6,Mid,Plot Area,3324.4,5,6,3,14,9.42,Fully Furnished,West,1,1,3,1,19943000.0
P02475,Mumbai,Mumbai-Emerging-1,Emerging,Plot Area,1505.6,4,5,2,1,22.21,Semi-Furnished,North-East,0,1,4,3,13563000.0
P02476,Hyderabad,Hyderabad-Mid-6,Mid,Plot Area,907.2,2,3,0,23,13.6,Fully Furnished,South-East,2,0,0,3,2896000.0
P02477,Hyderabad,Hyderabad-Mid-5,Mid,Built-up Area,550.3,1,2,0,20,13.07,Semi-Furnished,West,0,1,1,0,2146000.0
P02478,Chennai,Chennai-Mid-7,Mid,Plot Area,2097.3,3,2,1,10,5.92,Unfurnished,North-East,0,1,3,3,8518000.0
P02479,Mumbai,Mumbai-Mid-5,Mid,Carpet Area,1229.9,2,3,0,1,11.65,Semi-Furnished,South,2,1,0,0,17148000.0
P02480,Pune,Pune-Premium-5,Premium,Carpet Area,1306.2,2,3,2,22,0.46,Unfurnished,West,0,0,0,0,10398000.0
P02481,Delhi,Delhi-Mid-2,Mid,Super built-up Area,522.4,1,2,0,3,13.92,Unfurnished,North-East,1,1,3,1,5246000.0
P02482,Mumbai,Mumbai-Mid-6,Mid,Super built-up Area,1376.8,3,3,2,17,12.01,Fully Furnished,North,2,1,1,0,19145000.0
P02483,Hyderabad,Hyderabad-Mid-6,Mid,Built-up Area,943.3,2,2,1,4,8.89,Semi-Furnished,North-East,0,1,2,0,4975000.0
P02484,Bengaluru,Bengaluru-Mid-7,Mid,Super built-up Area,1840.0,3,4,1,1,9.4,Unfurnished,North,0,1,5,2,12440000.0
P02485,Mumbai,Mumbai-Premium-1,Premium,Super built-up Area,1648.0,3,4,2,24,5.16,Semi-Furnished,East,1,0,5,0,36150000.0
P02486,Delhi,Delhi-Mid-6,Mid,Plot Area,1542.5,3,4,1,13,10.51,Semi-Furnished,East,2,1,1,2,13453000.0
P02487,Mumbai,Mumbai-Premium-2,Premium,Super built-up Area,1599.0,3,3,1,20,1.35,Unfurnished,South,0,1,4,1,39791000.0
P02488,Pune,Pune-Emerging-8,Emerging,Plot Area,1136.1,2,2,2,24,15.26,Fully Furnished,North,1,1,2,2,2411000.0
P02489,Mumbai,Mumbai-Mid-7,Mid,Carpet Area,1373.2,2,1,1,10,14.48,Semi-Furnished,North-East,1,1,2,1,17178000.0
P02490,Delhi,Delhi-Mid-8,Mid,Plot Area,1570.4,3,3,1,11,13.57,Unfurnished,North-East,0,1,2,1,13744000.0
P02491,Chennai,Chennai-Mid-7,Mid,Super built-up Area,2497.3,4,3,3,2,5.72,Semi-Furnished,East,2,1,3,2,12918000.0
P02492,Hyderabad,Hyderabad-Emerging-7,Emerging,Built-up Area,1706.7,4,5,2,10,13.73,Fully Furnished,South-East,0,1,4,0,6035000.0
P02493,Chennai,Chennai-Mid-7,Mid,Carpet Area,1772.2,3,2,1,16,7.59,Semi-Furnished,North-East,2,1,2,1,9205000.0
P02494,Pune,Pune-Mid-8,Mid,Super built-up Area,1639.0,3,2,0,21,5.73,Unfurnished,East,2,1,2,1,7920000.0
P02495,Bengaluru,Bengaluru-Mid-2,Mid,Plot Area,983.9,2,1,2,6,12.23,Semi-Furnished,South-East,2,0,4,2,5435000.0
P02496,Bengaluru,Bengaluru-Emerging-4,Emerging,Built-up Area,2179.8,3,4,0,14,24.2,Unfurnished,North-East,0,1,5,2,5847000.0
P02497,Chennai,Chennai-Mid-7,Mid,Plot Area,2210.7,4,3,1,11,10.8,Semi-Furnished,North,0,1,5,3,9352000.0
P02498,Mumbai,Mumbai-Mid-1,Mid,Plot Area,2217.2,4,3,3,7,12.93,Semi-Furnished,East,0,1,0,0,37842000.0
P02499,Pune,Pune-Premium-8,Premium,Carpet Area,649.3,1,1,0,17,4.73,Semi-Furnished,West,1,1,4,0,4947000.0
P02500,Bengaluru,Bengaluru-Mid-7,Mid,Built-up Area,1410.3,3,4,2,18,11.09,Semi-Furnished,North-East,0,1,2,3,6566000.0
P02501,Bengaluru,Bengaluru-Mid-4,Mid,Plot Area,1577.4,3,2,0,19,9.38,Semi-Furnished,West,0,1,1,1,7392000.0
P02502,Pune,Pune-Mid-1,Mid,Super built-up Area,2880.8,5,5,3,6,12.3,Semi-Furnished,West,0,1,4,1,16683000.0
P02503,Bengaluru,Bengaluru-Emerging-4,Emerging,Plot Area,2391.4,4,5,0,19,13.38,Fully Furnished,South-East,2,1,5,3,6111000.0
P02504,Mumbai,Mumbai-Mid-7,Mid,Plot Area,994.4,2,2,1,11,7.77,Fully Furnished,South,0,1,1,3,14547000.0
P02505,Pune,Pune-Mid-6,Mid,Super built-up Area,1243.2,3,4,0,19,6.07,Unfurnished,East,2,1,4,2,5057000.0
P02506,Delhi,Delhi-Mid-1,Mid,Super built-up Area,652.9,1,1,0,9,11.12,Unfurnished,West,0,1,1,1,6896000.0
P02507,Delhi,Delhi-Emerging-3,Emerging,Super built-up Area,1668.8,3,3,1,0,15.69,Fully Furnished,West,2,1,2,3,8591000.0
P02508,Hyderabad,Hyderabad-Mid-4,Mid,Carpet Area,1044.7,2,2,0,20,6.24,Semi-Furnished,West,2,1,3,0,5917000.0
P02509,Bengaluru,Bengaluru-Mid-5,Mid,Carpet Area,1128.2,2,3,0,17,6.71,Fully Furnished,North,0,1,1,2,6253000.0
P02510,Mumbai,Mumbai-Premium-2,Premium,Built-up Area,1979.0,4,3,2,13,0.48,Semi-Furnished,North,1,1,5,2,43730000.0
P02511,Hyderabad,Hyderabad-Mid-6,Mid,Built-up Area,570.9,1,1,0,24,11.88,Unfurnished,North,2,1,3,3,2605000.0
P02512,Chennai,Chennai-Emerging-3,Emerging,Built-up Area,2312.8,4,4,1,17,12.56,Unfurnished,North,0,0,3,1,6588000.0
P02513,Mumbai,Mumbai-Premium-5,Premium,Built-up Area,1150.4,2,1,2,22,5.9,Fully Furnished,North,2,1,4,0,21924000.0
P02514,Mumbai,Mumbai-Mid-4,Mid,Carpet Area,929.0,2,2,0,4,5.74,Fully Furnished,North-East,2,1,4,0,18970000.0
P02515,Delhi,Delhi-Emerging-1,Emerging,Plot Area,856.1,2,3,1,11,26.32,Unfurnished,South-East,1,1,0,2,4625000.0
P02516,Pune,Pune-Mid-8,Mid,Super built-up Area,1027.6,2,1,0,13,10.51,Semi-Furnished,East,1,1,2,1,5402000.0
P02517,Chennai,Chennai-Mid-6,Mid,Plot Area,2491.5,5,5,4,19,5.39,Unfurnished,West,0,1,0,1,12349000.0
P02518,Mumbai,Mumbai-Emerging-2,Emerging,Super built-up Area,2109.3,5,5,1,13,20.94,Fully Furnished,East,2,0,3,1,13794000.0
P02519,Bengaluru,Bengaluru-Mid-7,Mid,Carpet Area,410.2,1,1,0,19,8.52,Semi-Furnished,South-East,2,1,1,3,2682000.0
P02520,Delhi,Delhi-Premium-6,Premium,Super built-up Area,1620.5,3,2,1,9,1.76,Semi-Furnished,North,1,1,1,0,28264000.0
P02521,Delhi,Delhi-Emerging-3,Emerging,Built-up Area,1833.8,3,2,3,17,18.13,Semi-Furnished,North-East,1,1,2,0,8503000.0
P02522,Bengaluru,Bengaluru-Emerging-8,Emerging,Plot Area,2420.5,4,5,3,18,12.37,Unfurnished,North-East,2,1,4,3,6508000.0
P02523,Hyderabad,Hyderabad-Emerging-4,Emerging,Built-up Area,1261.6,2,1,0,14,24.79,Unfurnished,North,2,1,4,0,3539000.0
P02524,Bengaluru,Bengaluru-Mid-6,Mid,Super built-up Area,542.2,1,1,1,11,9.54,Unfurnished,North,0,1,2,0,3001000.0
P02525,Pune,Pune-Emerging-8,Emerging,Built-up Area,1167.5,2,1,0,17,27.69,Semi-Furnished,South-East,0,1,4,3,2771000.0
P02526,Mumbai,Mumbai-Premium-1,Premium,Carpet Area,1082.8,2,1,1,7,5.87,Unfurnished,West,0,1,1,1,24382000.0
P02527,Chennai,Chennai-Mid-8,Mid,Carpet Area,1727.5,3,3,3,19,9.9,Fully Furnished,South-East,0,1,1,2,6779000.0
P02528,Delhi,Delhi-Premium-8,Premium,Carpet Area,1277.4,3,2,0,13,4.24,Fully Furnished,North,1,1,5,0,21769000.0
P02529,Mumbai,Mumbai-Mid-7,Mid,Plot Area,1545.8,3,3,2,2,10.21,Semi-Furnished,North,2,1,3,0,27960000.0
P02530,Pune,Pune-Emerging-3,Emerging,Carpet Area,2344.9,4,5,1,16,26.97,Semi-Furnished,South-East,1,0,5,0,6683000.0
P02531,Mumbai,Mumbai-Premium-2,Premium,Carpet Area,1844.4,3,4,3,18,4.09,Semi-Furnished,South-East,0,1,3,0,45696000.0
P02532,Pune,Pune-Emerging-1,Emerging,Built-up Area,1210.1,2,1,2,5,27.21,Fully Furnished,South,2,0,5,1,2875000.0
P02533,Bengaluru,Bengaluru-Premium-4,Premium,Plot Area,1104.3,2,1,2,18,4.86,Semi-Furnished,South,0,1,3,3,9917000.0
P02534,Delhi,Delhi-Mid-3,Mid,Built-up Area,381.8,1,2,1,12,12.88,Semi-Furnished,North,0,1,2,1,3357000.0
P02535,Pune,Pune-Emerging-3,Emerging,Plot Area,2122.2,4,5,3,8,13.59,Fully Furnished,North-East,2,1,1,3,8645000.0
P02536,Bengaluru,Bengaluru-Mid-8,Mid,Carpet Area,1211.8,2,2,0,3,14.72,Semi-Furnished,East,1,1,5,1,8322000.0
P02537,Pune,Pune-Emerging-8,Emerging,Plot Area,2404.1,4,3,2,23,26.32,Fully Furnished,North,1,1,2,3,5108000.0
P02538,Bengaluru,Bengaluru-Emerging-6,Emerging,Plot Area,1054.4,2,2,1,0,12.42,Semi-Furnished,North,0,0,4,1,4249000.0
P02539,Delhi,Delhi-Mid-4,Mid,Super built-up Area,1651.6,3,2,0,21,7.44,Unfurnished,North,2,1,5,3,14608000.0
P02540,Chennai,Chennai-Mid-5,Mid,Super built-up Area,1036.5,2,3,2,20,9.59,Semi-Furnished,West,2,1,2,0,4844000.0
P02541,Delhi,Delhi-Premium-8,Premium,Carpet Area,1658.5,3,2,1,20,0.22,Unfurnished,South-East,0,0,0,2,22572000.0
P02542,Delhi,Delhi-Premium-3,Premium,Super built-up Area,641.0,1,1,1,16,2.43,Semi-Furnished,East,2,1,2,3,8656000.0
P02543,Hyderabad,Hyderabad-Premium-3,Premium,Carpet Area,1412.1,3,3,1,16,4.02,Semi-Furnished,East,1,1,3,1,11849000.0
P02544,Mumbai,Mumbai-Emerging-5,Emerging,Carpet Area,1330.9,3,4,1,16,26.66,Fully Furnished,South,0,1,0,2,10308000.0
P02545,Chennai,Chennai-Emerging-4,Emerging,Built-up Area,1167.6,2,3,0,9,13.87,Semi-Furnished,North-East,1,1,4,3,2814000.0
P02546,Delhi,Delhi-Mid-1,Mid,Carpet Area,2246.8,4,4,1,9,11.13,Fully Furnished,East,2,1,4,3,23770000.0
P02547,Bengaluru,Bengaluru-Premium-4,Premium,Plot Area,1462.4,3,4,1,11,1.08,Unfurnished,East,2,1,0,2,16302000.0
P02548,Delhi,Delhi-Premium-8,Premium,Built-up Area,491.5,1,1,0,23,0.04,Semi-Furnished,West,1,1,1,1,6669000.0
P02549,Chennai,Chennai-Emerging-4,Emerging,Plot Area,1452.7,3,4,3,20,17.43,Fully Furnished,East,1,1,2,1,3246000.0
P02550,Hyderabad,Hyderabad-Mid-8,Mid,Carpet Area,1877.0,3,2,1,11,8.27,Semi-Furnished,East,1,0,4,0,12129000.0
P02551,Delhi,Delhi-Emerging-1,Emerging,Plot Area,748.9,2,3,2,22,23.07,Semi-Furnished,South,0,1,3,2,3367000.0
P02552,Mumbai,Mumbai-Emerging-1,Emerging,Super built-up Area,1287.8,2,3,2,9,17.9,Unfurnished,West,1,0,4,2,10333000.0
P02553,Hyderabad,Hyderabad-Premium-2,Premium,Carpet Area,1721.7,3,2,1,2,4.48,Unfurnished,South-East,2,1,4,1,18429000.0
P02554,Hyderabad,Hyderabad-Premium-6,Premium,Built-up Area,768.9,2,3,2,8,2.45,Unfurnished,North,2,0,0,0,7854000.0
P02555,Chennai,Chennai-Emerging-2,Emerging,Built-up Area,946.0,2,3,1,16,25.06,Unfurnished,South,2,1,5,0,2563000.0
P02556,Pune,Pune-Mid-2,Mid,Carpet Area,1090.7,2,3,1,4,6.18,Unfurnished,East,1,1,0,2,7464000.0
P02557,Bengaluru,Bengaluru-Emerging-4,Emerging,Carpet Area,1400.9,3,3,0,2,23.68,Unfurnished,North-East,2,1,3,3,5142000.0
P02558,Pune,Pune-Mid-8,Mid,Super built-up Area,3750.7,5,4,1,0,10.54,Fully Furnished,West,2,1,5,3,22316000.0
P02559,Mumbai,Mumbai-Emerging-7,Emerging,Super built-up Area,1391.5,2,1,0,14,23.28,Semi-Furnished,East,0,1,4,3,7940000.0
P02560,Delhi,Delhi-Emerging-8,Emerging,Carpet Area,1643.9,3,4,1,10,15.57,Semi-Furnished,East,1,0,2,2,8065000.0
P02561,Chennai,Chennai-Mid-8,Mid,Super built-up Area,1304.3,2,2,0,4,7.56,Unfurnished,North-East,1,1,5,0,6873000.0
P02562,Chennai,Chennai-Mid-8,Mid,Built-up Area,1873.0,4,3,0,12,13.26,Unfurnished,West,2,1,3,1,9896000.0
P02563,Delhi,Delhi-Mid-4,Mid,Built-up Area,1063.7,2,1,1,3,8.24,Unfurnished,North-East,1,1,2,1,10930000.0
P02564,Bengaluru,Bengaluru-Mid-5,Mid,Carpet Area,1155.3,2,2,0,1,10.55,Fully Furnished,East,1,1,4,2,8755000.0
P02565,Delhi,Delhi-Emerging-3,Emerging,Carpet Area,891.6,2,3,1,1,13.15,Unfurnished,North,1,1,1,2,5241000.0
P02566,Delhi,Delhi-Mid-3,Mid,Carpet Area,1166.1,2,3,1,15,14.89,Semi-Furnished,North-East,1,1,5,3,10422000.0
P02567,Mumbai,Mumbai-Mid-3,Mid,Plot Area,1598.5,3,3,0,1,13.75,Semi-Furnished,West,2,1,1,2,27892000.0
P02568,Hyderabad,Hyderabad-Mid-6,Mid,Built-up Area,567.3,1,1,0,7,9.15,Fully Furnished,South,1,1,5,1,2659000.0
P02569,Mumbai,Mumbai-Mid-5,Mid,Plot Area,2260.5,4,4,1,15,7.53,Semi-Furnished,North-East,1,0,0,1,32110000.0
P02570,Chennai,Chennai-Mid-8,Mid,Super built-up Area,1913.6,3,2,2,4,8.9,Fully Furnished,South-East,2,1,1,3,10807000.0
P02571,Pune,Pune-Premium-4,Premium,Plot Area,1436.0,3,2,0,6,4.43,Unfurnished,South-East,1,1,0,3,15289000.0
P02572,Bengaluru,Bengaluru-Mid-1,Mid,Built-up Area,2280.0,4,4,1,19,12.13,Unfurnished,South,0,0,2,2,12891000.0
P02573,Mumbai,Mumbai-Mid-2,Mid,Super built-up Area,919.7,2,2,1,18,13.81,Semi-Furnished,South,2,1,1,3,13807000.0
P02574,Chennai,Chennai-Premium-3,Premium,Super built-up Area,479.9,1,2,1,20,5.07,Semi-Furnished,North,0,1,5,2,3650000.0
P02575,Hyderabad,Hyderabad-Premium-8,Premium,Built-up Area,1299.8,2,1,2,2,5.05,Semi-Furnished,South,0,1,2,1,12225000.0
P02576,Bengaluru,Bengaluru-Emerging-3,Emerging,Super built-up Area,1847.8,4,5,4,20,21.7,Unfurnished,North-East,2,1,1,1,4636000.0
P02577,Hyderabad,Hyderabad-Premium-7,Premium,Super built-up Area,2588.5,4,3,3,1,3.65,Semi-Furnished,North-East,1,1,5,0,25894000.0
P02578,Mumbai,Mumbai-Mid-8,Mid,Super built-up Area,1196.5,2,3,1,1,13.93,Semi-Furnished,North,1,1,0,1,21954000.0
P02579,Mumbai,Mumbai-Premium-5,Premium,Carpet Area,950.1,2,1,0,21,2.74,Unfurnished,South,2,0,4,3,21877000.0
P02580,Mumbai,Mumbai-Premium-4,Premium,Carpet Area,552.9,1,2,0,3,2.65,Unfurnished,North,1,1,0,1,14329000.0
P02581,Delhi,Delhi-Emerging-1,Emerging,Plot Area,1393.0,2,1,2,12,27.11,Fully Furnished,South,1,1,0,3,5486000.0
P02582,Bengaluru,Bengaluru-Premium-2,Premium,Built-up Area,1700.0,3,3,1,19,2.82,Semi-Furnished,South,0,1,5,3,15304000.0
P02583,Bengaluru,Bengaluru-Premium-4,Premium,Plot Area,2522.7,5,4,1,23,1.24,Semi-Furnished,East,0,1,5,3,22115000.0
P02584,Delhi,Delhi-Premium-8,Premium,Plot Area,938.9,2,1,2,18,0.88,Unfurnished,South,1,1,5,1,13563000.0
P02585,Hyderabad,Hyderabad-Premium-7,Premium,Super built-up Area,1861.9,3,4,2,21,4.05,Fully Furnished,South,1,1,2,3,11476000.0
P02586,Bengaluru,Bengaluru-Premium-3,Premium,Plot Area,1867.2,4,3,1,5,3.89,Unfurnished,East,0,0,4,3,20804000.0
P02587,Delhi,Delhi-Emerging-7,Emerging,Built-up Area,1983.9,3,4,0,15,15.59,Semi-Furnished,South-East,2,0,3,3,8803000.0
P02588,Mumbai,Mumbai-Mid-7,Mid,Built-up Area,1614.9,3,2,2,1,13.37,Semi-Furnished,South,2,1,3,3,33216000.0
P02589,Delhi,Delhi-Premium-3,Premium,Built-up Area,992.7,2,1,1,16,2.77,Unfurnished,South,1,1,2,1,16976000.0
P02590,Pune,Pune-Mid-1,Mid,Built-up Area,1162.5,2,1,0,6,12.62,Semi-Furnished,South-East,0,0,5,2,5457000.0
P02591,Bengaluru,Bengaluru-Emerging-3,Emerging,Plot Area,1110.8,2,2,1,17,22.59,Unfurnished,North,2,1,3,3,3894000.0
P02592,Pune,Pune-Mid-3,Mid,Built-up Area,1133.3,2,3,0,5,14.07,Fully Furnished,East,0,1,1,0,7354000.0
P02593,Chennai,Chennai-Premium-2,Premium,Built-up Area,1760.9,3,2,2,6,3.22,Unfurnished,North,2,1,2,2,14164000.0
P02594,Bengaluru,Bengaluru-Mid-3,Mid,Super built-up Area,1092.2,2,2,2,17,14.01,Unfurnished,North,1,1,2,0,5703000.0
P02595,Bengaluru,Bengaluru-Mid-5,Mid,Super built-up Area,1097.8,2,2,0,0,14.3,Semi-Furnished,West,0,1,0,0,7566000.0
P02596,Hyderabad,Hyderabad-Mid-7,Mid,Super built-up Area,1718.1,3,3,3,21,11.57,Semi-Furnished,North-East,0,1,3,2,7660000.0
P02597,Hyderabad,Hyderabad-Premium-4,Premium,Built-up Area,1615.0,4,3,2,14,3.18,Unfurnished,North-East,2,1,2,1,12738000.0
P02598,Mumbai,Mumbai-Emerging-4,Emerging,Plot Area,1003.4,2,2,0,22,23.04,Unfurnished,North-East,1,0,0,1,7193000.0
P02599,Hyderabad,Hyderabad-Mid-7,Mid,Super built-up Area,1746.7,3,3,0,2,5.46,Semi-Furnished,East,0,1,2,0,12874000.0
P02600,Mumbai,Mumbai-Mid-7,Mid,Carpet Area,1038.6,2,1,2,16,10.27,Semi-Furnished,North-East,1,1,5,2,14810000.0
P02601,Mumbai,Mumbai-Emerging-4,Emerging,Super built-up Area,537.1,1,1,0,7,22.39,Unfurnished,North-East,1,1,4,0,3871000.0
P02602,Delhi,Delhi-Mid-1,Mid,Carpet Area,1803.1,3,3,2,4,8.66,Semi-Furnished,South,1,1,3,0,21573000.0
P02603,Chennai,Chennai-Mid-2,Mid,Plot Area,1089.0,2,1,0,14,8.76,Semi-Furnished,North,1,0,4,0,4987000.0
P02604,Pune,Pune-Mid-5,Mid,Built-up Area,1929.9,4,4,4,3,14.55,Semi-Furnished,North,0,1,5,0,9339000.0
P02605,Hyderabad,Hyderabad-Mid-2,Mid,Super built-up Area,2229.4,5,6,3,22,9.18,Semi-Furnished,South,0,1,1,3,12416000.0
P02606,Chennai,Chennai-Mid-8,Mid,Super built-up Area,875.7,2,1,0,13,10.77,Fully Furnished,South,1,0,5,0,5185000.0
P02607,Pune,Pune-Premium-1,Premium,Plot Area,1802.4,3,3,3,24,4.58,Semi-Furnished,West,1,1,4,1,12661000.0
P02608,Hyderabad,Hyderabad-Mid-8,Mid,Carpet Area,1322.6,2,1,0,6,8.55,Unfurnished,North-East,0,1,4,3,6891000.0
P02609,Chennai,Chennai-Emerging-5,Emerging,Plot Area,2036.4,3,2,1,12,20.77,Unfurnished,South-East,2,1,4,2,5612000.0
P02610,Hyderabad,Hyderabad-Premium-2,Premium,Plot Area,1419.4,3,2,2,3,2.28,Unfurnished,East,1,0,5,0,17556000.0
P02611,Chennai,Chennai-Emerging-3,Emerging,Built-up Area,1721.7,3,2,2,20,19.32,Fully Furnished,South,0,0,4,2,5237000.0
P02612,Hyderabad,Hyderabad-Mid-2,Mid,Super built-up Area,1404.6,2,1,2,16,6.38,Semi-Furnished,North-East,1,1,0,3,6146000.0
P02613,Hyderabad,Hyderabad-Premium-3,Premium,Carpet Area,1774.8,3,3,3,20,1.32,Unfurnished,East,1,1,2,3,16645000.0
P02614,Hyderabad,Hyderabad-Mid-2,Mid,Carpet Area,1904.8,3,3,0,13,14.89,Semi-Furnished,North,1,1,4,0,9763000.0
P02615,Bengaluru,Bengaluru-Premium-2,Premium,Plot Area,1472.6,3,2,2,16,3.57,Unfurnished,South-East,1,1,0,1,13201000.0
P02616,Mumbai,Mumbai-Premium-4,Premium,Super built-up Area,1161.7,2,2,1,16,4.88,Semi-Furnished,East,1,1,4,0,27015000.0
P02617,Mumbai,Mumbai-Premium-1,Premium,Super built-up Area,2400.4,5,6,2,18,4.93,Fully Furnished,West,0,0,3,3,46878000.0
P02618,Delhi,Delhi-Mid-7,Mid,Carpet Area,1092.6,2,2,2,1,14.84,Unfurnished,North,2,0,5,0,12016000.0
P02619,Chennai,Chennai-Mid-5,Mid,Built-up Area,2194.3,4,4,2,24,14.92,Fully Furnished,South-East,0,1,4,1,8144000.0
P02620,Pune,Pune-Emerging-8,Emerging,Plot Area,1703.6,3,4,2,11,16.09,Semi-Furnished,North-East,0,0,2,1,4454000.0
P02621,Mumbai,Mumbai-Premium-6,Premium,Super built-up Area,2260.5,4,4,3,14,1.09,Unfurnished,East,2,1,5,2,63810000.0
P02622,Mumbai,Mumbai-Premium-5,Premium,Plot Area,1067.3,2,2,0,3,4.04,Unfurnished,North-East,1,1,0,3,34908000.0
P02623,Chennai,Chennai-Emerging-1,Emerging,Carpet Area,630.5,1,1,0,14,22.21,Semi-Furnished,East,2,1,4,1,1481000.0
P02624,Bengaluru,Bengaluru-Mid-6,Mid,Built-up Area,1042.3,2,1,0,4,5.7,Unfurnished,South,0,0,4,3,6383000.0
P02625,Chennai,Chennai-Premium-7,Premium,Built-up Area,1604.8,3,3,0,15,1.66,Semi-Furnished,North-East,1,0,3,3,13326000.0
P02626,Bengaluru,Bengaluru-Premium-6,Premium,Plot Area,1893.0,4,4,2,19,0.9,Semi-Furnished,West,2,1,0,1,14093000.0
P02627,Hyderabad,Hyderabad-Mid-7,Mid,Super built-up Area,1118.9,2,3,2,15,13.51,Semi-Furnished,West,1,1,2,1,5026000.0
P02628,Pune,Pune-Emerging-4,Emerging,Carpet Area,1994.9,4,4,4,21,17.79,Semi-Furnished,West,1,1,2,0,4900000.0
P02629,Mumbai,Mumbai-Mid-2,Mid,Super built-up Area,1679.7,3,2,0,20,9.63,Unfurnished,North,1,1,2,2,20019000.0
P02630,Bengaluru,Bengaluru-Emerging-1,Emerging,Plot Area,1086.5,2,2,1,24,24.81,Semi-Furnished,East,1,1,4,1,2651000.0
P02631,Pune,Pune-Emerging-4,Emerging,Super built-up Area,2103.7,3,4,1,15,12.28,Unfurnished,North-East,2,1,4,0,5671000.0
P02632,Chennai,Chennai-Emerging-4,Emerging,Plot Area,848.3,2,2,2,16,24.91,Unfurnished,East,0,0,4,2,2046000.0
P02633,Delhi,Delhi-Premium-1,Premium,Super built-up Area,1468.8,2,1,0,14,0.73,Semi-Furnished,East,1,1,4,1,24910000.0
P02634,Bengaluru,Bengaluru-Emerging-3,Emerging,Super built-up Area,2003.7,3,4,3,7,17.5,Unfurnished,South-East,0,1,2,3,5621000.0
P02635,Mumbai,Mumbai-Emerging-6,Emerging,Built-up Area,2025.4,3,2,3,20,19.64,Unfurnished,South,1,1,3,3,14463000.0
P02636,Chennai,Chennai-Mid-2,Mid,Plot Area,1464.3,3,4,1,11,6.99,Semi-Furnished,South,0,1,4,3,6537000.0
P02637,Bengaluru,Bengaluru-Premium-3,Premium,Carpet Area,495.4,1,1,1,11,5.97,Semi-Furnished,West,2,1,5,3,5202000.0
P02638,Pune,Pune-Mid-8,Mid,Plot Area,2040.8,3,4,0,4,14.81,Fully Furnished,North,0,1,5,3,12001000.0
P02639,Mumbai,Mumbai-Mid-8,Mid,Super built-up Area,1497.5,3,2,0,9,13.35,Unfurnished,South-East,0,1,4,0,18433000.0
P02640,Hyderabad,Hyderabad-Mid-2,Mid,Plot Area,1477.4,3,3,3,1,10.99,Unfurnished,North,0,1,5,1,10526000.0
P02641,Pune,Pune-Premium-8,Premium,Plot Area,1114.0,2,1,1,1,3.59,Fully Furnished,South-East,1,1,3,2,10592000.0
P02642,Chennai,Chennai-Emerging-6,Emerging,Plot Area,611.9,1,1,0,12,16.22,Unfurnished,West,0,1,4,3,1541000.0
P02643,Hyderabad,Hyderabad-Premium-1,Premium,Plot Area,578.7,1,1,0,13,2.5,Fully Furnished,West,1,0,0,1,6021000.0
P02644,Chennai,Chennai-Mid-8,Mid,Super built-up Area,1826.7,3,3,2,7,14.06,Semi-Furnished,North-East,2,1,1,1,9037000.0
P02645,Pune,Pune-Emerging-5,Emerging,Carpet Area,1212.6,2,1,0,7,24.65,Unfurnished,West,1,1,4,1,3838000.0
P02646,Mumbai,Mumbai-Mid-4,Mid,Built-up Area,1124.7,2,1,2,8,11.94,Fully Furnished,West,2,1,4,1,19957000.0
P02647,Bengaluru,Bengaluru-Emerging-7,Emerging,Super built-up Area,583.0,1,2,1,11,20.01,Unfurnished,South,0,0,1,2,1893000.0
P02648,Chennai,Chennai-Mid-5,Mid,Super built-up Area,2626.8,4,3,1,10,10.95,Unfurnished,East,1,1,4,2,14910000.0
P02649,Pune,Pune-Emerging-5,Emerging,Carpet Area,1054.4,2,3,2,8,25.75,Semi-Furnished,North,2,1,1,0,2827000.0
P02650,Mumbai,Mumbai-Mid-1,Mid,Built-up Area,1719.0,3,3,2,3,7.33,Unfurnished,West,0,1,2,0,30128000.0
P02651,Chennai,Chennai-Premium-1,Premium,Super built-up Area,1813.3,3,4,2,20,5.28,Unfurnished,South,0,1,5,1,12030000.0
P02652,Delhi,Delhi-Premium-6,Premium,Plot Area,868.7,2,3,0,4,0.2,Unfurnished,East,2,0,5,2,18988000.0
P02653,Mumbai,Mumbai-Mid-2,Mid,Carpet Area,3028.5,5,4,4,10,6.92,Semi-Furnished,South-East,2,0,2,2,62859000.0
P02654,Pune,Pune-Emerging-6,Emerging,Super built-up Area,1374.8,3,2,3,1,23.49,Unfurnished,North,1,1,0,2,4470000.0
P02655,Delhi,Delhi-Mid-7,Mid,Plot Area,1848.8,3,2,3,12,5.23,Semi-Furnished,North,1,0,0,3,20642000.0
P02656,Mumbai,Mumbai-Mid-1,Mid,Plot Area,1972.6,3,3,0,11,9.68,Unfurnished,South,0,1,4,0,26280000.0
P02657,Mumbai,Mumbai-Mid-1,Mid,Carpet Area,498.6,1,1,1,1,14.92,Semi-Furnished,West,1,1,1,2,8543000.0
P02658,Delhi,Delhi-Mid-2,Mid,Built-up Area,2574.7,4,5,3,4,7.95,Semi-Furnished,North-East,0,0,1,2,26248000.0
P02659,Delhi,Delhi-Emerging-2,Emerging,Plot Area,1467.0,3,2,2,17,18.03,Fully Furnished,North,2,1,4,1,8170000.0
P02660,Delhi,Delhi-Emerging-2,Emerging,Built-up Area,1188.6,2,1,2,17,17.58,Unfurnished,West,1,1,2,2,6289000.0
P02661,Hyderabad,Hyderabad-Mid-3,Mid,Carpet Area,811.8,2,2,1,10,5.98,Unfurnished,North,0,1,0,1,3857000.0
P02662,Bengaluru,Bengaluru-Emerging-1,Emerging,Carpet Area,931.7,2,1,0,8,22.58,Unfurnished,North-East,1,1,1,2,3950000.0
P02663,Chennai,Chennai-Emerging-4,Emerging,Super built-up Area,902.3,2,3,0,17,26.84,Fully Furnished,West,0,1,0,0,2392000.0
P02664,Hyderabad,Hyderabad-Mid-4,Mid,Plot Area,926.5,2,1,0,12,10.24,Semi-Furnished,North-East,2,1,5,2,4338000.0
P02665,Pune,Pune-Emerging-8,Emerging,Plot Area,885.9,2,1,1,20,18.87,Unfurnished,East,0,1,3,1,2751000.0
P02666,Delhi,Delhi-Emerging-4,Emerging,Super built-up Area,1021.3,2,3,1,14,16.74,Semi-Furnished,North-East,0,1,4,1,4580000.0
P02667,Pune,Pune-Emerging-8,Emerging,Built-up Area,800.4,2,3,0,6,21.03,Semi-Furnished,South,2,0,5,2,2244000.0
P02668,Chennai,Chennai-Mid-6,Mid,Built-up Area,924.3,2,1,2,3,7.19,Semi-Furnished,North-East,1,1,3,2,5008000.0
P02669,Chennai,Chennai-Mid-8,Mid,Super built-up Area,819.7,2,3,2,13,14.61,Semi-Furnished,East,2,1,2,2,3165000.0
P02670,Mumbai,Mumbai-Mid-1,Mid,Built-up Area,2010.5,3,3,1,13,11.47,Unfurnished,South-East,0,1,1,2,23009000.0
P02671,Mumbai,Mumbai-Mid-8,Mid,Carpet Area,1269.2,2,3,1,15,7.16,Fully Furnished,North,2,0,3,1,18839000.0
P02672,Mumbai,Mumbai-Premium-3,Premium,Built-up Area,1008.6,2,2,1,17,1.45,Unfurnished,North-East,0,0,5,1,24653000.0
P02673,Mumbai,Mumbai-Mid-8,Mid,Super built-up Area,1367.7,3,4,0,15,9.46,Unfurnished,West,2,0,3,2,16877000.0
P02674,Pune,Pune-Premium-6,Premium,Built-up Area,453.4,1,1,0,21,4.76,Fully Furnished,West,0,1,0,0,3199000.0
P02675,Delhi,Delhi-Emerging-4,Emerging,Built-up Area,556.0,1,2,1,10,16.02,Unfurnished,East,0,1,3,0,3089000.0
P02676,Chennai,Chennai-Mid-3,Mid,Super built-up Area,1198.3,2,2,0,10,6.26,Unfurnished,North,2,1,5,1,6461000.0
P02677,Hyderabad,Hyderabad-Emerging-8,Emerging,Plot Area,1643.6,3,3,1,5,27.86,Fully Furnished,South,2,1,4,3,5600000.0
P02678,Mumbai,Mumbai-Mid-3,Mid,Carpet Area,1740.6,4,5,4,5,7.19,Fully Furnished,North,1,1,2,3,34302000.0
P02679,Mumbai,Mumbai-Mid-5,Mid,Super built-up Area,1100.4,2,3,2,2,8.48,Semi-Furnished,South-East,1,1,5,2,20214000.0
P02680,Chennai,Chennai-Emerging-3,Emerging,Plot Area,1059.1,2,3,1,8,21.66,Semi-Furnished,West,2,1,1,2,2529000.0
P02681,Hyderabad,Hyderabad-Mid-6,Mid,Plot Area,1121.6,2,3,2,12,10.78,Unfurnished,North,1,1,2,3,6189000.0
P02682,Bengaluru,Bengaluru-Mid-1,Mid,Built-up Area,971.7,2,2,0,8,14.59,Semi-Furnished,East,1,1,4,3,5620000.0
P02683,Pune,Pune-Premium-8,Premium,Carpet Area,1033.7,2,1,2,12,0.26,Unfurnished,West,0,1,2,2,7932000.0
P02684,Chennai,Chennai-Emerging-6,Emerging,Plot Area,617.3,1,2,0,18,24.79,Semi-Furnished,South-East,1,0,5,2,1208000.0
P02685,Pune,Pune-Mid-5,Mid,Carpet Area,1547.0,3,3,3,8,11.99,Unfurnished,North,1,1,2,2,10574000.0
P02686,Mumbai,Mumbai-Emerging-8,Emerging,Built-up Area,1880.6,4,4,3,14,25.69,Unfurnished,East,1,1,1,2,11062000.0
P02687,Hyderabad,Hyderabad-Premium-7,Premium,Carpet Area,590.0,1,1,1,18,4.44,Fully Furnished,North-East,1,1,4,1,3574000.0
P02688,Hyderabad,Hyderabad-Premium-8,Premium,Super built-up Area,947.5,2,1,1,6,0.81,Semi-Furnished,North-East,1,1,2,2,9629000.0
P02689,Hyderabad,Hyderabad-Premium-7,Premium,Plot Area,865.0,2,2,1,6,5.55,Semi-Furnished,East,2,0,4,0,9362000.0
P02690,Bengaluru,Bengaluru-Mid-5,Mid,Carpet Area,1207.0,2,1,0,2,5.87,Semi-Furnished,South,1,0,4,1,8607000.0
P02691,Pune,Pune-Premium-2,Premium,Built-up Area,1690.4,3,4,2,13,5.17,Semi-Furnished,North-East,0,1,5,0,17098000.0
P02692,Delhi,Delhi-Emerging-5,Emerging,Super built-up Area,1926.0,3,3,3,18,20.41,Semi-Furnished,South-East,0,1,1,0,9499000.0
P02693,Bengaluru,Bengaluru-Mid-3,Mid,Carpet Area,2086.6,4,4,2,9,10.51,Unfurnished,East,2,0,3,0,11934000.0
P02694,Pune,Pune-Premium-8,Premium,Carpet Area,1288.4,3,2,0,7,2.65,Unfurnished,South,0,0,2,2,12740000.0
P02695,Bengaluru,Bengaluru-Mid-6,Mid,Plot Area,3417.9,5,4,1,3,7.37,Semi-Furnished,East,0,1,0,1,21958000.0
P02696,Mumbai,Mumbai-Premium-3,Premium,Super built-up Area,2395.8,5,6,2,11,3.25,Fully Furnished,West,1,1,4,0,66029000.0
P02697,Hyderabad,Hyderabad-Emerging-2,Emerging,Built-up Area,1468.4,3,2,1,16,19.27,Fully Furnished,East,1,1,3,3,3413000.0
P02698,Hyderabad,Hyderabad-Emerging-3,Emerging,Built-up Area,2247.5,4,4,0,3,22.03,Unfurnished,West,0,1,0,1,7728000.0
P02699,Mumbai,Mumbai-Emerging-2,Emerging,Plot Area,1693.9,3,3,0,5,21.83,Fully Furnished,West,1,1,5,2,13879000.0
P02700,Hyderabad,Hyderabad-Premium-1,Premium,Super built-up Area,3121.8,5,6,1,8,5.55,Fully Furnished,West,1,0,2,1,29931000.0
P02701,Chennai,Chennai-Emerging-7,Emerging,Super built-up Area,1043.0,2,1,0,24,18.21,Fully Furnished,South-East,0,1,3,0,2504000.0
P02702,Chennai,Chennai-Mid-8,Mid,Plot Area,801.6,2,1,2,9,8.54,Semi-Furnished,West,1,1,1,0,4420000.0
P02703,Chennai,Chennai-Mid-2,Mid,Carpet Area,2020.4,3,2,3,16,8.78,Semi-Furnished,North,1,1,3,2,11384000.0
P02704,Chennai,Chennai-Emerging-7,Emerging,Plot Area,1280.4,2,3,2,5,22.6,Unfurnished,East,1,0,1,0,3512000.0
P02705,Mumbai,Mumbai-Mid-5,Mid,Plot Area,2359.0,4,4,3,7,11.63,Semi-Furnished,West,0,1,2,0,31761000.0
P02706,Mumbai,Mumbai-Emerging-8,Emerging,Plot Area,1610.3,3,2,3,9,19.19,Semi-Furnished,South,1,1,2,3,16281000.0
P02707,Pune,Pune-Premium-8,Premium,Built-up Area,692.3,1,1,1,21,3.13,Semi-Furnished,East,1,0,0,3,4902000.0
P02708,Mumbai,Mumbai-Mid-7,Mid,Carpet Area,1497.6,3,3,1,9,11.52,Semi-Furnished,South,2,1,2,2,19643000.0
P02709,Bengaluru,Bengaluru-Emerging-2,Emerging,Plot Area,1572.6,3,3,3,23,14.46,Fully Furnished,South,2,1,5,1,4677000.0
P02710,Chennai,Chennai-Emerging-7,Emerging,Carpet Area,1441.6,3,4,1,8,23.78,Unfurnished,South,0,0,2,0,3435000.0
P02711,Chennai,Chennai-Emerging-3,Emerging,Built-up Area,1097.2,2,3,1,10,20.8,Unfurnished,East,1,1,4,1,3689000.0
P02712,Bengaluru,Bengaluru-Mid-3,Mid,Carpet Area,1068.2,2,2,0,9,13.96,Fully Furnished,North,0,1,4,2,5764000.0
P02713,Bengaluru,Bengaluru-Emerging-3,Emerging,Plot Area,3314.4,5,6,5,12,14.22,Unfurnished,West,0,0,4,3,11627000.0
P02714,Delhi,Delhi-Premium-4,Premium,Super built-up Area,1073.9,2,1,1,17,4.9,Unfurnished,North-East,1,1,3,1,16919000.0
P02715,Hyderabad,Hyderabad-Emerging-6,Emerging,Plot Area,2286.2,4,3,1,11,17.88,Unfurnished,West,2,1,4,2,7117000.0
P02716,Delhi,Delhi-Mid-5,Mid,Built-up Area,867.3,2,1,0,13,13.9,Semi-Furnished,North-East,0,1,2,0,7668000.0
P02717,Delhi,Delhi-Emerging-2,Emerging,Carpet Area,1081.5,2,2,1,23,14.44,Unfurnished,South-East,0,1,3,3,3068000.0
P02718,Pune,Pune-Mid-5,Mid,Plot Area,1613.2,3,4,3,8,13.44,Semi-Furnished,East,0,1,0,0,6709000.0
P02719,Pune,Pune-Emerging-3,Emerging,Built-up Area,453.0,1,2,1,12,14.52,Unfurnished,North-East,1,0,2,2,1507000.0
P02720,Pune,Pune-Mid-5,Mid,Carpet Area,1464.6,3,3,1,9,8.91,Semi-Furnished,West,2,1,1,2,7127000.0
P02721,Chennai,Chennai-Premium-8,Premium,Plot Area,1531.3,3,2,1,21,0.96,Unfurnished,South,2,1,5,0,11390000.0
P02722,Mumbai,Mumbai-Mid-7,Mid,Super built-up Area,1898.9,3,2,2,11,11.34,Unfurnished,North-East,1,1,4,0,24091000.0
P02723,Hyderabad,Hyderabad-Premium-7,Premium,Plot Area,1679.0,3,2,2,0,4.75,Fully Furnished,North-East,2,1,4,0,17211000.0
P02724,Bengaluru,Bengaluru-Mid-6,Mid,Carpet Area,1611.1,3,2,0,15,11.51,Semi-Furnished,South,2,1,3,2,7634000.0
P02725,Bengaluru,Bengaluru-Emerging-3,Emerging,Carpet Area,418.6,1,1,1,22,15.49,Unfurnished,North-East,0,0,3,2,1053000.0
P02726,Delhi,Delhi-Mid-5,Mid,Plot Area,877.7,2,3,2,19,6.63,Unfurnished,North,0,1,0,3,8476000.0
P02727,Mumbai,Mumbai-Mid-7,Mid,Plot Area,539.7,1,1,0,8,5.62,Unfurnished,West,2,1,2,2,7240000.0
P02728,Bengaluru,Bengaluru-Mid-8,Mid,Built-up Area,1569.6,3,4,1,2,8.35,Unfurnished,North,1,0,5,3,11519000.0
P02729,Mumbai,Mumbai-Premium-6,Premium,Super built-up Area,2237.9,4,5,3,12,5.7,Semi-Furnished,North,1,1,0,2,47133000.0
P02730,Pune,Pune-Mid-1,Mid,Super built-up Area,1814.9,4,4,1,6,12.51,Unfurnished,East,2,0,5,1,9138000.0
P02731,Chennai,Chennai-Mid-1,Mid,Built-up Area,2520.5,4,5,1,10,6.17,Semi-Furnished,South-East,1,0,0,1,12316000.0
P02732,Delhi,Delhi-Premium-2,Premium,Carpet Area,1013.5,2,2,1,1,1.52,Unfurnished,North-East,1,1,5,3,18853000.0
P02733,Delhi,Delhi-Mid-3,Mid,Built-up Area,2311.2,4,5,2,24,12.23,Unfurnished,West,1,1,2,0,14004000.0
P02734,Chennai,Chennai-Premium-4,Premium,Carpet Area,1477.8,3,4,0,10,5.07,Unfurnished,West,2,1,5,1,14074000.0
P02735,Pune,Pune-Mid-7,Mid,Super built-up Area,498.5,1,1,0,12,10.52,Semi-Furnished,North-East,1,1,5,3,2585000.0
P02736,Delhi,Delhi-Emerging-3,Emerging,Super built-up Area,1251.2,2,3,2,23,15.51,Unfurnished,North-East,0,1,3,3,5331000.0
P02737,Mumbai,Mumbai-Emerging-8,Emerging,Plot Area,768.3,2,2,2,19,22.04,Semi-Furnished,North-East,1,1,2,0,5665000.0
P02738,Bengaluru,Bengaluru-Premium-1,Premium,Super built-up Area,2264.6,5,5,5,8,0.74,Semi-Furnished,North-East,0,0,5,2,20568000.0
P02739,Pune,Pune-Emerging-2,Emerging,Plot Area,2048.6,4,3,2,7,23.9,Unfurnished,South-East,2,1,3,3,5374000.0
P02740,Delhi,Delhi-Emerging-2,Emerging,Carpet Area,1927.9,4,5,4,16,24.11,Unfurnished,East,2,1,3,0,8418000.0
P02741,Hyderabad,Hyderabad-Mid-8,Mid,Carpet Area,1464.8,3,4,1,19,14.86,Unfurnished,South-East,0,1,1,0,4876000.0
P02742,Chennai,Chennai-Premium-6,Premium,Plot Area,1917.7,4,5,4,0,4.52,Semi-Furnished,East,2,1,4,2,21085000.0
P02743,Bengaluru,Bengaluru-Emerging-5,Emerging,Built-up Area,1950.1,3,3,1,12,21.3,Fully Furnished,North-East,2,1,3,1,6924000.0
P02744,Mumbai,Mumbai-Emerging-8,Emerging,Super built-up Area,1177.0,2,1,1,5,17.63,Unfurnished,West,2,0,0,2,9613000.0
P02745,Bengaluru,Bengaluru-Emerging-8,Emerging,Carpet Area,654.5,1,2,1,17,12.05,Fully Furnished,West,1,1,0,3,2047000.0
P02746,Mumbai,Mumbai-Emerging-4,Emerging,Built-up Area,2260.7,4,3,4,2,12.25,Unfurnished,West,2,1,2,0,24702000.0
P02747,Mumbai,Mumbai-Mid-2,Mid,Built-up Area,2103.4,4,3,0,15,9.35,Semi-Furnished,South,1,0,3,3,36389000.0
P02748,Chennai,Chennai-Mid-8,Mid,Super built-up Area,538.9,1,2,1,19,10.95,Unfurnished,West,2,1,1,2,2128000.0
P02749,Hyderabad,Hyderabad-Premium-1,Premium,Plot Area,1478.6,3,3,0,6,5.21,Semi-Furnished,South,0,1,1,3,13975000.0
P02750,Pune,Pune-Mid-1,Mid,Super built-up Area,2385.3,4,4,4,0,12.89,Semi-Furnished,North-East,0,0,3,0,12447000.0
P02751,Mumbai,Mumbai-Mid-7,Mid,Plot Area,1196.5,2,3,1,19,9.09,Semi-Furnished,North-East,2,1,4,3,18427000.0
P02752,Chennai,Chennai-Emerging-7,Emerging,Super built-up Area,1253.5,3,3,2,1,20.83,Semi-Furnished,North-East,0,1,1,1,3154000.0
P02753,Chennai,Chennai-Mid-2,Mid,Built-up Area,972.1,2,1,0,23,9.67,Unfurnished,North,0,1,0,1,4882000.0
P02754,Pune,Pune-Emerging-4,Emerging,Super built-up Area,1816.4,3,4,0,9,19.95,Semi-Furnished,West,2,1,4,3,5082000.0
P02755,Hyderabad,Hyderabad-Mid-8,Mid,Carpet Area,730.6,2,3,2,18,6.7,Semi-Furnished,North-East,2,1,1,0,2850000.0
P02756,Chennai,Chennai-Premium-3,Premium,Super built-up Area,720.2,2,1,2,24,5.38,Unfurnished,West,2,1,5,1,4433000.0
P02757,Mumbai,Mumbai-Premium-8,Premium,Carpet Area,1313.8,3,4,0,4,5.43,Fully Furnished,East,1,0,4,0,29853000.0
P02758,Bengaluru,Bengaluru-Emerging-4,Emerging,Super built-up Area,1581.9,3,2,0,2,15.04,Semi-Furnished,West,2,1,3,0,5786000.0
P02759,Mumbai,Mumbai-Premium-8,Premium,Carpet Area,1309.5,3,4,1,2,5.84,Semi-Furnished,East,2,1,3,3,42519000.0
P02760,Hyderabad,Hyderabad-Mid-1,Mid,Plot Area,1382.8,2,2,1,8,11.78,Semi-Furnished,East,2,0,5,0,6750000.0
P02761,Bengaluru,Bengaluru-Mid-2,Mid,Carpet Area,1917.4,3,3,0,17,7.65,Fully Furnished,North,0,1,4,0,11636000.0
P02762,Mumbai,Mumbai-Emerging-6,Emerging,Built-up Area,2561.0,4,5,4,9,22.12,Unfurnished,East,1,1,3,2,18158000.0
P02763,Mumbai,Mumbai-Emerging-3,Emerging,Built-up Area,1191.4,3,3,2,10,26.55,Unfurnished,East,1,0,3,0,9329000.0
P02764,Bengaluru,Bengaluru-Mid-6,Mid,Built-up Area,481.4,1,1,1,10,12.57,Unfurnished,South-East,0,1,0,2,3222000.0
P02765,Bengaluru,Bengaluru-Mid-7,Mid,Built-up Area,977.7,2,2,2,8,12.27,Semi-Furnished,East,1,1,4,2,5363000.0
P02766,Bengaluru,Bengaluru-Emerging-1,Emerging,Super built-up Area,1415.9,2,1,2,21,23.25,Unfurnished,South-East,0,0,2,0,4512000.0
P02767,Bengaluru,Bengaluru-Emerging-1,Emerging,Carpet Area,1554.6,4,3,2,2,16.58,Semi-Furnished,South,1,0,2,2,4785000.0
P02768,Hyderabad,Hyderabad-Premium-8,Premium,Plot Area,961.9,2,1,1,14,3.63,Semi-Furnished,South,1,1,1,1,8106000.0
P02769,Bengaluru,Bengaluru-Emerging-1,Emerging,Built-up Area,2940.1,4,4,0,15,19.74,Unfurnished,South-East,2,1,3,3,8031000.0
P02770,Bengaluru,Bengaluru-Emerging-6,Emerging,Super built-up Area,1219.2,2,2,1,13,21.78,Fully Furnished,North-East,1,1,3,0,3374000.0
P02771,Chennai,Chennai-Emerging-8,Emerging,Plot Area,979.7,2,3,0,12,15.5,Unfurnished,North,1,1,2,1,2369000.0
P02772,Chennai,Chennai-Mid-8,Mid,Super built-up Area,1224.2,3,2,2,2,6.18,Unfurnished,South-East,1,1,4,1,7645000.0
P02773,Chennai,Chennai-Mid-6,Mid,Built-up Area,1735.1,3,4,2,6,12.21,Unfurnished,East,0,1,5,1,9687000.0
P02774,Pune,Pune-Mid-2,Mid,Carpet Area,2886.5,5,4,5,5,8.42,Unfurnished,East,1,1,2,3,16105000.0
P02775,Chennai,Chennai-Emerging-6,Emerging,Plot Area,1856.9,3,4,3,22,17.38,Unfurnished,North,2,1,5,2,3782000.0
P02776,Mumbai,Mumbai-Mid-3,Mid,Super built-up Area,2372.7,4,4,0,14,9.59,Semi-Furnished,West,2,1,1,3,30343000.0
P02777,Chennai,Chennai-Mid-8,Mid,Carpet Area,1433.6,3,4,3,19,8.23,Semi-Furnished,East,2,1,1,2,6037000.0
P02778,Delhi,Delhi-Mid-7,Mid,Super built-up Area,1396.8,3,2,2,22,11.85,Semi-Furnished,South,2,1,4,2,10357000.0
P02779,Pune,Pune-Mid-3,Mid,Super built-up Area,1263.8,3,3,0,21,5.67,Semi-Furnished,West,1,1,5,3,5479000.0
P02780,Hyderabad,Hyderabad-Premium-1,Premium,Built-up Area,2565.7,4,5,0,5,3.62,Unfurnished,North-East,1,1,1,3,22113000.0
P02781,Pune,Pune-Premium-2,Premium,Carpet Area,424.0,1,1,0,10,5.09,Semi-Furnished,West,1,1,0,0,4380000.0
P02782,Mumbai,Mumbai-Mid-7,Mid,Plot Area,1131.1,2,1,2,16,13.96,Fully Furnished,East,2,1,1,1,16451000.0
P02783,Chennai,Chennai-Mid-4,Mid,Built-up Area,1883.8,3,2,2,19,11.81,Unfurnished,North-East,2,1,0,0,9716000.0
P02784,Mumbai,Mumbai-Premium-7,Premium,Built-up Area,849.4,2,2,1,12,1.1,Unfurnished,East,0,1,1,3,19433000.0
P02785,Mumbai,Mumbai-Premium-6,Premium,Built-up Area,958.8,2,2,2,14,4.66,Unfurnished,South-East,0,1,5,0,27623000.0
P02786,Pune,Pune-Mid-3,Mid,Plot Area,1524.8,3,3,0,9,11.17,Semi-Furnished,North,2,0,1,3,9044000.0
P02787,Pune,Pune-Mid-8,Mid,Built-up Area,1783.6,3,3,0,7,14.15,Semi-Furnished,East,1,0,2,0,10498000.0
P02788,Hyderabad,Hyderabad-Emerging-5,Emerging,Built-up Area,1690.3,3,4,3,11,16.27,Unfurnished,North-East,1,1,1,3,4917000.0
P02789,Chennai,Chennai-Emerging-8,Emerging,Plot Area,465.0,1,1,1,13,27.72,Semi-Furnished,West,1,1,4,1,1248000.0
P02790,Delhi,Delhi-Premium-2,Premium,Built-up Area,1768.7,3,3,1,16,5.06,Semi-Furnished,South-East,2,1,3,0,31998000.0
P02791,Mumbai,Mumbai-Emerging-1,Emerging,Plot Area,2021.0,4,4,1,19,19.14,Semi-Furnished,South-East,2,0,1,0,12786000.0
P02792,Bengaluru,Bengaluru-Mid-3,Mid,Carpet Area,478.4,1,1,0,22,12.61,Unfurnished,South-East,1,1,1,0,2057000.0
P02793,Mumbai,Mumbai-Emerging-4,Emerging,Carpet Area,1606.4,3,3,3,5,13.74,Fully Furnished,North,1,0,0,2,12462000.0
P02794,Mumbai,Mumbai-Emerging-1,Emerging,Plot Area,1949.4,4,4,1,21,18.61,Unfurnished,North,0,1,3,2,13924000.0
P02795,Mumbai,Mumbai-Mid-4,Mid,Plot Area,1557.8,3,4,2,8,5.34,Semi-Furnished,North-East,0,1,0,3,27824000.0
P02796,Chennai,Chennai-Emerging-7,Emerging,Plot Area,540.3,1,1,1,16,27.87,Fully Furnished,South,2,1,2,1,1700000.0
P02797,Delhi,Delhi-Mid-2,Mid,Plot Area,632.7,1,1,1,10,6.11,Unfurnished,South,1,1,5,1,7110000.0
P02798,Pune,Pune-Mid-6,Mid,Plot Area,1143.9,2,2,2,22,6.44,Unfurnished,North-East,2,1,3,0,6484000.0
P02799,Mumbai,Mumbai-Emerging-7,Emerging,Built-up Area,1158.8,2,2,2,16,27.42,Fully Furnished,South-East,0,1,3,0,7417000.0
P02800,Hyderabad,Hyderabad-Mid-6,Mid,Super built-up Area,1513.8,3,4,0,0,10.29,Unfurnished,South-East,2,1,0,3,10566000.0
P02801,Bengaluru,Bengaluru-Premium-2,Premium,Super built-up Area,1656.0,4,3,3,0,0.73,Unfurnished,South,0,1,0,2,18401000.0
P02802,Chennai,Chennai-Mid-1,Mid,Carpet Area,724.0,1,2,0,22,9.93,Unfurnished,South-East,2,1,2,2,3093000.0
P02803,Mumbai,Mumbai-Mid-2,Mid,Built-up Area,1080.1,3,2,1,22,14.21,Fully Furnished,West,0,0,1,3,13394000.0
P02804,Pune,Pune-Mid-4,Mid,Built-up Area,959.1,2,1,0,9,11.54,Unfurnished,South-East,2,0,1,0,3853000.0
P02805,Hyderabad,Hyderabad-Emerging-7,Emerging,Carpet Area,2263.6,4,5,1,7,25.35,Semi-Furnished,North,1,1,5,0,5485000.0
P02806,Mumbai,Mumbai-Mid-4,Mid,Super built-up Area,422.7,1,2,0,15,10.06,Semi-Furnished,North-East,1,1,1,2,5486000.0
P02807,Bengaluru,Bengaluru-Premium-3,Premium,Carpet Area,1123.9,2,1,2,8,1.5,Semi-Furnished,West,1,1,5,0,13728000.0
P02808,Mumbai,Mumbai-Mid-1,Mid,Super built-up Area,1201.2,2,3,2,22,14.85,Unfurnished,North-East,0,1,3,0,12428000.0
P02809,Hyderabad,Hyderabad-Mid-7,Mid,Built-up Area,1628.3,3,2,3,17,8.23,Semi-Furnished,North,2,1,1,2,8873000.0
P02810,Pune,Pune-Mid-3,Mid,Super built-up Area,2570.6,4,5,3,8,11.1,Unfurnished,South-East,0,1,3,1,16256000.0
P02811,Pune,Pune-Mid-6,Mid,Plot Area,1531.6,3,2,1,11,6.3,Fully Furnished,South-East,1,0,2,1,10156000.0
P02812,Hyderabad,Hyderabad-Mid-1,Mid,Built-up Area,973.8,2,3,2,5,10.37,Semi-Furnished,North-East,1,1,3,3,5908000.0
P02813,Delhi,Delhi-Premium-3,Premium,Carpet Area,1591.1,3,4,3,21,3.29,Unfurnished,North,2,0,2,0,21825000.0
P02814,Bengaluru,Bengaluru-Emerging-7,Emerging,Super built-up Area,1067.2,2,1,0,15,20.68,Semi-Furnished,South,2,1,0,2,3544000.0
P02815,Delhi,Delhi-Mid-2,Mid,Super built-up Area,1017.8,2,2,0,4,10.46,Semi-Furnished,North,2,1,5,0,10093000.0
P02816,Bengaluru,Bengaluru-Emerging-6,Emerging,Super built-up Area,1027.7,2,3,1,20,15.07,Semi-Furnished,North-East,2,1,4,3,2950000.0
P02817,Mumbai,Mumbai-Emerging-3,Emerging,Plot Area,1256.5,3,4,2,19,14.11,Semi-Furnished,South,0,0,4,3,8692000.0
P02818,Bengaluru,Bengaluru-Mid-5,Mid,Built-up Area,1029.9,2,2,0,8,13.98,Unfurnished,North-East,0,0,0,0,5857000.0
P02819,Mumbai,Mumbai-Premium-6,Premium,Super built-up Area,2304.2,3,4,3,1,2.21,Unfurnished,North,2,0,0,2,79736000.0
P02820,Hyderabad,Hyderabad-Mid-4,Mid,Carpet Area,1905.5,3,3,2,9,9.75,Unfurnished,North-East,0,1,2,2,10361000.0
P02821,Hyderabad,Hyderabad-Premium-7,Premium,Plot Area,1209.5,2,2,2,18,5.78,Fully Furnished,East,0,1,1,1,9952000.0
P02822,Delhi,Delhi-Emerging-7,Emerging,Built-up Area,1949.4,4,4,0,0,13.7,Unfurnished,North,2,1,2,3,14355000.0
P02823,Delhi,Delhi-Mid-2,Mid,Built-up Area,2670.3,4,5,4,18,13.64,Semi-Furnished,East,1,0,0,2,24558000.0
P02824,Delhi,Delhi-Mid-7,Mid,Super built-up Area,1819.0,3,3,1,4,14.76,Semi-Furnished,East,2,0,1,1,17855000.0
P02825,Bengaluru,Bengaluru-Mid-7,Mid,Super built-up Area,1100.1,2,3,1,20,6.43,Unfurnished,North,2,1,5,3,5378000.0
P02826,Mumbai,Mumbai-Emerging-5,Emerging,Plot Area,1208.3,2,1,0,5,24.85,Semi-Furnished,West,1,1,5,2,9376000.0
P02827,Chennai,Chennai-Emerging-8,Emerging,Super built-up Area,1502.3,4,3,4,14,20.18,Semi-Furnished,South,2,0,1,0,4427000.0
P02828,Hyderabad,Hyderabad-Mid-4,Mid,Carpet Area,973.1,2,2,2,19,14.56,Unfurnished,West,0,1,4,3,4616000.0
P02829,Delhi,Delhi-Mid-1,Mid,Built-up Area,1863.0,3,2,1,23,14.62,Semi-Furnished,West,1,1,3,1,12001000.0
P02830,Pune,Pune-Premium-3,Premium,Carpet Area,2226.1,4,4,0,14,5.68,Semi-Furnished,North-East,1,0,1,0,16517000.0
P02831,Chennai,Chennai-Mid-8,Mid,Super built-up Area,1201.7,2,1,1,3,13.45,Fully Furnished,South-East,2,0,1,0,5545000.0
P02832,Hyderabad,Hyderabad-Premium-8,Premium,Plot Area,1212.0,2,2,0,17,2.81,Fully Furnished,West,2,1,0,2,10192000.0
P02833,Pune,Pune-Premium-7,Premium,Plot Area,1628.0,3,4,0,17,3.73,Unfurnished,North,0,0,4,1,11407000.0
P02834,Bengaluru,Bengaluru-Mid-7,Mid,Plot Area,560.2,1,1,0,5,10.92,Unfurnished,South,0,1,4,0,3771000.0
P02835,Pune,Pune-Mid-5,Mid,Carpet Area,2431.6,4,4,0,13,6.5,Unfurnished,East,0,1,4,0,12241000.0
P02836,Pune,Pune-Mid-7,Mid,Built-up Area,2421.5,4,3,4,8,6.78,Unfurnished,South-East,2,0,0,1,15027000.0
P02837,Mumbai,Mumbai-Mid-4,Mid,Super built-up Area,627.0,1,1,0,15,11.47,Fully Furnished,North-East,2,1,3,0,9622000.0
P02838,Bengaluru,Bengaluru-Mid-6,Mid,Carpet Area,1662.1,3,4,1,18,6.37,Unfurnished,North,2,0,5,2,9908000.0
P02839,Delhi,Delhi-Emerging-6,Emerging,Plot Area,1164.3,2,2,2,3,24.25,Fully Furnished,South-East,1,1,0,2,5892000.0
P02840,Hyderabad,Hyderabad-Mid-2,Mid,Carpet Area,1038.9,2,3,1,14,13.35,Fully Furnished,North-East,2,0,1,2,5412000.0
P02841,Bengaluru,Bengaluru-Emerging-6,Emerging,Built-up Area,1367.5,4,5,3,3,15.2,Semi-Furnished,South,0,1,5,3,3935000.0
P02842,Pune,Pune-Premium-1,Premium,Super built-up Area,1172.7,2,2,0,22,0.9,Unfurnished,West,1,1,2,3,11085000.0
P02843,Mumbai,Mumbai-Emerging-6,Emerging,Super built-up Area,2733.0,5,6,4,14,19.02,Unfurnished,West,1,1,4,0,21744000.0
P02844,Hyderabad,Hyderabad-Premium-4,Premium,Built-up Area,2506.9,5,5,5,5,2.52,Semi-Furnished,North-East,0,1,3,3,27141000.0
P02845,Bengaluru,Bengaluru-Mid-5,Mid,Super built-up Area,1592.8,3,3,3,5,7.02,Fully Furnished,South-East,0,1,5,3,9667000.0
P02846,Bengaluru,Bengaluru-Emerging-2,Emerging,Built-up Area,2323.6,5,4,3,9,13.93,Fully Furnished,North,1,1,2,2,6787000.0
P02847,Chennai,Chennai-Premium-5,Premium,Carpet Area,1088.1,2,3,0,19,3.65,Semi-Furnished,South,1,1,1,3,8341000.0
P02848,Delhi,Delhi-Premium-4,Premium,Plot Area,1237.4,2,1,0,19,4.47,Semi-Furnished,North-East,2,1,3,0,15803000.0
P02849,Chennai,Chennai-Mid-3,Mid,Built-up Area,962.2,2,2,0,21,5.86,Fully Furnished,South,0,1,0,2,4157000.0
P02850,Chennai,Chennai-Mid-3,Mid,Plot Area,1416.3,3,4,1,3,9.25,Semi-Furnished,North,2,1,3,1,8744000.0
P02851,Mumbai,Mumbai-Mid-7,Mid,Plot Area,863.6,2,2,0,19,9.68,Unfurnished,East,1,1,2,2,13059000.0
P02852,Chennai,Chennai-Premium-1,Premium,Built-up Area,1916.0,3,3,1,10,0.85,Unfurnished,North-East,1,1,1,0,19642000.0
P02853,Chennai,Chennai-Premium-8,Premium,Carpet Area,2587.4,4,4,1,19,5.0,Unfurnished,East,0,1,3,2,18045000.0
P02854,Mumbai,Mumbai-Mid-7,Mid,Carpet Area,1114.4,3,4,1,18,8.1,Semi-Furnished,East,1,1,4,1,19045000.0
P02855,Delhi,Delhi-Emerging-1,Emerging,Carpet Area,1381.6,2,2,1,20,14.19,Fully Furnished,North,2,0,2,2,5893000.0
P02856,Chennai,Chennai-Mid-2,Mid,Built-up Area,1568.2,3,3,3,1,11.8,Unfurnished,North,1,1,4,1,8635000.0
P02857,Chennai,Chennai-Premium-2,Premium,Carpet Area,2028.4,3,3,0,21,2.07,Semi-Furnished,South-East,2,0,0,1,12967000.0
P02858,Hyderabad,Hyderabad-Mid-5,Mid,Super built-up Area,1856.3,3,3,3,14,8.12,Semi-Furnished,South-East,1,1,0,3,8549000.0
P02859,Hyderabad,Hyderabad-Emerging-2,Emerging,Built-up Area,1565.2,3,3,3,7,12.8,Unfurnished,West,1,1,5,2,4433000.0
P02860,Pune,Pune-Mid-6,Mid,Built-up Area,1601.6,3,3,0,9,6.46,Unfurnished,South,0,1,0,3,9036000.0
P02861,Chennai,Chennai-Emerging-3,Emerging,Plot Area,1321.5,2,1,0,3,15.21,Unfurnished,East,2,1,5,3,4825000.0
P02862,Delhi,Delhi-Mid-3,Mid,Carpet Area,612.3,1,2,1,6,5.3,Semi-Furnished,North-East,1,0,4,3,7577000.0
P02863,Chennai,Chennai-Emerging-4,Emerging,Built-up Area,2818.9,5,6,4,19,25.23,Unfurnished,North,0,1,1,3,6929000.0
P02864,Bengaluru,Bengaluru-Premium-7,Premium,Carpet Area,556.6,1,2,1,3,1.25,Fully Furnished,North-East,2,1,0,3,6847000.0
P02865,Chennai,Chennai-Emerging-3,Emerging,Super built-up Area,1274.1,3,3,3,20,24.35,Semi-Furnished,North,1,0,1,0,3428000.0
P02866,Delhi,Delhi-Emerging-8,Emerging,Carpet Area,1544.1,3,4,0,17,13.12,Semi-Furnished,South-East,1,1,0,0,7479000.0
P02867,Chennai,Chennai-Mid-3,Mid,Carpet Area,2055.5,3,4,1,4,9.5,Unfurnished,West,0,0,0,2,10251000.0
P02868,Pune,Pune-Emerging-1,Emerging,Carpet Area,414.6,1,1,0,12,16.06,Semi-Furnished,East,2,1,4,0,1094000.0
P02869,Hyderabad,Hyderabad-Emerging-6,Emerging,Built-up Area,595.8,1,1,1,11,23.76,Semi-Furnished,North-East,0,1,2,2,1351000.0
P02870,Mumbai,Mumbai-Emerging-3,Emerging,Plot Area,2833.0,5,6,5,9,24.37,Unfurnished,West,0,1,5,0,17420000.0
P02871,Chennai,Chennai-Mid-1,Mid,Built-up Area,503.1,1,1,1,19,10.63,Unfurnished,West,1,1,2,3,1658000.0
P02872,Hyderabad,Hyderabad-Mid-2,Mid,Super built-up Area,1122.9,2,1,0,14,5.74,Fully Furnished,North-East,2,1,4,3,5543000.0
P02873,Bengaluru,Bengaluru-Mid-7,Mid,Super built-up Area,1404.9,2,3,1,22,10.92,Fully Furnished,East,0,1,4,1,6911000.0
P02874,Delhi,Delhi-Premium-6,Premium,Built-up Area,1526.6,3,2,0,24,2.68,Semi-Furnished,South-East,2,1,0,0,16464000.0
P02875,Pune,Pune-Premium-4,Premium,Carpet Area,1363.3,3,4,1,2,3.5,Unfurnished,East,2,0,5,1,12402000.0
P02876,Chennai,Chennai-Mid-4,Mid,Plot Area,1298.6,2,2,0,22,8.11,Semi-Furnished,South,2,0,1,2,4285000.0
P02877,Pune,Pune-Mid-7,Mid,Carpet Area,1457.6,3,2,1,6,11.09,Unfurnished,South,2,1,0,2,9696000.0
P02878,Chennai,Chennai-Emerging-1,Emerging,Carpet Area,548.2,1,1,0,12,18.18,Unfurnished,South-East,0,1,1,2,1248000.0
P02879,Pune,Pune-Emerging-2,Emerging,Plot Area,1506.5,3,3,2,18,18.7,Semi-Furnished,North,0,0,0,1,4485000.0
P02880,Delhi,Delhi-Mid-5,Mid,Plot Area,613.2,1,2,1,5,6.88,Semi-Furnished,South,1,0,1,1,5994000.0
P02881,Mumbai,Mumbai-Emerging-4,Emerging,Built-up Area,1777.8,3,3,0,0,23.72,Unfurnished,North,1,1,5,3,17687000.0
P02882,Delhi,Delhi-Premium-6,Premium,Carpet Area,2240.4,3,3,1,21,1.18,Semi-Furnished,West,2,1,1,0,26889000.0
P02883,Mumbai,Mumbai-Mid-1,Mid,Built-up Area,1381.1,3,3,3,2,13.27,Semi-Furnished,South-East,2,1,1,2,18706000.0
P02884,Hyderabad,Hyderabad-Emerging-5,Emerging,Carpet Area,482.0,1,2,1,22,22.59,Semi-Furnished,West,0,0,4,2,1110000.0
P02885,Pune,Pune-Mid-3,Mid,Super built-up Area,514.5,1,1,1,7,12.18,Semi-Furnished,East,1,1,4,0,3556000.0
P02886,Mumbai,Mumbai-Mid-1,Mid,Built-up Area,2900.2,4,3,3,6,5.01,Unfurnished,North-East,2,0,4,0,48541000.0
P02887,Chennai,Chennai-Mid-2,Mid,Carpet Area,3141.4,5,4,2,19,8.65,Semi-Furnished,South,2,1,4,3,12938000.0
P02888,Bengaluru,Bengaluru-Mid-3,Mid,Carpet Area,1530.0,3,2,3,6,12.6,Unfurnished,South-East,1,1,2,3,10407000.0
P02889,Pune,Pune-Emerging-1,Emerging,Plot Area,1589.5,3,3,0,22,19.23,Semi-Furnished,East,1,0,4,3,4748000.0
P02890,Mumbai,Mumbai-Mid-6,Mid,Carpet Area,2322.8,5,5,0,2,7.18,Unfurnished,North,0,1,4,1,45266000.0
P02891,Mumbai,Mumbai-Premium-5,Premium,Built-up Area,723.3,2,1,1,19,5.94,Semi-Furnished,North-East,0,1,4,3,18467000.0
P02892,Chennai,Chennai-Premium-8,Premium,Super built-up Area,985.8,2,2,2,4,4.24,Unfurnished,East,0,1,2,0,7632000.0
P02893,Hyderabad,Hyderabad-Premium-5,Premium,Plot Area,1166.3,2,1,0,8,1.18,Fully Furnished,East,0,0,5,2,11555000.0
P02894,Chennai,Chennai-Emerging-3,Emerging,Super built-up Area,1095.2,2,1,0,22,25.89,Unfurnished,North,1,1,0,1,2057000.0
P02895,Bengaluru,Bengaluru-Premium-8,Premium,Plot Area,1413.0,3,2,1,17,3.64,Unfurnished,South-East,2,1,3,2,10669000.0
P02896,Bengaluru,Bengaluru-Mid-3,Mid,Built-up Area,2763.5,4,3,3,14,5.63,Unfurnished,West,2,0,4,2,18455000.0
P02897,Mumbai,Mumbai-Premium-4,Premium,Built-up Area,1027.6,2,2,0,5,3.6,Semi-Furnished,South-East,1,1,1,1,29289000.0
P02898,Delhi,Delhi-Emerging-5,Emerging,Built-up Area,1589.9,3,2,3,6,15.73,Semi-Furnished,North-East,2,1,2,3,7493000.0
P02899,Bengaluru,Bengaluru-Mid-5,Mid,Super built-up Area,505.0,1,1,0,2,8.47,Semi-Furnished,East,2,1,5,2,2944000.0
P02900,Pune,Pune-Mid-6,Mid,Built-up Area,1158.4,2,2,1,13,10.49,Unfurnished,North-East,1,1,1,3,7262000.0
P02901,Bengaluru,Bengaluru-Mid-7,Mid,Built-up Area,2116.3,4,4,0,9,9.14,Unfurnished,North,2,1,0,2,11823000.0
P02902,Chennai,Chennai-Mid-7,Mid,Carpet Area,471.0,1,2,0,9,7.05,Semi-Furnished,North-East,1,0,4,3,2535000.0
P02903,Mumbai,Mumbai-Premium-8,Premium,Plot Area,2068.3,4,4,0,12,1.31,Semi-Furnished,North,0,1,1,2,61696000.0
P02904,Pune,Pune-Mid-7,Mid,Built-up Area,611.9,1,2,1,7,5.22,Semi-Furnished,East,0,1,1,2,3546000.0
P02905,Hyderabad,Hyderabad-Premium-2,Premium,Plot Area,1013.6,2,2,2,8,4.55,Semi-Furnished,South,1,1,2,3,10696000.0
P02906,Pune,Pune-Emerging-1,Emerging,Super built-up Area,1465.1,3,3,3,13,23.78,Unfurnished,North,0,1,3,2,3596000.0
P02907,Hyderabad,Hyderabad-Emerging-5,Emerging,Super built-up Area,1852.4,3,3,3,9,14.97,Fully Furnished,South,1,0,2,1,6125000.0
P02908,Chennai,Chennai-Premium-8,Premium,Built-up Area,1189.6,2,3,2,17,4.98,Semi-Furnished,East,1,1,4,2,8768000.0
P02909,Pune,Pune-Premium-6,Premium,Plot Area,947.8,3,3,2,8,4.35,Fully Furnished,South,1,1,5,2,9746000.0
P02910,Chennai,Chennai-Emerging-2,Emerging,Super built-up Area,1162.4,2,3,0,7,12.38,Semi-Furnished,North-East,1,0,5,3,4275000.0
P02911,Pune,Pune-Mid-8,Mid,Carpet Area,1345.3,3,2,0,17,5.29,Unfurnished,East,2,1,4,1,7552000.0
P02912,Delhi,Delhi-Mid-3,Mid,Super built-up Area,1853.5,3,3,2,9,9.03,Unfurnished,South-East,2,0,4,3,21528000.0
P02913,Mumbai,Mumbai-Emerging-7,Emerging,Plot Area,494.1,1,1,1,7,17.79,Unfurnished,South,1,1,2,3,3564000.0
P02914,Bengaluru,Bengaluru-Emerging-3,Emerging,Plot Area,740.3,2,2,2,17,13.82,Semi-Furnished,West,1,1,0,3,2164000.0
P02915,Delhi,Delhi-Mid-5,Mid,Carpet Area,1387.6,3,4,0,7,8.67,Unfurnished,South-East,2,1,2,3,14728000.0
P02916,Pune,Pune-Emerging-1,Emerging,Carpet Area,3084.7,5,4,2,8,24.14,Fully Furnished,North-East,2,1,5,2,6773000.0
P02917,Bengaluru,Bengaluru-Mid-6,Mid,Built-up Area,1825.0,3,4,3,18,5.57,Fully Furnished,North,1,1,1,0,12316000.0
P02918,Bengaluru,Bengaluru-Mid-1,Mid,Carpet Area,1913.4,3,2,3,18,6.19,Semi-Furnished,South-East,1,1,5,0,12648000.0
P02919,Hyderabad,Hyderabad-Mid-5,Mid,Plot Area,588.3,1,2,1,15,7.24,Semi-Furnished,South,0,1,0,3,3358000.0
P02920,Mumbai,Mumbai-Mid-8,Mid,Super built-up Area,796.7,2,2,2,0,6.42,Fully Furnished,North-East,1,1,1,0,13102000.0
P02921,Chennai,Chennai-Mid-3,Mid,Carpet Area,2059.8,3,4,2,23,10.53,Fully Furnished,North-East,0,1,5,2,8749000.0
P02922,Bengaluru,Bengaluru-Mid-5,Mid,Super built-up Area,1670.7,3,4,3,17,5.36,Semi-Furnished,South-East,0,1,2,2,10891000.0
P02923,Bengaluru,Bengaluru-Mid-7,Mid,Plot Area,1222.2,2,2,1,8,13.94,Semi-Furnished,South,1,1,0,3,5800000.0
P02924,Pune,Pune-Mid-6,Mid,Built-up Area,984.9,3,4,1,17,9.75,Unfurnished,South-East,2,1,5,3,5759000.0
P02925,Chennai,Chennai-Mid-6,Mid,Plot Area,1063.9,2,3,0,24,6.83,Unfurnished,North,1,1,2,0,4915000.0
P02926,Bengaluru,Bengaluru-Emerging-4,Emerging,Super built-up Area,1959.2,3,3,0,6,27.56,Unfurnished,North,2,1,3,3,5219000.0
P02927,Hyderabad,Hyderabad-Emerging-4,Emerging,Super built-up Area,2691.9,4,4,4,24,21.03,Semi-Furnished,East,2,1,4,3,6079000.0
P02928,Bengaluru,Bengaluru-Mid-1,Mid,Carpet Area,1036.7,2,3,0,5,13.37,Unfurnished,North,0,0,2,1,4992000.0
P02929,Pune,Pune-Premium-6,Premium,Super built-up Area,725.3,1,1,1,3,3.74,Semi-Furnished,South,0,1,5,2,8227000.0
P02930,Pune,Pune-Premium-7,Premium,Super built-up Area,1125.7,2,1,0,6,0.48,Fully Furnished,West,2,1,5,0,9704000.0
P02931,Mumbai,Mumbai-Emerging-3,Emerging,Built-up Area,1782.5,4,5,1,10,12.05,Semi-Furnished,South,2,1,3,3,20712000.0
P02932,Pune,Pune-Mid-3,Mid,Carpet Area,1395.7,2,1,2,17,5.48,Unfurnished,East,2,1,0,2,7737000.0
P02933,Mumbai,Mumbai-Emerging-5,Emerging,Plot Area,982.6,2,1,1,14,21.48,Semi-Furnished,North-East,0,0,4,3,6034000.0
P02934,Pune,Pune-Mid-2,Mid,Plot Area,875.2,2,1,0,22,5.03,Unfurnished,North-East,0,0,2,1,3754000.0
P02935,Chennai,Chennai-Premium-7,Premium,Plot Area,2280.9,4,5,4,18,3.8,Unfurnished,South-East,2,0,3,2,19337000.0
P02936,Hyderabad,Hyderabad-Emerging-7,Emerging,Super built-up Area,1086.3,2,1,1,19,27.34,Semi-Furnished,South-East,0,1,4,2,3028000.0
P02937,Hyderabad,Hyderabad-Premium-5,Premium,Carpet Area,2091.4,4,3,2,3,1.88,Fully Furnished,West,0,0,5,3,16887000.0
P02938,Pune,Pune-Emerging-1,Emerging,Carpet Area,991.9,2,1,2,7,12.57,Unfurnished,South,2,0,1,2,4252000.0
P02939,Pune,Pune-Premium-8,Premium,Built-up Area,1294.3,3,4,1,20,4.2,Unfurnished,East,1,1,4,2,8784000.0
P02940,Pune,Pune-Mid-8,Mid,Super built-up Area,2698.7,5,5,5,0,7.81,Fully Furnished,South,1,1,3,1,17646000.0
P02941,Hyderabad,Hyderabad-Emerging-3,Emerging,Plot Area,638.9,1,1,0,10,17.67,Unfurnished,North,1,0,1,0,2046000.0
P02942,Hyderabad,Hyderabad-Mid-5,Mid,Plot Area,1820.4,4,4,2,19,5.06,Fully Furnished,North,2,1,3,2,9520000.0
P02943,Mumbai,Mumbai-Emerging-5,Emerging,Built-up Area,950.6,2,1,2,11,22.1,Unfurnished,South,2,1,0,3,6820000.0
P02944,Hyderabad,Hyderabad-Emerging-7,Emerging,Super built-up Area,2469.4,4,5,2,22,12.79,Unfurnished,East,2,1,0,3,5737000.0
P02945,Bengaluru,Bengaluru-Emerging-7,Emerging,Built-up Area,2038.4,3,3,1,11,16.55,Fully Furnished,East,0,0,5,0,5748000.0
P02946,Mumbai,Mumbai-Mid-6,Mid,Built-up Area,2665.5,5,5,5,10,14.27,Unfurnished,West,2,0,5,2,32934000.0
P02947,Chennai,Chennai-Mid-1,Mid,Plot Area,1915.7,3,3,1,24,11.31,Fully Furnished,East,2,0,4,2,6801000.0
P02948,Bengaluru,Bengaluru-Mid-8,Mid,Carpet Area,847.4,2,1,1,14,11.33,Semi-Furnished,North,2,0,0,0,4315000.0
P02949,Delhi,Delhi-Premium-7,Premium,Plot Area,2297.6,4,5,4,1,2.03,Unfurnished,East,0,1,1,3,41543000.0
P02950,Pune,Pune-Emerging-6,Emerging,Built-up Area,1350.7,3,2,1,6,27.96,Fully Furnished,North,2,1,3,2,5013000.0
P02951,Chennai,Chennai-Premium-7,Premium,Plot Area,1931.8,4,3,1,10,1.4,Unfurnished,West,2,1,3,0,16690000.0
P02952,Mumbai,Mumbai-Mid-1,Mid,Super built-up Area,1069.6,2,3,0,12,8.91,Semi-Furnished,East,2,1,4,1,18903000.0
P02953,Hyderabad,Hyderabad-Emerging-7,Emerging,Plot Area,1006.3,2,3,1,24,20.79,Semi-Furnished,South-East,2,1,5,2,2805000.0
P02954,Delhi,Delhi-Mid-1,Mid,Plot Area,1443.9,3,2,1,13,8.03,Unfurnished,West,2,0,2,1,13599000.0
P02955,Hyderabad,Hyderabad-Premium-2,Premium,Built-up Area,611.8,1,2,1,10,3.53,Semi-Furnished,North,2,1,0,0,5600000.0
P02956,Delhi,Delhi-Emerging-5,Emerging,Carpet Area,3202.2,5,5,4,11,12.7,Semi-Furnished,East,0,1,4,1,20631000.0
P02957,Delhi,Delhi-Emerging-7,Emerging,Super built-up Area,2454.3,4,4,4,17,15.83,Unfurnished,North-East,2,1,0,2,14077000.0
P02958,Hyderabad,Hyderabad-Premium-8,Premium,Built-up Area,561.9,1,2,0,19,3.01,Unfurnished,North-East,0,1,3,0,5104000.0
P02959,Chennai,Chennai-Emerging-2,Emerging,Plot Area,2370.4,4,5,2,4,26.09,Unfurnished,South,2,1,0,2,6132000.0
P02960,Mumbai,Mumbai-Mid-2,Mid,Super built-up Area,1133.4,2,2,0,16,8.16,Unfurnished,South-East,2,1,3,0,15371000.0
P02961,Delhi,Delhi-Premium-7,Premium,Built-up Area,2088.7,4,5,4,10,5.13,Unfurnished,South-East,1,0,4,0,33505000.0
P02962,Chennai,Chennai-Mid-4,Mid,Plot Area,1918.6,3,4,2,18,14.46,Unfurnished,East,1,1,2,0,8165000.0
P02963,Hyderabad,Hyderabad-Premium-5,Premium,Super built-up Area,588.1,1,1,1,23,2.06,Fully Furnished,North-East,1,1,2,0,3935000.0
P02964,Hyderabad,Hyderabad-Mid-6,Mid,Carpet Area,1416.1,3,2,3,16,10.83,Unfurnished,South-East,1,1,4,3,5724000.0
P02965,Delhi,Delhi-Mid-4,Mid,Built-up Area,1896.4,4,5,4,16,10.8,Semi-Furnished,South,1,1,4,3,14894000.0
P02966,Chennai,Chennai-Emerging-5,Emerging,Super built-up Area,638.3,1,1,1,24,23.36,Unfurnished,West,0,1,1,2,1170000.0
P02967,Pune,Pune-Mid-6,Mid,Carpet Area,1455.0,3,3,3,2,13.24,Fully Furnished,South-East,2,1,4,1,9656000.0
P02968,Hyderabad,Hyderabad-Mid-5,Mid,Plot Area,2948.5,5,5,0,0,12.4,Fully Furnished,North,1,1,2,0,18624000.0
P02969,Bengaluru,Bengaluru-Mid-4,Mid,Built-up Area,1860.4,3,4,1,19,11.88,Unfurnished,East,0,0,1,1,9174000.0
P02970,Delhi,Delhi-Premium-6,Premium,Carpet Area,1190.4,2,3,2,5,3.0,Semi-Furnished,South-East,2,1,4,1,20469000.0
P02971,Bengaluru,Bengaluru-Emerging-3,Emerging,Plot Area,2975.9,5,6,5,5,22.74,Semi-Furnished,South,2,1,3,1,11934000.0
P02972,Chennai,Chennai-Emerging-3,Emerging,Super built-up Area,1337.4,2,3,1,3,19.18,Unfurnished,West,1,0,1,2,3835000.0
P02973,Mumbai,Mumbai-Emerging-7,Emerging,Super built-up Area,1611.0,3,4,0,15,20.93,Fully Furnished,West,1,1,3,0,13719000.0
P02974,Pune,Pune-Mid-7,Mid,Plot Area,1289.0,3,2,1,16,6.4,Unfurnished,North,2,1,5,1,6697000.0
P02975,Pune,Pune-Mid-4,Mid,Super built-up Area,1327.8,2,3,0,3,14.25,Unfurnished,West,1,1,4,0,7235000.0
P02976,Mumbai,Mumbai-Emerging-7,Emerging,Plot Area,1084.3,2,1,2,7,14.65,Unfurnished,North-East,2,1,0,1,10447000.0
P02977,Pune,Pune-Mid-6,Mid,Super built-up Area,439.8,1,2,1,21,5.37,Semi-Furnished,North,2,1,1,3,2706000.0
P02978,Hyderabad,Hyderabad-Emerging-6,Emerging,Built-up Area,1624.4,3,2,0,0,26.35,Unfurnished,East,1,1,3,2,5314000.0
P02979,Mumbai,Mumbai-Premium-6,Premium,Carpet Area,1579.7,3,3,1,17,0.68,Unfurnished,South,2,1,0,2,36785000.0
P02980,Hyderabad,Hyderabad-Premium-3,Premium,Carpet Area,933.1,2,3,2,14,4.43,Unfurnished,South,2,1,3,2,7894000.0
P02981,Mumbai,Mumbai-Mid-1,Mid,Super built-up Area,784.7,2,2,0,16,13.95,Fully Furnished,South-East,1,0,5,2,9154000.0
P02982,Hyderabad,Hyderabad-Premium-5,Premium,Built-up Area,2363.8,5,4,0,18,0.96,Fully Furnished,North,1,1,3,2,18383000.0
P02983,Hyderabad,Hyderabad-Emerging-8,Emerging,Carpet Area,2264.8,4,5,0,21,22.42,Unfurnished,North-East,0,0,0,1,5865000.0
P02984,Pune,Pune-Mid-2,Mid,Carpet Area,1241.3,2,3,1,10,7.77,Fully Furnished,North,2,1,4,2,8564000.0
P02985,Delhi,Delhi-Mid-1,Mid,Plot Area,523.4,1,2,1,4,9.6,Unfurnished,South-East,0,0,5,0,5625000.0
P02986,Hyderabad,Hyderabad-Mid-6,Mid,Carpet Area,1980.8,3,2,2,12,9.81,Unfurnished,West,2,1,1,0,12563000.0
P02987,Mumbai,Mumbai-Emerging-2,Emerging,Built-up Area,1540.6,3,2,1,2,27.58,Unfurnished,East,0,1,1,2,13276000.0
P02988,Chennai,Chennai-Mid-5,Mid,Carpet Area,609.2,1,1,1,2,11.03,Unfurnished,North,0,1,0,0,3880000.0
P02989,Delhi,Delhi-Emerging-6,Emerging,Built-up Area,673.4,1,1,0,18,15.34,Semi-Furnished,South-East,2,1,3,3,4064000.0
P02990,Mumbai,Mumbai-Premium-2,Premium,Carpet Area,1105.1,2,1,1,15,1.06,Unfurnished,West,0,0,3,0,29410000.0
P02991,Pune,Pune-Emerging-3,Emerging,Carpet Area,740.0,2,2,2,9,13.02,Unfurnished,South-East,1,0,2,3,2765000.0
P02992,Mumbai,Mumbai-Premium-5,Premium,Carpet Area,958.3,3,4,3,1,5.71,Unfurnished,West,2,1,2,0,29634000.0
P02993,Delhi,Delhi-Emerging-1,Emerging,Carpet Area,1120.1,2,1,0,17,25.52,Semi-Furnished,North-East,0,1,4,3,3891000.0
P02994,Bengaluru,Bengaluru-Mid-2,Mid,Carpet Area,1506.6,2,2,0,17,13.12,Unfurnished,North-East,1,0,2,2,7666000.0
P02995,Delhi,Delhi-Mid-8,Mid,Carpet Area,3096.3,5,5,2,12,5.51,Semi-Furnished,North,1,1,3,3,30826000.0
P02996,Delhi,Delhi-Emerging-8,Emerging,Carpet Area,532.7,1,1,1,24,24.83,Semi-Furnished,South,1,1,0,3,2106000.0
P02997,Bengaluru,Bengaluru-Emerging-2,Emerging,Plot Area,1603.9,3,4,1,24,27.44,Semi-Furnished,South,1,0,2,1,4780000.0
P02998,Mumbai,Mumbai-Premium-4,Premium,Built-up Area,2364.5,4,3,2,17,0.93,Unfurnished,North,1,0,0,0,46746000.0
P02999,Mumbai,Mumbai-Emerging-5,Emerging,Super built-up Area,2766.2,4,5,3,16,21.59,Unfurnished,East,1,0,4,0,16686000.0
P03000,Mumbai,Mumbai-Emerging-5,Emerging,Built-up Area,1203.9,3,3,0,18,14.91,Unfurnished,North-East,1,1,0,3,10489000.0
